{
	"parent": "item/generated",
	"textures": {
		"layer0": "item/firework_star",
		"layer1": "item/firework_star_overlay"
	},
	"overrides": [
		{ "predicate": { "custom_model_data": 1}, "model": "w3e:spirits/rangespirit/body" },
		{ "predicate": { "custom_model_data": 2}, "model": "w3e:spirits/rangespirit/head" },
		{ "predicate": { "custom_model_data": 3}, "model": "w3e:spirits/rangespirit/head_off" },
		{ "predicate": { "custom_model_data": 4}, "model": "w3e:spirits/rangespirit/handl_on" },
		{ "predicate": { "custom_model_data": 5}, "model": "w3e:spirits/rangespirit/handr_on" },
		{ "predicate": { "custom_model_data": 6}, "model": "w3e:spirits/rangespirit/handl_off" },
		{ "predicate": { "custom_model_data": 7}, "model": "w3e:spirits/rangespirit/handr_off" },
		{ "predicate": { "custom_model_data": 8}, "model": "w3e:spirits/rangespirit/legl" },
		{ "predicate": { "custom_model_data": 9}, "model": "w3e:spirits/rangespirit/legr" },
		{ "predicate": { "custom_model_data": 10}, "model": "w3e:spirits/rangespirit/tail" },
		
		{ "predicate": { "custom_model_data": 50}, "model": "w3e:spirits/effect/rangespiritattack1" },
		
		{ "predicate": { "custom_model_data": 70}, "model": "w3e:spirits/lifespirit/lifespirit_off" },
		{ "predicate": { "custom_model_data": 71}, "model": "w3e:spirits/lifespirit/lifespirit" },
		{ "predicate": { "custom_model_data": 72}, "model": "w3e:spirits/lifespirit/lifespirit_heal" },
		
		{ "predicate": { "custom_model_data": 80}, "model": "w3e:spirits/protectionspirit/protectionspirit_off" },
		{ "predicate": { "custom_model_data": 81}, "model": "w3e:spirits/protectionspirit/protectionspirit" },
		{ "predicate": { "custom_model_data": 82}, "model": "w3e:spirits/protectionspirit/protectionspirit_protect" },
		
		
		
		{ "predicate": { "custom_model_data": 10001}, "model": "w3e:vehicle/hover/on" },
		{ "predicate": { "custom_model_data": 10002}, "model": "w3e:vehicle/hover/off" },
		
		{ "predicate": { "custom_model_data": 10011}, "model": "w3e:vehicle/small_car/small_car" },
		{ "predicate": { "custom_model_data": 10013}, "model": "w3e:vehicle/small_car/small_car_w" },
		
		{ "predicate": { "custom_model_data": 10031}, "model": "w3e:vehicle/heli/on" },
		{ "predicate": { "custom_model_data": 10032}, "model": "w3e:vehicle/heli/off" },
		
		{ "predicate": { "custom_model_data": 10500}, "model": "w3e:vehicle/wheel/smallwheel" },
		{ "predicate": { "custom_model_data": 10501}, "model": "w3e:vehicle/wheel/wheel" },
		{ "predicate": { "custom_model_data": 10502}, "model": "w3e:vehicle/wheel/bigwheel" },
		
		{ "predicate": { "custom_model_data": 11002}, "model": "w3e:vehicle/item/fuelcell" },
		{ "predicate": { "custom_model_data": 11003}, "model": "w3e:vehicle/item/logic_module" },
		{ "predicate": { "custom_model_data": 11004}, "model": "w3e:vehicle/item/hardened_iron" },
		{ "predicate": { "custom_model_data": 11005}, "model": "w3e:vehicle/item/hardened_iron_block" },
		{ "predicate": { "custom_model_data": 11006}, "model": "w3e:vehicle/item/minimotor" },
		{ "predicate": { "custom_model_data": 11007}, "model": "w3e:vehicle/item/engine_block" },
		{ "predicate": { "custom_model_data": 11008}, "model": "w3e:vehicle/item/ignition_chamber" },
		{ "predicate": { "custom_model_data": 11009}, "model": "w3e:vehicle/item/sheetiron_block" },
		{ "predicate": { "custom_model_data": 11010}, "model": "w3e:vehicle/item/hardened_redstone" },
		{ "predicate": { "custom_model_data": 11011}, "model": "w3e:vehicle/item/partbox" },
		{ "predicate": { "custom_model_data": 11012}, "model": "w3e:vehicle/item/flight_module" },
		
		{ "predicate": { "custom_model_data": 12001}, "model": "w3e:vehicle/gui/upper_section_lron_crafting_table" },
		
		{ "predicate": { "custom_model_data": 12011}, "model": "w3e:vehicle/gui/fuelmachine/upper_section" },
		{ "predicate": { "custom_model_data": 12012}, "model": "w3e:vehicle/gui/fuelmachine/pb0" },
		{ "predicate": { "custom_model_data": 12013}, "model": "w3e:vehicle/gui/fuelmachine/pb1" },
		{ "predicate": { "custom_model_data": 12014}, "model": "w3e:vehicle/gui/fuelmachine/pb2" },
		{ "predicate": { "custom_model_data": 12015}, "model": "w3e:vehicle/gui/fuelmachine/pb3" },
		{ "predicate": { "custom_model_data": 12016}, "model": "w3e:vehicle/gui/fuelmachine/pb4" },
		{ "predicate": { "custom_model_data": 12017}, "model": "w3e:vehicle/gui/fuelmachine/fuel1" },
		{ "predicate": { "custom_model_data": 12018}, "model": "w3e:vehicle/gui/fuelmachine/fuel2" },
		{ "predicate": { "custom_model_data": 12019}, "model": "w3e:vehicle/gui/fuelmachine/fuel3" },
		{ "predicate": { "custom_model_data": 12020}, "model": "w3e:vehicle/gui/fuelmachine/fuel4" },
		
		{ "predicate": { "custom_model_data": 12021}, "model": "w3e:vehicle/block/assembly_station/0" },
		{ "predicate": { "custom_model_data": 12022}, "model": "w3e:vehicle/block/assembly_station/1" },
		{ "predicate": { "custom_model_data": 12023}, "model": "w3e:vehicle/block/assembly_station/2" },
		{ "predicate": { "custom_model_data": 12024}, "model": "w3e:vehicle/block/assembly_station/3" },		
		{ "predicate": { "custom_model_data": 12025}, "model": "w3e:vehicle/block/assembly_station/stand" },
		{ "predicate": { "custom_model_data": 12026}, "model": "w3e:vehicle/block/assembly_station/manipulator1" },
		{ "predicate": { "custom_model_data": 12027}, "model": "w3e:vehicle/block/assembly_station/manipulator2" },
		
		

		{ "predicate": { "custom_model_data": 12050}, "model": "w3e:vehicle/stage/stage1" },


		{ "predicate": { "custom_model_data": 13517}, "model": "w3e:vehicle/gui/vehicle_gui" },
		{ "predicate": { "custom_model_data": 13518}, "model": "w3e:vehicle/gui/vehicle_gui_on" },
		{ "predicate": { "custom_model_data": 13519}, "model": "w3e:vehicle/gui/vehicle_gui_s" },
		{ "predicate": { "custom_model_data": 13521}, "model": "w3e:vehicle/gui/customization_button" },
		{ "predicate": { "custom_model_data": 13522}, "model": "w3e:vehicle/gui/vehicles_button" },
		{ "predicate": { "custom_model_data": 13523}, "model": "w3e:vehicle/gui/button_up" },
		{ "predicate": { "custom_model_data": 13524}, "model": "w3e:vehicle/gui/button_down" },
		{ "predicate": { "custom_model_data": 13525}, "model": "w3e:vehicle/gui/button_left" },
		{ "predicate": { "custom_model_data": 13526}, "model": "w3e:vehicle/gui/button_right" },
		{ "predicate": { "custom_model_data": 13527}, "model": "w3e:vehicle/gui/items_button" },
		{ "predicate": { "custom_model_data": 13528}, "model": "w3e:vehicle/gui/items_button_on" },
		{ "predicate": { "custom_model_data": 13529}, "model": "w3e:vehicle/gui/parts_button" },
		{ "predicate": { "custom_model_data": 13530}, "model": "w3e:vehicle/gui/parts_button_on" },
		{ "predicate": { "custom_model_data": 13531}, "model": "w3e:vehicle/gui/machinery_button" },
		{ "predicate": { "custom_model_data": 13532}, "model": "w3e:vehicle/gui/machinery_button_on" },
		

		{ "predicate": { "custom_model_data": 999002}, "model": "w3e:core/block/bfmk2/off" },
		{ "predicate": { "custom_model_data": 999003}, "model": "w3e:core/block/bfmk2/on" },
		
		{ "predicate": { "custom_model_data": 999999}, "model": "item/air" }
	]
}
