{
    "parent": "item/generated",
    "textures": {
        "layer0": "item/spawn_egg",
        "layer1": "item/spawn_egg_overlay"
    },
	"overrides": [
		
		
		{ "predicate": { "custom_model_data": 10001}, "model": "w3e:vehicle/block/iron_crafting_table" },
		{ "predicate": { "custom_model_data": 10002}, "model": "w3e:vehicle/block/fuelmachine" },
		{ "predicate": { "custom_model_data": 10003}, "model": "w3e:vehicle/block/assembly_station/0" },
		
		{ "predicate": { "custom_model_data": 10004}, "model": "w3e:vehicle/block/iron_barrel" },
		
		{ "predicate": { "custom_model_data": 10005}, "model": "w3e:vehicle/block/tube1" },
		
		
		{ "predicate": { "custom_model_data": 999000}, "model": "w3e:core/block/box" },
		{ "predicate": { "custom_model_data": 999001}, "model": "w3e:core/block/bfmk2/off" }
	]
}