{
	"parent": "item/handheld_rod",
	"textures": {
		"layer0": "item/warped_fungus_on_a_stick"
	},
	"overrides": [
		{ "predicate": { "custom_model_data": 1}, "model": "w3e:spirits/item/lightingspiritstaff" },
		{ "predicate": { "custom_model_data": 2}, "model": "w3e:spirits/item/lifespiritstaff" },
		{ "predicate": { "custom_model_data": 3}, "model": "w3e:spirits/item/protectionspiritstaff" },
		{ "predicate": { "custom_model_data": 10}, "model": "w3e:spirits/item/summonermask1" },
		
		{ "predicate": { "custom_model_data": 11001}, "model": "w3e:vehicle/item/canister" },
		
		{ "predicate": { "custom_model_data": 11010}, "model": "w3e:vehicle/item/remote_nc" },
		{ "predicate": { "custom_model_data": 11011}, "model": "w3e:vehicle/item/remote_on" },
		{ "predicate": { "custom_model_data": 11050}, "model": "w3e:vehicle/item/wrench" },
		
		{ "predicate": { "custom_model_data": 999999}, "model": "item/air" }
	]
}
