{
	"credit": "Made with Blockbench",
	"textures": {
		"0": "w3e:vehicle/block/bochkaparts",
		"1": "w3e:vehicle/block/someparts",
		"2": "w3e:vehicle/block/tubepart",
		"particle": "w3e:vehicle/block/tubepart"
	},
	"elements": [
		{
			"from": [12.65714, 7.62201, 3.5],
			"to": [15.65714, 15.87201, 12.5],
			"faces": {
				"north": {"uv": [0, 0, 4, 4], "texture": "#0"},
				"east": {"uv": [0, 0, 4, 4], "texture": "#0"},
				"south": {"uv": [0, 0, 4, 4], "texture": "#0"},
				"west": {"uv": [0, 0, 4, 4], "texture": "#0"},
				"up": {"uv": [0, 0, 4, 1.5], "rotation": 90, "texture": "#0"},
				"down": {"uv": [0, 0, 4, 1.5], "rotation": 270, "texture": "#0"}
			}
		},
		{
			"from": [0.34286, 7.62201, 3.5],
			"to": [3.34286, 15.87201, 12.5],
			"faces": {
				"north": {"uv": [4, 0, 0, 4], "texture": "#0"},
				"east": {"uv": [4, 0, 0, 4], "texture": "#0"},
				"south": {"uv": [4, 0, 0, 4], "texture": "#0"},
				"west": {"uv": [4, 0, 0, 4], "texture": "#0"},
				"up": {"uv": [0, 0, 4, 1.5], "rotation": 90, "texture": "#0"},
				"down": {"uv": [0, 0, 4, 1.5], "rotation": 270, "texture": "#0"}
			}
		},
		{
			"from": [8, 7.62201, 2.20682],
			"to": [12.46487, 15.87201, 5.20682],
			"rotation": {"angle": -45, "axis": "y", "origin": [12.5, 12.12201, 6.70682]},
			"faces": {
				"north": {"uv": [0, 0, 4, 4], "texture": "#0"},
				"east": {"uv": [0, 0, 4, 4], "texture": "#0"},
				"south": {"uv": [0, 0, 4, 4], "texture": "#0"},
				"west": {"uv": [0, 0, 4, 4], "texture": "#0"},
				"up": {"uv": [0, 0, 4, 1.5], "texture": "#0"},
				"down": {"uv": [0, 0, 4, 1.5], "texture": "#0"}
			}
		},
		{
			"from": [3.53513, 7.62201, 10.79318],
			"to": [8, 15.87201, 13.79318],
			"rotation": {"angle": -45, "axis": "y", "origin": [3.5, 12.12201, 9.29318]},
			"faces": {
				"north": {"uv": [0, 0, 4, 4], "texture": "#0"},
				"east": {"uv": [0, 0, 4, 4], "texture": "#0"},
				"south": {"uv": [0, 0, 4, 4], "texture": "#0"},
				"west": {"uv": [0, 0, 4, 4], "texture": "#0"},
				"up": {"uv": [0, 0, 4, 1.5], "rotation": 180, "texture": "#0"},
				"down": {"uv": [0, 0, 4, 1.5], "rotation": 180, "texture": "#0"}
			}
		},
		{
			"from": [5.76757, 7.62201, -0.59639],
			"to": [10.23243, 15.87201, 2.40361],
			"rotation": {"angle": 45, "axis": "y", "origin": [8, 11.74701, 8]},
			"faces": {
				"north": {"uv": [0, 0, 4, 4], "texture": "#0"},
				"east": {"uv": [0, 0, 4, 4], "texture": "#0"},
				"south": {"uv": [0, 0, 4, 4], "texture": "#0"},
				"west": {"uv": [0, 0, 4, 4], "texture": "#0"},
				"up": {"uv": [0, 0, 4, 1.5], "texture": "#0"},
				"down": {"uv": [0, 0, 4, 1.5], "texture": "#0"}
			}
		},
		{
			"from": [5.76757, 15.12201, -0.5964],
			"to": [10.23244, 23.44401, 2.40361],
			"rotation": {"angle": 45, "axis": "y", "origin": [8, 11.74701, 8]},
			"faces": {
				"north": {"uv": [0.75, 0, 5.21487, 8.322], "texture": "#0"},
				"east": {"uv": [0, 0, 4, 4], "texture": "#0"},
				"south": {"uv": [0, 0, 4, 4], "texture": "#0"},
				"west": {"uv": [0, 0, 4, 4], "texture": "#0"},
				"up": {"uv": [2, 0, 6.465, 3], "texture": "#0"},
				"down": {"uv": [0, 0, 4, 1.5], "texture": "#0"}
			}
		},
		{
			"from": [5.76757, 0.55599, -0.5964],
			"to": [10.23244, 8.87799, 2.40361],
			"rotation": {"angle": 45, "axis": "y", "origin": [8, 12.25299, 8]},
			"faces": {
				"north": {"uv": [0.75, 8.322, 5.21487, 0], "texture": "#0"},
				"east": {"uv": [0, 4, 4, 0], "texture": "#0"},
				"south": {"uv": [0, 4, 4, 0], "texture": "#0"},
				"west": {"uv": [0, 4, 4, 0], "texture": "#0"},
				"up": {"uv": [0, 1.5, 4, 0], "texture": "#0"},
				"down": {"uv": [2, 3, 6.465, 0], "texture": "#0"}
			}
		},
		{
			"from": [5.76757, 15.12201, 13.59639],
			"to": [10.23244, 23.44401, 16.5964],
			"rotation": {"angle": -45, "axis": "y", "origin": [8, 11.74701, 8]},
			"faces": {
				"north": {"uv": [4, 0, 0, 4], "texture": "#0"},
				"east": {"uv": [4, 0, 0, 4], "texture": "#0"},
				"south": {"uv": [5.46487, 0, 1, 8.322], "texture": "#0"},
				"west": {"uv": [4, 0, 0, 4], "texture": "#0"},
				"up": {"uv": [1.5, 3, 5.965, 0], "texture": "#0"},
				"down": {"uv": [0, 1.5, 4, 0], "texture": "#0"}
			}
		},
		{
			"from": [5.76757, 0.55599, 13.59639],
			"to": [10.23244, 8.87799, 16.5964],
			"rotation": {"angle": -45, "axis": "y", "origin": [8, 12.25299, 8]},
			"faces": {
				"north": {"uv": [4, 4, 0, 0], "texture": "#0"},
				"east": {"uv": [4, 4, 0, 0], "texture": "#0"},
				"south": {"uv": [5.46487, 8.322, 1, 0], "texture": "#0"},
				"west": {"uv": [4, 4, 0, 0], "texture": "#0"},
				"up": {"uv": [0, 0, 4, 1.5], "texture": "#0"},
				"down": {"uv": [1.5, 0, 5.965, 3], "texture": "#0"}
			}
		},
		{
			"from": [5.76756, 15.12201, -0.5964],
			"to": [10.23243, 23.44401, 2.40361],
			"rotation": {"angle": -45, "axis": "y", "origin": [8, 11.74701, 8]},
			"faces": {
				"north": {"uv": [5.46487, 0, 1, 8.322], "texture": "#0"},
				"east": {"uv": [4, 0, 0, 4], "texture": "#0"},
				"south": {"uv": [4, 0, 0, 4], "texture": "#0"},
				"west": {"uv": [4, 0, 0, 4], "texture": "#0"},
				"up": {"uv": [2, 3, 6.465, 0], "rotation": 180, "texture": "#0"},
				"down": {"uv": [0, 1.5, 4, 0], "rotation": 180, "texture": "#0"}
			}
		},
		{
			"from": [5.76756, 0.55599, -0.5964],
			"to": [10.23243, 8.87799, 2.40361],
			"rotation": {"angle": -45, "axis": "y", "origin": [8, 12.25299, 8]},
			"faces": {
				"north": {"uv": [5.46487, 8.322, 1, 0], "texture": "#0"},
				"east": {"uv": [4, 4, 0, 0], "texture": "#0"},
				"south": {"uv": [4, 4, 0, 0], "texture": "#0"},
				"west": {"uv": [4, 4, 0, 0], "texture": "#0"},
				"up": {"uv": [0, 0, 4, 1.5], "rotation": 180, "texture": "#0"},
				"down": {"uv": [2, 0, 6.465, 3], "rotation": 180, "texture": "#0"}
			}
		},
		{
			"from": [13.59639, 15.12201, 5.76756],
			"to": [16.5964, 23.44401, 10.23243],
			"rotation": {"angle": -45, "axis": "y", "origin": [8, 11.74701, 8]},
			"faces": {
				"north": {"uv": [4, 0, 0, 4], "texture": "#0"},
				"east": {"uv": [5.46487, 0, 1, 8.322], "texture": "#0"},
				"south": {"uv": [4, 0, 0, 4], "texture": "#0"},
				"west": {"uv": [4, 0, 0, 4], "texture": "#0"},
				"up": {"uv": [2, 3, 6.465, 0], "rotation": 270, "texture": "#0"},
				"down": {"uv": [0, 1.5, 4, 0], "rotation": 90, "texture": "#0"}
			}
		},
		{
			"from": [13.59639, 0.55599, 5.76756],
			"to": [16.5964, 8.87799, 10.23243],
			"rotation": {"angle": -45, "axis": "y", "origin": [8, 12.25299, 8]},
			"faces": {
				"north": {"uv": [4, 4, 0, 0], "texture": "#0"},
				"east": {"uv": [5.46487, 8.322, 1, 0], "texture": "#0"},
				"south": {"uv": [4, 4, 0, 0], "texture": "#0"},
				"west": {"uv": [4, 4, 0, 0], "texture": "#0"},
				"up": {"uv": [4, 1.5, 0, 0], "rotation": 90, "texture": "#0"},
				"down": {"uv": [6.465, 3, 2, 0], "rotation": 270, "texture": "#0"}
			}
		},
		{
			"from": [5.76757, 7.62201, 13.59639],
			"to": [10.23243, 15.87201, 16.59639],
			"rotation": {"angle": 45, "axis": "y", "origin": [8, 11.74701, 8]},
			"faces": {
				"north": {"uv": [0, 0, 4, 4], "texture": "#0"},
				"east": {"uv": [0, 0, 4, 4], "texture": "#0"},
				"south": {"uv": [0, 0, 4, 4], "texture": "#0"},
				"west": {"uv": [0, 0, 4, 4], "texture": "#0"},
				"up": {"uv": [0, 0, 4, 1.5], "rotation": 180, "texture": "#0"},
				"down": {"uv": [0, 0, 4, 1.5], "rotation": 180, "texture": "#0"}
			}
		},
		{
			"from": [3.5, 14.49401, 3.5],
			"to": [12.5, 23.49401, 12.5],
			"faces": {
				"north": {"uv": [4, 4, 8, 0], "texture": "#0"},
				"east": {"uv": [4, 4, 8, 0], "texture": "#0"},
				"south": {"uv": [4, 4, 8, 0], "texture": "#0"},
				"west": {"uv": [4, 4, 8, 0], "texture": "#0"},
				"up": {"uv": [8, 8, 16, 0], "texture": "#0"},
				"down": {"uv": [4, 4, 8, 0], "texture": "#0"}
			}
		},
		{
			"from": [3.5, 0.00599, 3.5],
			"to": [12.5, 9.00599, 12.5],
			"faces": {
				"north": {"uv": [4, 0, 8, 4], "texture": "#0"},
				"east": {"uv": [4, 0, 8, 4], "texture": "#0"},
				"south": {"uv": [4, 0, 8, 4], "texture": "#0"},
				"west": {"uv": [4, 0, 8, 4], "texture": "#0"},
				"up": {"uv": [4, 0, 8, 4], "texture": "#0"},
				"down": {"uv": [4, 0, 8, 4], "texture": "#0"}
			}
		},
		{
			"from": [12.5, 15.87201, 3.5],
			"to": [15.65714, 23.49401, 12.5],
			"rotation": {"angle": 0, "axis": "y", "origin": [8, 19.68301, 8]},
			"faces": {
				"north": {"uv": [4, 4, 0, 0], "texture": "#0"},
				"east": {"uv": [8, 7.622, 0, 0], "rotation": 180, "texture": "#0"},
				"south": {"uv": [4, 4, 0, 0], "texture": "#0"},
				"west": {"uv": [4, 4, 0, 0], "texture": "#0"},
				"up": {"uv": [0, 5, 8, 7.157], "rotation": 90, "texture": "#0"},
				"down": {"uv": [0, 0, 4, 4], "rotation": 90, "texture": "#0"}
			}
		},
		{
			"from": [12.5, 0.50599, 3.5],
			"to": [15.65714, 8.12799, 12.5],
			"rotation": {"angle": 0, "axis": "y", "origin": [8, 4.31699, 8]},
			"faces": {
				"north": {"uv": [4, 0, 0, 4], "texture": "#0"},
				"east": {"uv": [8, 0, 0, 7.622], "rotation": 180, "texture": "#0"},
				"south": {"uv": [4, 0, 0, 4], "texture": "#0"},
				"west": {"uv": [4, 0, 0, 4], "texture": "#0"},
				"up": {"uv": [4, 0, 0, 4], "rotation": 90, "texture": "#0"},
				"down": {"uv": [8, 5, 0, 7.157], "rotation": 90, "texture": "#0"}
			}
		},
		{
			"from": [3.5, 15.87201, 0.34286],
			"to": [12.5, 23.49401, 3.5],
			"rotation": {"angle": 0, "axis": "y", "origin": [8, 19.68301, 8]},
			"faces": {
				"north": {"uv": [8, 7.622, 0, 0], "rotation": 180, "texture": "#0"},
				"east": {"uv": [4, 4, 0, 0], "texture": "#0"},
				"south": {"uv": [4, 4, 0, 0], "texture": "#0"},
				"west": {"uv": [4, 4, 0, 0], "texture": "#0"},
				"up": {"uv": [0, 5, 8, 7.157], "texture": "#0"},
				"down": {"uv": [0, 0, 4, 4], "rotation": 180, "texture": "#0"}
			}
		},
		{
			"from": [3.5, 0.50599, 0.34286],
			"to": [12.5, 8.12799, 3.5],
			"rotation": {"angle": 0, "axis": "y", "origin": [8, 4.31699, 8]},
			"faces": {
				"north": {"uv": [8, 0, 0, 7.622], "rotation": 180, "texture": "#0"},
				"east": {"uv": [4, 0, 0, 4], "texture": "#0"},
				"south": {"uv": [4, 0, 0, 4], "texture": "#0"},
				"west": {"uv": [4, 0, 0, 4], "texture": "#0"},
				"up": {"uv": [0, 4, 4, 0], "rotation": 180, "texture": "#0"},
				"down": {"uv": [0, 7.157, 8, 5], "texture": "#0"}
			}
		},
		{
			"from": [0.34286, 15.87201, 3.5],
			"to": [3.5, 23.49401, 12.5],
			"rotation": {"angle": 0, "axis": "y", "origin": [8, 19.68301, 8]},
			"faces": {
				"north": {"uv": [0, 4, 4, 0], "texture": "#0"},
				"east": {"uv": [0, 4, 4, 0], "texture": "#0"},
				"south": {"uv": [0, 4, 4, 0], "texture": "#0"},
				"west": {"uv": [0, 7.622, 8, 0], "rotation": 180, "texture": "#0"},
				"up": {"uv": [0, 7.157, 8, 5], "rotation": 90, "texture": "#0"},
				"down": {"uv": [0, 4, 4, 0], "rotation": 90, "texture": "#0"}
			}
		},
		{
			"from": [0.34286, 0.50599, 3.5],
			"to": [3.5, 8.12799, 12.5],
			"rotation": {"angle": 0, "axis": "y", "origin": [8, 4.31699, 8]},
			"faces": {
				"north": {"uv": [0, 0, 4, 4], "texture": "#0"},
				"east": {"uv": [0, 0, 4, 4], "texture": "#0"},
				"south": {"uv": [0, 0, 4, 4], "texture": "#0"},
				"west": {"uv": [0, 0, 8, 7.622], "rotation": 180, "texture": "#0"},
				"up": {"uv": [4, 4, 0, 0], "rotation": 90, "texture": "#0"},
				"down": {"uv": [8, 7.157, 0, 5], "rotation": 90, "texture": "#0"}
			}
		},
		{
			"from": [3.5, 15.87201, 12.5],
			"to": [12.5, 23.49401, 15.65714],
			"rotation": {"angle": 0, "axis": "y", "origin": [8, 19.68301, 8]},
			"faces": {
				"north": {"uv": [0, 4, 4, 0], "texture": "#0"},
				"east": {"uv": [0, 4, 4, 0], "texture": "#0"},
				"south": {"uv": [0, 7.622, 8, 0], "rotation": 180, "texture": "#0"},
				"west": {"uv": [0, 4, 4, 0], "texture": "#0"},
				"up": {"uv": [0, 7.157, 8, 5], "texture": "#0"},
				"down": {"uv": [0, 4, 4, 0], "rotation": 180, "texture": "#0"}
			}
		},
		{
			"from": [3.5, 0.50599, 12.5],
			"to": [12.5, 8.12799, 15.65714],
			"rotation": {"angle": 0, "axis": "y", "origin": [8, 4.31699, 8]},
			"faces": {
				"north": {"uv": [0, 0, 4, 4], "texture": "#0"},
				"east": {"uv": [0, 0, 4, 4], "texture": "#0"},
				"south": {"uv": [0, 0, 8, 7.622], "rotation": 180, "texture": "#0"},
				"west": {"uv": [0, 0, 4, 4], "texture": "#0"},
				"up": {"uv": [0, 0, 4, 4], "rotation": 180, "texture": "#0"},
				"down": {"uv": [0, 5, 8, 7.157], "texture": "#0"}
			}
		},
		{
			"from": [3.5, 0, 3.5],
			"to": [12.5, 9, 12.5],
			"faces": {
				"north": {"uv": [4, 0, 8, 4], "texture": "#0"},
				"east": {"uv": [4, 0, 8, 4], "texture": "#0"},
				"south": {"uv": [4, 0, 8, 4], "texture": "#0"},
				"west": {"uv": [4, 0, 8, 4], "texture": "#0"},
				"up": {"uv": [4, 0, 8, 4], "texture": "#0"},
				"down": {"uv": [8, 0, 16, 8], "texture": "#0"}
			}
		},
		{
			"from": [3.5, 7.62201, 0.34286],
			"to": [12.5, 15.87201, 3.34286],
			"faces": {
				"north": {"uv": [0, 0, 4, 4], "texture": "#0"},
				"east": {"uv": [0, 0, 4, 4], "texture": "#0"},
				"south": {"uv": [0, 0, 4, 4], "texture": "#0"},
				"west": {"uv": [0, 0, 4, 4], "texture": "#0"},
				"up": {"uv": [0, 0, 4, 1.5], "texture": "#0"},
				"down": {"uv": [0, 0, 4, 1.5], "texture": "#0"}
			}
		},
		{
			"from": [3.5, 7.62201, 12.65714],
			"to": [12.5, 15.87201, 15.65714],
			"faces": {
				"north": {"uv": [4, 0, 0, 4], "texture": "#0"},
				"east": {"uv": [4, 0, 0, 4], "texture": "#0"},
				"south": {"uv": [4, 0, 0, 4], "texture": "#0"},
				"west": {"uv": [4, 0, 0, 4], "texture": "#0"},
				"up": {"uv": [0, 0, 4, 1.5], "texture": "#0"},
				"down": {"uv": [0, 0, 4, 1.5], "texture": "#0"}
			}
		},
		{
			"from": [4.05, 7.82201, -3.65714],
			"to": [11.95, 15.72201, 1.34286],
			"faces": {
				"north": {"uv": [8, 0, 15.9, 7.9], "texture": "#0"},
				"east": {"uv": [0, 0, 5, 7.9], "texture": "#0"},
				"south": {"uv": [0, 0, 4, 4], "texture": "#0"},
				"west": {"uv": [0, 0, 5, 7.9], "texture": "#0"},
				"up": {"uv": [0, 0, 5, 7.9], "rotation": 90, "texture": "#0"},
				"down": {"uv": [0, 0, 7.9, 5], "rotation": 180, "texture": "#0"}
			}
		},
		{
			"from": [-1.22521, 7.37201, 13.74278],
			"to": [2.23965, 16.12201, 17.24278],
			"rotation": {"angle": -45, "axis": "y", "origin": [0.50722, 11.74701, 15.49278]},
			"faces": {
				"north": {"uv": [0, 0, 1.965, 8], "texture": "#1"},
				"east": {"uv": [0, 0, 1.965, 8], "texture": "#1"},
				"south": {"uv": [0, 0, 1.965, 8], "texture": "#1"},
				"west": {"uv": [0, 0, 1.965, 8], "texture": "#1"},
				"up": {"uv": [14, 0, 16, 2], "texture": "#1"},
				"down": {"uv": [14, 0, 16, 2], "texture": "#1"}
			}
		},
		{
			"from": [-1.22521, 7.37201, -1.24278],
			"to": [2.23965, 16.12201, 2.25722],
			"rotation": {"angle": 45, "axis": "y", "origin": [0.50722, 11.74701, 0.50722]},
			"faces": {
				"north": {"uv": [1.965, 0, 0, 8], "texture": "#1"},
				"east": {"uv": [1.965, 0, 0, 8], "texture": "#1"},
				"south": {"uv": [1.965, 0, 0, 8], "texture": "#1"},
				"west": {"uv": [1.965, 0, 0, 8], "texture": "#1"},
				"up": {"uv": [14, 2, 16, 0], "texture": "#1"},
				"down": {"uv": [14, 2, 16, 0], "texture": "#1"}
			}
		},
		{
			"from": [13.76035, 7.37201, 13.74278],
			"to": [17.22521, 16.12201, 17.24278],
			"rotation": {"angle": 45, "axis": "y", "origin": [15.49278, 11.74701, 15.49278]},
			"faces": {
				"north": {"uv": [1.965, 0, 0, 8], "texture": "#1"},
				"east": {"uv": [1.965, 0, 0, 8], "texture": "#1"},
				"south": {"uv": [1.965, 0, 0, 8], "texture": "#1"},
				"west": {"uv": [1.965, 0, 0, 8], "texture": "#1"},
				"up": {"uv": [16, 0, 14, 2], "texture": "#1"},
				"down": {"uv": [16, 0, 14, 2], "texture": "#1"}
			}
		},
		{
			"from": [13.76035, 7.37201, -1.24278],
			"to": [17.22521, 16.12201, 2.25722],
			"rotation": {"angle": -45, "axis": "y", "origin": [15.49278, 11.74701, 0.50722]},
			"faces": {
				"north": {"uv": [0, 0, 1.965, 8], "texture": "#1"},
				"east": {"uv": [0, 0, 1.965, 8], "texture": "#1"},
				"south": {"uv": [0, 0, 1.965, 8], "texture": "#1"},
				"west": {"uv": [0, 0, 1.965, 8], "texture": "#1"},
				"up": {"uv": [16, 2, 14, 0], "texture": "#1"},
				"down": {"uv": [16, 2, 14, 0], "texture": "#1"}
			}
		},
		{
			"from": [-1.22521, -0.12799, 13.74278],
			"to": [2.23965, 1.12201, 17.24278],
			"rotation": {"angle": 45, "axis": "y", "origin": [0.50722, 0.49701, 15.49278]},
			"faces": {
				"north": {"uv": [15.965, 0.5, 14, 0], "rotation": 180, "texture": "#1"},
				"east": {"uv": [15.965, 0.5, 14, 0], "rotation": 180, "texture": "#1"},
				"south": {"uv": [15.965, 0.5, 14, 0], "rotation": 180, "texture": "#1"},
				"west": {"uv": [15.965, 0.5, 14, 0], "rotation": 180, "texture": "#1"},
				"up": {"uv": [15.965, 2, 16, 0], "rotation": 180, "texture": "#1"},
				"down": {"uv": [14, 0, 16, 2], "rotation": 180, "texture": "#1"}
			}
		},
		{
			"from": [-1.22521, -0.12799, -1.24278],
			"to": [2.23965, 1.12201, 2.25722],
			"rotation": {"angle": -45, "axis": "y", "origin": [0.50722, 0.49701, 0.50722]},
			"faces": {
				"north": {"uv": [14, 0.5, 15.965, 0], "rotation": 180, "texture": "#1"},
				"east": {"uv": [14, 0.5, 15.965, 0], "rotation": 180, "texture": "#1"},
				"south": {"uv": [14, 0.5, 15.965, 0], "rotation": 180, "texture": "#1"},
				"west": {"uv": [14, 0.5, 15.965, 0], "rotation": 180, "texture": "#1"},
				"up": {"uv": [15.965, 0, 16, 2], "rotation": 180, "texture": "#1"},
				"down": {"uv": [14, 2, 16, 0], "rotation": 180, "texture": "#1"}
			}
		},
		{
			"from": [13.76035, -0.12799, 13.74278],
			"to": [17.22521, 1.12201, 17.24278],
			"rotation": {"angle": -45, "axis": "y", "origin": [15.49278, 0.49701, 15.49278]},
			"faces": {
				"north": {"uv": [14, 0.5, 15.965, 0], "rotation": 180, "texture": "#1"},
				"east": {"uv": [14, 0.5, 15.965, 0], "rotation": 180, "texture": "#1"},
				"south": {"uv": [14, 0.5, 15.965, 0], "rotation": 180, "texture": "#1"},
				"west": {"uv": [14, 0.5, 15.965, 0], "rotation": 180, "texture": "#1"},
				"up": {"uv": [16, 2, 15.965, 0], "rotation": 180, "texture": "#1"},
				"down": {"uv": [16, 0, 14, 2], "rotation": 180, "texture": "#1"}
			}
		},
		{
			"from": [13.76035, -0.12799, -1.24278],
			"to": [17.22521, 1.12201, 2.25722],
			"rotation": {"angle": 45, "axis": "y", "origin": [15.49278, 0.49701, 0.50722]},
			"faces": {
				"north": {"uv": [15.965, 0.5, 14, 0], "rotation": 180, "texture": "#1"},
				"east": {"uv": [15.965, 0.5, 14, 0], "rotation": 180, "texture": "#1"},
				"south": {"uv": [15.965, 0.5, 14, 0], "rotation": 180, "texture": "#1"},
				"west": {"uv": [15.965, 0.5, 14, 0], "rotation": 180, "texture": "#1"},
				"up": {"uv": [16, 0, 15.965, 2], "rotation": 180, "texture": "#1"},
				"down": {"uv": [16, 2, 14, 0], "rotation": 180, "texture": "#1"}
			}
		},
		{
			"from": [14.89645, 0.5, 0.10355],
			"to": [16.39645, 9, 1.60355],
			"rotation": {"angle": 45, "axis": "y", "origin": [15.14645, 4.75, 0.85355]},
			"faces": {
				"north": {"uv": [5.75, 0, 4.25, 8], "texture": "#1"},
				"east": {"uv": [5.75, 0, 4.25, 8], "texture": "#1"},
				"south": {"uv": [5.75, 0, 4.25, 8], "texture": "#1"},
				"west": {"uv": [5.75, 0, 4.25, 8], "texture": "#1"},
				"up": {"uv": [5.75, 0, 4.25, 8], "texture": "#1"},
				"down": {"uv": [5.75, 0, 4.25, 8], "texture": "#1"}
			}
		},
		{
			"from": [14.89645, 0.5, 14.39645],
			"to": [16.39645, 9, 15.89645],
			"rotation": {"angle": -45, "axis": "y", "origin": [15.14645, 4.75, 15.14645]},
			"faces": {
				"north": {"uv": [4.25, 0, 5.75, 8], "texture": "#1"},
				"east": {"uv": [4.25, 0, 5.75, 8], "texture": "#1"},
				"south": {"uv": [4.25, 0, 5.75, 8], "texture": "#1"},
				"west": {"uv": [4.25, 0, 5.75, 8], "texture": "#1"},
				"up": {"uv": [5.75, 8, 4.25, 0], "texture": "#1"},
				"down": {"uv": [5.75, 8, 4.25, 0], "texture": "#1"}
			}
		},
		{
			"from": [-0.39645, 0.5, 0.10355],
			"to": [1.10355, 9, 1.60355],
			"rotation": {"angle": -45, "axis": "y", "origin": [0.85355, 4.75, 0.85355]},
			"faces": {
				"north": {"uv": [4.25, 0, 5.75, 8], "texture": "#1"},
				"east": {"uv": [4.25, 0, 5.75, 8], "texture": "#1"},
				"south": {"uv": [4.25, 0, 5.75, 8], "texture": "#1"},
				"west": {"uv": [4.25, 0, 5.75, 8], "texture": "#1"},
				"up": {"uv": [4.25, 0, 5.75, 8], "texture": "#1"},
				"down": {"uv": [4.25, 0, 5.75, 8], "texture": "#1"}
			}
		},
		{
			"from": [-0.39645, 0.5, 14.39645],
			"to": [1.10355, 9, 15.89645],
			"rotation": {"angle": 45, "axis": "y", "origin": [0.85355, 4.75, 15.14645]},
			"faces": {
				"north": {"uv": [5.75, 0, 4.25, 8], "texture": "#1"},
				"east": {"uv": [5.75, 0, 4.25, 8], "texture": "#1"},
				"south": {"uv": [5.75, 0, 4.25, 8], "texture": "#1"},
				"west": {"uv": [5.75, 0, 4.25, 8], "texture": "#1"},
				"up": {"uv": [4.25, 8, 5.75, 0], "texture": "#1"},
				"down": {"uv": [4.25, 8, 5.75, 0], "texture": "#1"}
			}
		},
		{
			"from": [5.76757, 14.67201, -4.84639],
			"to": [10.23243, 15.92201, -0.34639],
			"rotation": {"angle": 45, "axis": "y", "origin": [8, 13.79701, 8]},
			"faces": {
				"north": {"uv": [5.25, 4.25, 5.75, 7.75], "rotation": 90, "texture": "#1"},
				"east": {"uv": [5.25, 4.25, 5.75, 7.75], "rotation": 90, "texture": "#1"},
				"south": {"uv": [5.25, 4.25, 5.75, 7.75], "rotation": 90, "texture": "#1"},
				"west": {"uv": [5.25, 4.25, 5.75, 7.75], "rotation": 90, "texture": "#1"},
				"up": {"uv": [5.25, 4.25, 5.75, 7.75], "rotation": 90, "texture": "#1"},
				"down": {"uv": [5.25, 4.25, 5.75, 7.75], "rotation": 90, "texture": "#1"}
			}
		},
		{
			"from": [5.76757, 14.67201, 16.34639],
			"to": [10.23243, 15.92201, 20.84639],
			"rotation": {"angle": -45, "axis": "y", "origin": [8, 13.79701, 8]},
			"faces": {
				"north": {"uv": [5.25, 7.75, 5.75, 4.25], "rotation": 90, "texture": "#1"},
				"east": {"uv": [5.25, 7.75, 5.75, 4.25], "rotation": 90, "texture": "#1"},
				"south": {"uv": [5.25, 7.75, 5.75, 4.25], "rotation": 90, "texture": "#1"},
				"west": {"uv": [5.25, 7.75, 5.75, 4.25], "rotation": 90, "texture": "#1"},
				"up": {"uv": [5.75, 4.25, 5.25, 7.75], "rotation": 90, "texture": "#1"},
				"down": {"uv": [5.75, 4.25, 5.25, 7.75], "rotation": 90, "texture": "#1"}
			}
		},
		{
			"from": [5.76757, 14.67201, -4.84639],
			"to": [10.23243, 15.92201, -0.34639],
			"rotation": {"angle": -45, "axis": "y", "origin": [8, 13.79701, 8]},
			"faces": {
				"north": {"uv": [5.25, 7.75, 5.75, 4.25], "rotation": 90, "texture": "#1"},
				"east": {"uv": [5.25, 7.75, 5.75, 4.25], "rotation": 90, "texture": "#1"},
				"south": {"uv": [5.25, 7.75, 5.75, 4.25], "rotation": 90, "texture": "#1"},
				"west": {"uv": [5.25, 7.75, 5.75, 4.25], "rotation": 90, "texture": "#1"},
				"up": {"uv": [5.25, 7.75, 5.75, 4.25], "rotation": 90, "texture": "#1"},
				"down": {"uv": [5.25, 7.75, 5.75, 4.25], "rotation": 90, "texture": "#1"}
			}
		},
		{
			"from": [5.76757, 14.67201, 16.34639],
			"to": [10.23243, 15.92201, 20.84639],
			"rotation": {"angle": 45, "axis": "y", "origin": [8, 13.79701, 8]},
			"faces": {
				"north": {"uv": [5.25, 4.25, 5.75, 7.75], "rotation": 90, "texture": "#1"},
				"east": {"uv": [5.25, 4.25, 5.75, 7.75], "rotation": 90, "texture": "#1"},
				"south": {"uv": [5.25, 4.25, 5.75, 7.75], "rotation": 90, "texture": "#1"},
				"west": {"uv": [5.25, 4.25, 5.75, 7.75], "rotation": 90, "texture": "#1"},
				"up": {"uv": [5.75, 7.75, 5.25, 4.25], "rotation": 90, "texture": "#1"},
				"down": {"uv": [5.75, 7.75, 5.25, 4.25], "rotation": 90, "texture": "#1"}
			}
		},
		{
			"from": [5.76757, 7.59701, -4.84639],
			"to": [10.23243, 8.84701, -0.34639],
			"rotation": {"angle": 45, "axis": "y", "origin": [8, 9.72201, 8]},
			"faces": {
				"north": {"uv": [5.25, 4.25, 5.75, 7.75], "rotation": 90, "texture": "#1"},
				"east": {"uv": [5.25, 4.25, 5.75, 7.75], "rotation": 90, "texture": "#1"},
				"south": {"uv": [5.25, 4.25, 5.75, 7.75], "rotation": 90, "texture": "#1"},
				"west": {"uv": [5.25, 4.25, 5.75, 7.75], "rotation": 90, "texture": "#1"},
				"up": {"uv": [5.25, 4.25, 5.75, 7.75], "rotation": 90, "texture": "#1"},
				"down": {"uv": [5.25, 4.25, 5.75, 7.75], "rotation": 90, "texture": "#1"}
			}
		},
		{
			"from": [5.76757, 7.59701, 16.34639],
			"to": [10.23243, 8.84701, 20.84639],
			"rotation": {"angle": -45, "axis": "y", "origin": [8, 9.72201, 8]},
			"faces": {
				"north": {"uv": [5.25, 7.75, 5.75, 4.25], "rotation": 90, "texture": "#1"},
				"east": {"uv": [5.25, 7.75, 5.75, 4.25], "rotation": 90, "texture": "#1"},
				"south": {"uv": [5.25, 7.75, 5.75, 4.25], "rotation": 90, "texture": "#1"},
				"west": {"uv": [5.25, 7.75, 5.75, 4.25], "rotation": 90, "texture": "#1"},
				"up": {"uv": [5.75, 4.25, 5.25, 7.75], "rotation": 90, "texture": "#1"},
				"down": {"uv": [5.75, 4.25, 5.25, 7.75], "rotation": 90, "texture": "#1"}
			}
		},
		{
			"from": [5.76757, 7.59701, -4.84639],
			"to": [10.23243, 8.84701, -0.34639],
			"rotation": {"angle": -45, "axis": "y", "origin": [8, 9.72201, 8]},
			"faces": {
				"north": {"uv": [5.25, 7.75, 5.75, 4.25], "rotation": 90, "texture": "#1"},
				"east": {"uv": [5.25, 7.75, 5.75, 4.25], "rotation": 90, "texture": "#1"},
				"south": {"uv": [5.25, 7.75, 5.75, 4.25], "rotation": 90, "texture": "#1"},
				"west": {"uv": [5.25, 7.75, 5.75, 4.25], "rotation": 90, "texture": "#1"},
				"up": {"uv": [5.25, 7.75, 5.75, 4.25], "rotation": 90, "texture": "#1"},
				"down": {"uv": [5.25, 7.75, 5.75, 4.25], "rotation": 90, "texture": "#1"}
			}
		},
		{
			"from": [5.76757, 7.59701, 16.34639],
			"to": [10.23243, 8.84701, 20.84639],
			"rotation": {"angle": 45, "axis": "y", "origin": [8, 9.72201, 8]},
			"faces": {
				"north": {"uv": [5.25, 4.25, 5.75, 7.75], "rotation": 90, "texture": "#1"},
				"east": {"uv": [5.25, 4.25, 5.75, 7.75], "rotation": 90, "texture": "#1"},
				"south": {"uv": [5.25, 4.25, 5.75, 7.75], "rotation": 90, "texture": "#1"},
				"west": {"uv": [5.25, 4.25, 5.75, 7.75], "rotation": 90, "texture": "#1"},
				"up": {"uv": [5.75, 7.75, 5.25, 4.25], "rotation": 90, "texture": "#1"},
				"down": {"uv": [5.75, 7.75, 5.25, 4.25], "rotation": 90, "texture": "#1"}
			}
		},
		{
			"from": [15.15281, 14.87676, 1.84717],
			"to": [16.25405, 15.67378, 14.13833],
			"faces": {
				"north": {"uv": [5.75, 7.75, 5.25, 4.25], "rotation": 270, "texture": "#1"},
				"east": {"uv": [5.75, 7.75, 5.25, 4.25], "rotation": 270, "texture": "#1"},
				"south": {"uv": [5.75, 7.75, 5.25, 4.25], "rotation": 270, "texture": "#1"},
				"west": {"uv": [5.75, 7.75, 5.25, 4.25], "rotation": 270, "texture": "#1"},
				"up": {"uv": [5.75, 7.75, 5.25, 4.25], "rotation": 270, "texture": "#1"},
				"down": {"uv": [5.75, 7.75, 5.25, 4.25], "rotation": 270, "texture": "#1"}
			}
		},
		{
			"from": [1.85442, 14.87676, 15.14556],
			"to": [14.14558, 15.67378, 16.2468],
			"rotation": {"angle": 0, "axis": "y", "origin": [8, 11.75027, 7.99275]},
			"faces": {
				"north": {"uv": [5.75, 7.75, 5.25, 4.25], "rotation": 270, "texture": "#1"},
				"east": {"uv": [5.75, 7.75, 5.25, 4.25], "rotation": 270, "texture": "#1"},
				"south": {"uv": [5.75, 7.75, 5.25, 4.25], "rotation": 270, "texture": "#1"},
				"west": {"uv": [5.75, 7.75, 5.25, 4.25], "rotation": 270, "texture": "#1"},
				"up": {"uv": [5.75, 7.75, 5.25, 4.25], "texture": "#1"},
				"down": {"uv": [5.75, 7.75, 5.25, 4.25], "rotation": 180, "texture": "#1"}
			}
		},
		{
			"from": [-0.25405, 14.87676, 1.84717],
			"to": [0.84719, 15.67378, 14.13833],
			"faces": {
				"north": {"uv": [5.75, 4.25, 5.25, 7.75], "rotation": 270, "texture": "#1"},
				"east": {"uv": [5.75, 4.25, 5.25, 7.75], "rotation": 270, "texture": "#1"},
				"south": {"uv": [5.75, 4.25, 5.25, 7.75], "rotation": 270, "texture": "#1"},
				"west": {"uv": [5.75, 4.25, 5.25, 7.75], "rotation": 270, "texture": "#1"},
				"up": {"uv": [5.75, 4.25, 5.25, 7.75], "rotation": 270, "texture": "#1"},
				"down": {"uv": [5.75, 4.25, 5.25, 7.75], "rotation": 270, "texture": "#1"}
			}
		},
		{
			"from": [1.85442, 14.87676, -0.2613],
			"to": [14.14558, 15.67378, 0.83994],
			"rotation": {"angle": 0, "axis": "y", "origin": [8, 11.75027, 7.99275]},
			"faces": {
				"north": {"uv": [5.75, 4.25, 5.25, 7.75], "rotation": 270, "texture": "#1"},
				"east": {"uv": [5.75, 4.25, 5.25, 7.75], "rotation": 270, "texture": "#1"},
				"south": {"uv": [5.75, 4.25, 5.25, 7.75], "rotation": 270, "texture": "#1"},
				"west": {"uv": [5.75, 4.25, 5.25, 7.75], "rotation": 270, "texture": "#1"},
				"up": {"uv": [5.75, 4.25, 5.25, 7.75], "texture": "#1"},
				"down": {"uv": [5.75, 4.25, 5.25, 7.75], "rotation": 180, "texture": "#1"}
			}
		},
		{
			"from": [15.15281, 7.82676, 1.84717],
			"to": [16.25405, 8.62378, 14.13833],
			"faces": {
				"north": {"uv": [5.75, 7.75, 5.25, 4.25], "rotation": 270, "texture": "#1"},
				"east": {"uv": [5.75, 7.75, 5.25, 4.25], "rotation": 270, "texture": "#1"},
				"south": {"uv": [5.75, 7.75, 5.25, 4.25], "rotation": 270, "texture": "#1"},
				"west": {"uv": [5.75, 7.75, 5.25, 4.25], "rotation": 270, "texture": "#1"},
				"up": {"uv": [5.75, 7.75, 5.25, 4.25], "rotation": 270, "texture": "#1"},
				"down": {"uv": [5.75, 7.75, 5.25, 4.25], "rotation": 270, "texture": "#1"}
			}
		},
		{
			"from": [1.85442, 7.82676, 15.14556],
			"to": [14.14558, 8.62378, 16.2468],
			"rotation": {"angle": 0, "axis": "y", "origin": [8, 11.75027, 7.99275]},
			"faces": {
				"north": {"uv": [5.75, 7.75, 5.25, 4.25], "rotation": 270, "texture": "#1"},
				"east": {"uv": [5.75, 7.75, 5.25, 4.25], "rotation": 270, "texture": "#1"},
				"south": {"uv": [5.75, 7.75, 5.25, 4.25], "rotation": 270, "texture": "#1"},
				"west": {"uv": [5.75, 7.75, 5.25, 4.25], "rotation": 270, "texture": "#1"},
				"up": {"uv": [5.75, 7.75, 5.25, 4.25], "texture": "#1"},
				"down": {"uv": [5.75, 7.75, 5.25, 4.25], "rotation": 180, "texture": "#1"}
			}
		},
		{
			"from": [-0.25405, 7.82676, 1.84717],
			"to": [0.84719, 8.62378, 14.13833],
			"faces": {
				"north": {"uv": [5.75, 4.25, 5.25, 7.75], "rotation": 270, "texture": "#1"},
				"east": {"uv": [5.75, 4.25, 5.25, 7.75], "rotation": 270, "texture": "#1"},
				"south": {"uv": [5.75, 4.25, 5.25, 7.75], "rotation": 270, "texture": "#1"},
				"west": {"uv": [5.75, 4.25, 5.25, 7.75], "rotation": 270, "texture": "#1"},
				"up": {"uv": [5.75, 4.25, 5.25, 7.75], "rotation": 270, "texture": "#1"},
				"down": {"uv": [5.75, 4.25, 5.25, 7.75], "rotation": 270, "texture": "#1"}
			}
		},
		{
			"from": [1.85442, 7.82676, -0.2613],
			"to": [14.14558, 8.62378, 0.83994],
			"rotation": {"angle": 0, "axis": "y", "origin": [8, 11.75027, 7.99275]},
			"faces": {
				"north": {"uv": [5.75, 4.25, 5.25, 7.75], "rotation": 270, "texture": "#1"},
				"east": {"uv": [5.75, 4.25, 5.25, 7.75], "rotation": 270, "texture": "#1"},
				"south": {"uv": [5.75, 4.25, 5.25, 7.75], "rotation": 270, "texture": "#1"},
				"west": {"uv": [5.75, 4.25, 5.25, 7.75], "rotation": 270, "texture": "#1"},
				"up": {"uv": [5.75, 4.25, 5.25, 7.75], "texture": "#1"},
				"down": {"uv": [5.75, 4.25, 5.25, 7.75], "rotation": 180, "texture": "#1"}
			}
		},
		{
			"from": [0.34051, 0.12846, 1.85442],
			"to": [1.34175, 0.92548, 14.14558],
			"rotation": {"angle": 0, "axis": "y", "origin": [8.00176, 0.52697, 8]},
			"faces": {
				"north": {"uv": [3.547, 8.04, 2.25, 0], "rotation": 90, "texture": "#1"},
				"east": {"uv": [3.547, 8.04, 2.25, 0], "rotation": 90, "texture": "#1"},
				"south": {"uv": [3.547, 8.04, 2.25, 0], "rotation": 90, "texture": "#1"},
				"west": {"uv": [3.547, 8.04, 2.25, 0], "rotation": 90, "texture": "#1"},
				"up": {"uv": [3.547, 8.04, 2.25, 0], "rotation": 90, "texture": "#1"},
				"down": {"uv": [3.547, 8.04, 2.25, 0], "rotation": 90, "texture": "#1"}
			}
		},
		{
			"from": [1.85442, 0.12846, 14.65825],
			"to": [14.14558, 0.92548, 15.65949],
			"rotation": {"angle": 0, "axis": "y", "origin": [8, 0.52697, 8]},
			"faces": {
				"north": {"uv": [3.547, 8.04, 2.25, 0], "rotation": 90, "texture": "#1"},
				"east": {"uv": [3.547, 8.04, 2.25, 0], "rotation": 90, "texture": "#1"},
				"south": {"uv": [3.547, 8.04, 2.25, 0], "rotation": 90, "texture": "#1"},
				"west": {"uv": [3.547, 8.04, 2.25, 0], "rotation": 90, "texture": "#1"},
				"up": {"uv": [3.547, 8.04, 2.25, 0], "texture": "#1"},
				"down": {"uv": [3.547, 8.04, 2.25, 0], "rotation": 180, "texture": "#1"}
			}
		},
		{
			"from": [14.65825, 0.12846, 1.85442],
			"to": [15.65949, 0.92548, 14.14558],
			"rotation": {"angle": 0, "axis": "y", "origin": [7.99824, 0.52697, 8]},
			"faces": {
				"north": {"uv": [3.547, 0, 2.25, 8.04], "rotation": 90, "texture": "#1"},
				"east": {"uv": [3.547, 0, 2.25, 8.04], "rotation": 90, "texture": "#1"},
				"south": {"uv": [3.547, 0, 2.25, 8.04], "rotation": 90, "texture": "#1"},
				"west": {"uv": [3.547, 0, 2.25, 8.04], "rotation": 90, "texture": "#1"},
				"up": {"uv": [3.547, 0, 2.25, 8.04], "rotation": 90, "texture": "#1"},
				"down": {"uv": [3.547, 0, 2.25, 8.04], "rotation": 90, "texture": "#1"}
			}
		},
		{
			"from": [1.85442, 0.12846, 0.34051],
			"to": [14.14558, 0.92548, 1.34175],
			"rotation": {"angle": 0, "axis": "y", "origin": [8, 0.52697, 8]},
			"faces": {
				"north": {"uv": [3.547, 0, 2.25, 8.04], "rotation": 90, "texture": "#1"},
				"east": {"uv": [3.547, 0, 2.25, 8.04], "rotation": 90, "texture": "#1"},
				"south": {"uv": [3.547, 0, 2.25, 8.04], "rotation": 90, "texture": "#1"},
				"west": {"uv": [3.547, 0, 2.25, 8.04], "rotation": 90, "texture": "#1"},
				"up": {"uv": [3.547, 0, 2.25, 8.04], "texture": "#1"},
				"down": {"uv": [3.547, 0, 2.25, 8.04], "rotation": 180, "texture": "#1"}
			}
		},
		{
			"from": [6.55, 10.32201, -4.15714],
			"to": [9.45, 13.22201, -3.15714],
			"rotation": {"angle": 0, "axis": "y", "origin": [6.05, 12.72201, 7.84286]},
			"faces": {
				"north": {"uv": [12, 0, 14, 2], "texture": "#1"},
				"east": {"uv": [14, 0, 16, 0.5], "rotation": 270, "texture": "#1"},
				"south": {"uv": [12, 0, 14, 2], "rotation": 270, "texture": "#1"},
				"west": {"uv": [14, 0, 16, 0.5], "rotation": 270, "texture": "#1"},
				"up": {"uv": [14, 0, 16, 0.5], "texture": "#1"},
				"down": {"uv": [14, 0, 16, 0.5], "rotation": 180, "texture": "#1"}
			}
		},
		{
			"from": [-1.5, 9.25, 5.5],
			"to": [-0.5, 14.25, 10.5],
			"rotation": {"angle": 0, "axis": "y", "origin": [15.5, 4.5, 8]},
			"faces": {
				"north": {"uv": [11, 5, 16, 6], "rotation": 90, "texture": "#2"},
				"east": {"uv": [11, 0, 16, 5], "rotation": 90, "texture": "#2"},
				"south": {"uv": [11, 5, 16, 6], "rotation": 90, "texture": "#2"},
				"west": {"uv": [11, 0, 16, 5], "rotation": 90, "texture": "#2"},
				"up": {"uv": [11, 5, 16, 6], "rotation": 90, "texture": "#2"},
				"down": {"uv": [11, 5, 16, 6], "rotation": 90, "texture": "#2"}
			}
		},
		{
			"from": [16.5, 9.25, 5.5],
			"to": [17.5, 14.25, 10.5],
			"rotation": {"angle": 0, "axis": "y", "origin": [0.5, 4.5, 8]},
			"faces": {
				"north": {"uv": [11, 6, 16, 5], "rotation": 90, "texture": "#2"},
				"east": {"uv": [11, 5, 16, 0], "rotation": 90, "texture": "#2"},
				"south": {"uv": [11, 6, 16, 5], "rotation": 90, "texture": "#2"},
				"west": {"uv": [11, 5, 16, 0], "rotation": 90, "texture": "#2"},
				"up": {"uv": [11, 6, 16, 5], "rotation": 90, "texture": "#2"},
				"down": {"uv": [11, 6, 16, 5], "rotation": 90, "texture": "#2"}
			}
		},
		{
			"from": [-0.5, 9.25, 5.5],
			"to": [0.5, 14.25, 10.5],
			"rotation": {"angle": 0, "axis": "y", "origin": [16.5, 4.5, 8]},
			"faces": {
				"north": {"uv": [11, 5, 16, 6], "rotation": 90, "texture": "#2"},
				"east": {"uv": [11, 0, 16, 5], "rotation": 90, "texture": "#2"},
				"south": {"uv": [11, 5, 16, 6], "rotation": 90, "texture": "#2"},
				"west": {"uv": [11, 0, 16, 5], "rotation": 90, "texture": "#2"},
				"up": {"uv": [11, 5, 16, 6], "rotation": 90, "texture": "#2"},
				"down": {"uv": [11, 5, 16, 6], "rotation": 90, "texture": "#2"}
			}
		},
		{
			"from": [15.5, 9.25, 5.5],
			"to": [16.5, 14.25, 10.5],
			"rotation": {"angle": 0, "axis": "y", "origin": [-0.5, 4.5, 8]},
			"faces": {
				"north": {"uv": [11, 6, 16, 5], "rotation": 90, "texture": "#2"},
				"east": {"uv": [11, 5, 16, 0], "rotation": 90, "texture": "#2"},
				"south": {"uv": [11, 6, 16, 5], "rotation": 90, "texture": "#2"},
				"west": {"uv": [11, 5, 16, 0], "rotation": 90, "texture": "#2"},
				"up": {"uv": [11, 6, 16, 5], "rotation": 90, "texture": "#2"},
				"down": {"uv": [11, 6, 16, 5], "rotation": 90, "texture": "#2"}
			}
		},
		{
			"from": [14.85, 14.275, 9],
			"to": [16.85, 16.275, 10],
			"rotation": {"angle": 0, "axis": "x", "origin": [15.85, 15.275, 8]},
			"faces": {
				"north": {"uv": [14, 0, 16, 2], "texture": "#1"},
				"east": {"uv": [2.5, 0.75, 3.5, 2.75], "texture": "#1"},
				"south": {"uv": [14, 0, 16, 2], "texture": "#1"},
				"west": {"uv": [2.5, 0.75, 3.5, 2.75], "texture": "#1"},
				"up": {"uv": [3.5, 2.75, 2.5, 0.75], "rotation": 90, "texture": "#1"},
				"down": {"uv": [3.5, 2.75, 2.5, 0.75], "rotation": 90, "texture": "#1"}
			}
		},
		{
			"from": [14.85, 14.275, 6],
			"to": [16.85, 16.275, 7],
			"rotation": {"angle": 0, "axis": "x", "origin": [15.85, 15.275, 8]},
			"faces": {
				"north": {"uv": [16, 0, 14, 2], "texture": "#1"},
				"east": {"uv": [3.5, 0.75, 2.5, 2.75], "texture": "#1"},
				"south": {"uv": [16, 0, 14, 2], "texture": "#1"},
				"west": {"uv": [3.5, 0.75, 2.5, 2.75], "texture": "#1"},
				"up": {"uv": [2.5, 2.75, 3.5, 0.75], "rotation": 90, "texture": "#1"},
				"down": {"uv": [2.5, 2.75, 3.5, 0.75], "rotation": 90, "texture": "#1"}
			}
		},
		{
			"from": [15.3156, 15.21843, 6.25],
			"to": [16.3156, 19.21843, 6.75],
			"rotation": {"angle": -22.5, "axis": "z", "origin": [16.35, 15.275, 6.5]},
			"faces": {
				"north": {"uv": [3.5, 1.5, 2.5, 5.5], "rotation": 180, "texture": "#1"},
				"east": {"uv": [3, 0.75, 2.5, 2.75], "rotation": 180, "texture": "#1"},
				"south": {"uv": [3.5, 0, 2.5, 4], "texture": "#1"},
				"west": {"uv": [3, 0.75, 2.5, 4.75], "rotation": 180, "texture": "#1"},
				"up": {"uv": [2.5, 1.75, 3, 0.75], "rotation": 90, "texture": "#1"},
				"down": {"uv": [2.5, 1.75, 3, 0.75], "rotation": 90, "texture": "#1"}
			}
		},
		{
			"from": [15.3156, 15.21843, 9.25],
			"to": [16.3156, 19.21843, 9.75],
			"rotation": {"angle": -22.5, "axis": "z", "origin": [16.35, 15.275, 9.5]},
			"faces": {
				"north": {"uv": [2.5, 0, 3.5, 4], "texture": "#1"},
				"east": {"uv": [2.5, 0.75, 3, 2.75], "rotation": 180, "texture": "#1"},
				"south": {"uv": [2.5, 1.5, 3.5, 5.5], "rotation": 180, "texture": "#1"},
				"west": {"uv": [2.5, 0.75, 3, 4.75], "rotation": 180, "texture": "#1"},
				"up": {"uv": [3, 1.75, 2.5, 0.75], "rotation": 90, "texture": "#1"},
				"down": {"uv": [3, 1.75, 2.5, 0.75], "rotation": 90, "texture": "#1"}
			}
		},
		{
			"from": [16.325, 17.25, 6],
			"to": [18.325, 20.25, 10],
			"rotation": {"angle": -22.5, "axis": "z", "origin": [17.25, 19, 6.5]},
			"faces": {
				"north": {"uv": [5, 8, 4, 9.5], "texture": "#1"},
				"east": {"uv": [2, 8, 0, 9.5], "texture": "#1"},
				"south": {"uv": [5, 8, 4, 9.5], "texture": "#1"},
				"west": {"uv": [4, 8, 2, 9.5], "texture": "#1"},
				"up": {"uv": [5, 9, 7, 8], "rotation": 90, "texture": "#1"},
				"down": {"uv": [5, 9, 7, 8], "rotation": 90, "texture": "#1"}
			}
		},
		{
			"from": [-0.85, 14.275, 9],
			"to": [1.15, 16.275, 10],
			"rotation": {"angle": 0, "axis": "x", "origin": [0.15, 15.275, 8]},
			"faces": {
				"north": {"uv": [16, 0, 14, 2], "texture": "#1"},
				"east": {"uv": [3.5, 0.75, 2.5, 2.75], "texture": "#1"},
				"south": {"uv": [16, 0, 14, 2], "texture": "#1"},
				"west": {"uv": [3.5, 0.75, 2.5, 2.75], "texture": "#1"},
				"up": {"uv": [3.5, 0.75, 2.5, 2.75], "rotation": 90, "texture": "#1"},
				"down": {"uv": [3.5, 0.75, 2.5, 2.75], "rotation": 90, "texture": "#1"}
			}
		},
		{
			"from": [-0.85, 14.275, 6],
			"to": [1.15, 16.275, 7],
			"rotation": {"angle": 0, "axis": "x", "origin": [0.15, 15.275, 8]},
			"faces": {
				"north": {"uv": [14, 0, 16, 2], "texture": "#1"},
				"east": {"uv": [2.5, 0.75, 3.5, 2.75], "texture": "#1"},
				"south": {"uv": [14, 0, 16, 2], "texture": "#1"},
				"west": {"uv": [2.5, 0.75, 3.5, 2.75], "texture": "#1"},
				"up": {"uv": [2.5, 0.75, 3.5, 2.75], "rotation": 90, "texture": "#1"},
				"down": {"uv": [2.5, 0.75, 3.5, 2.75], "rotation": 90, "texture": "#1"}
			}
		},
		{
			"from": [-0.3156, 15.21843, 6.25],
			"to": [0.6844, 19.21843, 6.75],
			"rotation": {"angle": 22.5, "axis": "z", "origin": [-0.35, 15.275, 6.5]},
			"faces": {
				"north": {"uv": [2.5, 1.5, 3.5, 5.5], "rotation": 180, "texture": "#1"},
				"east": {"uv": [2.5, 0.75, 3, 4.75], "rotation": 180, "texture": "#1"},
				"south": {"uv": [2.5, 0, 3.5, 4], "texture": "#1"},
				"west": {"uv": [2.5, 0.75, 3, 2.75], "rotation": 180, "texture": "#1"},
				"up": {"uv": [2.5, 0.75, 3, 1.75], "rotation": 90, "texture": "#1"},
				"down": {"uv": [2.5, 0.75, 3, 1.75], "rotation": 90, "texture": "#1"}
			}
		},
		{
			"from": [-0.3156, 15.21843, 9.25],
			"to": [0.6844, 19.21843, 9.75],
			"rotation": {"angle": 22.5, "axis": "z", "origin": [-0.35, 15.275, 9.5]},
			"faces": {
				"north": {"uv": [3.5, 0, 2.5, 4], "texture": "#1"},
				"east": {"uv": [3, 0.75, 2.5, 4.75], "rotation": 180, "texture": "#1"},
				"south": {"uv": [3.5, 1.5, 2.5, 5.5], "rotation": 180, "texture": "#1"},
				"west": {"uv": [3, 0.75, 2.5, 2.75], "rotation": 180, "texture": "#1"},
				"up": {"uv": [3, 0.75, 2.5, 1.75], "rotation": 90, "texture": "#1"},
				"down": {"uv": [3, 0.75, 2.5, 1.75], "rotation": 90, "texture": "#1"}
			}
		},
		{
			"from": [-2.325, 17.25, 6],
			"to": [-0.325, 20.25, 10],
			"rotation": {"angle": 22.5, "axis": "z", "origin": [-1.25, 19, 6.5]},
			"faces": {
				"north": {"uv": [4, 8, 5, 9.5], "texture": "#1"},
				"east": {"uv": [2, 8, 4, 9.5], "texture": "#1"},
				"south": {"uv": [4, 8, 5, 9.5], "texture": "#1"},
				"west": {"uv": [0, 8, 2, 9.5], "texture": "#1"},
				"up": {"uv": [5, 8, 7, 9], "rotation": 90, "texture": "#1"},
				"down": {"uv": [5, 8, 7, 9], "rotation": 90, "texture": "#1"}
			}
		},
		{
			"from": [6, 14.275, 14.85],
			"to": [7, 16.275, 16.85],
			"rotation": {"angle": 0, "axis": "x", "origin": [8, 16.76807, 8]},
			"faces": {
				"north": {"uv": [2.5, 0.75, 3.5, 2.75], "texture": "#1"},
				"east": {"uv": [14, 0, 16, 2], "texture": "#1"},
				"south": {"uv": [2.5, 0.75, 3.5, 2.75], "texture": "#1"},
				"west": {"uv": [14, 0, 16, 2], "texture": "#1"},
				"up": {"uv": [3.5, 2.75, 2.5, 0.75], "rotation": 180, "texture": "#1"},
				"down": {"uv": [3.5, 2.75, 2.5, 0.75], "texture": "#1"}
			}
		},
		{
			"from": [9, 14.275, 14.85],
			"to": [10, 16.275, 16.85],
			"rotation": {"angle": 0, "axis": "x", "origin": [8, 16.76807, 8]},
			"faces": {
				"north": {"uv": [3.5, 0.75, 2.5, 2.75], "texture": "#1"},
				"east": {"uv": [16, 0, 14, 2], "texture": "#1"},
				"south": {"uv": [3.5, 0.75, 2.5, 2.75], "texture": "#1"},
				"west": {"uv": [16, 0, 14, 2], "texture": "#1"},
				"up": {"uv": [2.5, 2.75, 3.5, 0.75], "rotation": 180, "texture": "#1"},
				"down": {"uv": [2.5, 2.75, 3.5, 0.75], "texture": "#1"}
			}
		},
		{
			"from": [9.25, 18.52749, 15.25137],
			"to": [9.75, 22.52749, 16.25137],
			"rotation": {"angle": 22.5, "axis": "x", "origin": [8, 16.76807, 8]},
			"faces": {
				"north": {"uv": [3, 0.75, 2.5, 4.75], "rotation": 180, "texture": "#1"},
				"east": {"uv": [3.5, 1.5, 2.5, 5.5], "rotation": 180, "texture": "#1"},
				"south": {"uv": [3, 0.75, 2.5, 2.75], "rotation": 180, "texture": "#1"},
				"west": {"uv": [3.5, 0, 2.5, 4], "texture": "#1"},
				"up": {"uv": [2.5, 1.75, 3, 0.75], "rotation": 180, "texture": "#1"},
				"down": {"uv": [2.5, 1.75, 3, 0.75], "texture": "#1"}
			}
		},
		{
			"from": [6.25, 18.52749, 15.25137],
			"to": [6.75, 22.52749, 16.25137],
			"rotation": {"angle": 22.5, "axis": "x", "origin": [8, 16.76807, 8]},
			"faces": {
				"north": {"uv": [2.5, 0.75, 3, 4.75], "rotation": 180, "texture": "#1"},
				"east": {"uv": [2.5, 0, 3.5, 4], "texture": "#1"},
				"south": {"uv": [2.5, 0.75, 3, 2.75], "rotation": 180, "texture": "#1"},
				"west": {"uv": [2.5, 1.5, 3.5, 5.5], "rotation": 180, "texture": "#1"},
				"up": {"uv": [3, 1.75, 2.5, 0.75], "rotation": 180, "texture": "#1"},
				"down": {"uv": [3, 1.75, 2.5, 0.75], "texture": "#1"}
			}
		},
		{
			"from": [6, 20.61993, 14.76676],
			"to": [10, 23.61993, 16.76676],
			"rotation": {"angle": 22.5, "axis": "x", "origin": [8, 16.76807, 8]},
			"faces": {
				"north": {"uv": [4, 8, 2, 9.5], "texture": "#1"},
				"east": {"uv": [5, 8, 4, 9.5], "texture": "#1"},
				"south": {"uv": [2, 8, 0, 9.5], "texture": "#1"},
				"west": {"uv": [5, 8, 4, 9.5], "texture": "#1"},
				"up": {"uv": [5, 9, 7, 8], "rotation": 180, "texture": "#1"},
				"down": {"uv": [5, 9, 7, 8], "texture": "#1"}
			}
		},
		{
			"from": [6, 14.275, -0.85],
			"to": [7, 16.275, 1.15],
			"rotation": {"angle": 0, "axis": "x", "origin": [8, 16.76807, 8]},
			"faces": {
				"north": {"uv": [3.5, 0.75, 2.5, 2.75], "texture": "#1"},
				"east": {"uv": [16, 0, 14, 2], "texture": "#1"},
				"south": {"uv": [3.5, 0.75, 2.5, 2.75], "texture": "#1"},
				"west": {"uv": [16, 0, 14, 2], "texture": "#1"},
				"up": {"uv": [3.5, 0.75, 2.5, 2.75], "rotation": 180, "texture": "#1"},
				"down": {"uv": [3.5, 0.75, 2.5, 2.75], "texture": "#1"}
			}
		},
		{
			"from": [9, 14.275, -0.85],
			"to": [10, 16.275, 1.15],
			"rotation": {"angle": 0, "axis": "x", "origin": [8, 16.76807, 8]},
			"faces": {
				"north": {"uv": [2.5, 0.75, 3.5, 2.75], "texture": "#1"},
				"east": {"uv": [14, 0, 16, 2], "texture": "#1"},
				"south": {"uv": [2.5, 0.75, 3.5, 2.75], "texture": "#1"},
				"west": {"uv": [14, 0, 16, 2], "texture": "#1"},
				"up": {"uv": [2.5, 0.75, 3.5, 2.75], "rotation": 180, "texture": "#1"},
				"down": {"uv": [2.5, 0.75, 3.5, 2.75], "texture": "#1"}
			}
		},
		{
			"from": [9.25, 18.52749, -0.25137],
			"to": [9.75, 22.52749, 0.74863],
			"rotation": {"angle": -22.5, "axis": "x", "origin": [8, 16.76807, 8]},
			"faces": {
				"north": {"uv": [2.5, 0.75, 3, 2.75], "rotation": 180, "texture": "#1"},
				"east": {"uv": [2.5, 1.5, 3.5, 5.5], "rotation": 180, "texture": "#1"},
				"south": {"uv": [2.5, 0.75, 3, 4.75], "rotation": 180, "texture": "#1"},
				"west": {"uv": [2.5, 0, 3.5, 4], "texture": "#1"},
				"up": {"uv": [2.5, 0.75, 3, 1.75], "rotation": 180, "texture": "#1"},
				"down": {"uv": [2.5, 0.75, 3, 1.75], "texture": "#1"}
			}
		},
		{
			"from": [6.25, 18.52749, -0.25137],
			"to": [6.75, 22.52749, 0.74863],
			"rotation": {"angle": -22.5, "axis": "x", "origin": [8, 16.76807, 8]},
			"faces": {
				"north": {"uv": [3, 0.75, 2.5, 2.75], "rotation": 180, "texture": "#1"},
				"east": {"uv": [3.5, 0, 2.5, 4], "texture": "#1"},
				"south": {"uv": [3, 0.75, 2.5, 4.75], "rotation": 180, "texture": "#1"},
				"west": {"uv": [3.5, 1.5, 2.5, 5.5], "rotation": 180, "texture": "#1"},
				"up": {"uv": [3, 0.75, 2.5, 1.75], "rotation": 180, "texture": "#1"},
				"down": {"uv": [3, 0.75, 2.5, 1.75], "texture": "#1"}
			}
		},
		{
			"from": [6, 20.61993, -0.76676],
			"to": [10, 23.61993, 1.23324],
			"rotation": {"angle": -22.5, "axis": "x", "origin": [8, 16.76807, 8]},
			"faces": {
				"north": {"uv": [0, 8, 2, 9.5], "texture": "#1"},
				"east": {"uv": [4, 8, 5, 9.5], "texture": "#1"},
				"south": {"uv": [2, 8, 4, 9.5], "texture": "#1"},
				"west": {"uv": [4, 8, 5, 9.5], "texture": "#1"},
				"up": {"uv": [5, 8, 7, 9], "rotation": 180, "texture": "#1"},
				"down": {"uv": [5, 8, 7, 9], "texture": "#1"}
			}
		}
	],
	"display": {
		"thirdperson_righthand": {
			"rotation": [35, -180, 0],
			"translation": [0, -0.5, -2.5],
			"scale": [0.5, 0.5, 0.5]
		},
		"firstperson_righthand": {
			"rotation": [15, 139, 0],
			"translation": [0, -1.25, 0],
			"scale": [0.5, 0.5, 0.5]
		},
		"gui": {
			"rotation": [30, 145, 0],
			"scale": [0.5, 0.5, 0.5]
		},
		"head": {
			"translation": [0, -17.2, 0],
			"scale": [3.3, 3.3, 3.3]
		},
		"fixed": {
			"translation": [0, -1.75, 0],
			"scale": [0.7, 0.7, 0.7]
		}
	},
	"groups": [
		{
			"name": "barrel",
			"origin": [8, 8, 8],
			"children": [0, 1, 2, 3, 4, 5, 6, 7, 8, 9, 10, 11, 12, 13, 14, 15, 16, 17, 18, 19, 20, 21, 22, 23, 24, 25, 26, 27]
		},
		{
			"name": "legs",
			"origin": [8, 8, 8],
			"children": [28, 29, 30, 31, 32, 33, 34, 35, 36, 37, 38, 39, 40, 41, 42, 43, 44, 45, 46, 47, 48, 49, 50, 51, 52, 53, 54, 55, 56, 57, 58, 59, 60]
		}, 61, 62, 63, 64,
		{
			"name": "lamp",
			"origin": [-1.25, 19, 6.5],
			"children": [65, 66, 67, 68, 69]
		},
		{
			"name": "lamp",
			"origin": [-1.25, 19, 6.5],
			"children": [70, 71, 72, 73, 74]
		},
		{
			"name": "lamp",
			"origin": [-1.25, 19, 6.5],
			"children": [75, 76, 77, 78, 79]
		},
		{
			"name": "lamp",
			"origin": [-1.25, 19, 6.5],
			"children": [80, 81, 82, 83, 84]
		}
	]
}