{
	"credit": "Made with Blockbench",
	"texture_size": [32, 32],
	"textures": {
		"1": "w3e:vehicle/block/tubepart"
	},
	"elements": [
		{
			"from": [4, 4, 0],
			"to": [12, 12, 16],
			"faces": {
				"north": {"uv": [0, 8, 8, 12], "texture": "#1"},
				"east": {"uv": [0, 8, 8, 12], "texture": "#1"},
				"south": {"uv": [0, 8, 8, 12], "texture": "#1"},
				"west": {"uv": [0, 8, 8, 12], "rotation": 180, "texture": "#1"},
				"up": {"uv": [0, 8, 8, 12], "rotation": 270, "texture": "#1"},
				"down": {"uv": [0, 8, 8, 12], "rotation": 90, "texture": "#1"}
			}
		},
		{
			"from": [3, 3, -2],
			"to": [13, 13, 0],
			"rotation": {"angle": 0, "axis": "y", "origin": [8, 8, 6]},
			"faces": {
				"north": {"uv": [11, 0, 16, 5], "texture": "#1"},
				"east": {"uv": [11, 5, 16, 6], "rotation": 90, "texture": "#1"},
				"south": {"uv": [11, 0, 16, 5], "texture": "#1"},
				"west": {"uv": [11, 5, 16, 6], "rotation": 90, "texture": "#1"},
				"up": {"uv": [11, 5, 16, 6], "texture": "#1"},
				"down": {"uv": [11, 5, 16, 6], "texture": "#1"}
			}
		},
		{
			"from": [3, 3, 16],
			"to": [13, 13, 18],
			"rotation": {"angle": 0, "axis": "y", "origin": [8, 8, 10]},
			"faces": {
				"north": {"uv": [11, 0, 16, 5], "texture": "#1"},
				"east": {"uv": [11, 5, 16, 6], "rotation": 90, "texture": "#1"},
				"south": {"uv": [11, 0, 16, 5], "texture": "#1"},
				"west": {"uv": [11, 5, 16, 6], "rotation": 90, "texture": "#1"},
				"up": {"uv": [11, 5, 16, 6], "texture": "#1"},
				"down": {"uv": [11, 5, 16, 6], "texture": "#1"}
			}
		}
	],
	"display": {
		"thirdperson_righthand": {
			"rotation": [0, 90, 0],
			"scale": [0.5, 0.5, 0.5]
		},
		"firstperson_righthand": {
			"rotation": [32, 38, 0],
			"scale": [0.5, 0.5, 0.5]
		},
		"ground": {
			"scale": [0.5, 0.5, 0.5]
		},
		"gui": {
			"rotation": [25, -35, 0],
			"scale": [0.75, 0.75, 0.75]
		},
		"head": {
			"translation": [0, -11.5, 0],
			"scale": [2, 2, 2]
		},
		"fixed": {
			"rotation": [0, 90, 0]
		}
	}
}