{
	"credit": "Made with Blockbench",
	"textures": {
		"0": "w3e:spirits/effect/rangespiritattack1",
		"particle": "w3e:spirits/effect/rangespiritattack1"
	},
	"elements": [
		{
			"from": [7.95, -4, -4],
			"to": [8.05, 20, 20],
			"rotation": {"angle": 0, "axis": "y", "origin": [15.95, 8, 8]},
			"faces": {
				"east": {"uv": [0, 16, 16, 0], "texture": "#0"},
				"west": {"uv": [16, 16, 0, 0], "texture": "#0"}
			}
		}
	],
	"display": {
		"ground": {
			"rotation": [0, 0, -1]
		},
		"head": {
			"rotation": [0, 0, 45],
			"translation": [0, 0.25, 0],
			"scale": [4, 4, 4]
		}
	}
}