{
	"credit": "Made with Blockbench",
	"texture_size": [32, 32],
	"textures": {
		"0": "w3e:spirits/protectionspirit/protectionspirit",
		"1": "w3e:spirits/protectionspirit/protectionspirit_glow",
		"particle": "w3e:spirits/protectionspirit/protectionspirit"
	},
	"elements": [
		{
			"from": [16, 11, 2],
			"to": [17, 17, 14],
			"rotation": {"angle": 0, "axis": "x", "origin": [14.07143, 11, 6.42857]},
			"faces": {
				"north": {"uv": [0.5, 1, 1, 4], "texture": "#0"},
				"east": {"uv": [1, 1, 7, 4], "texture": "#0"},
				"south": {"uv": [7, 1, 7.5, 4], "texture": "#0"},
				"west": {"uv": [1, 1, 7, 4], "texture": "#0"},
				"up": {"uv": [1, 1, 7, 1.5], "rotation": 90, "texture": "#0"},
				"down": {"uv": [1, 3.5, 7, 4], "rotation": 90, "texture": "#0"}
			}
		},
		{
			"from": [11, 16, 3],
			"to": [16, 17, 13],
			"rotation": {"angle": 0, "axis": "x", "origin": [14.07143, 11, 6.42857]},
			"faces": {
				"north": {"uv": [0, 0, 2.5, 0.5], "rotation": 180, "texture": "#0"},
				"east": {"uv": [6.5, 1.5, 7, 6.5], "rotation": 90, "texture": "#0"},
				"south": {"uv": [4, 7.5, 6.5, 8], "texture": "#0"},
				"west": {"uv": [0, 0, 0.5, 6], "rotation": 270, "texture": "#0"},
				"up": {"uv": [4, 1.5, 6.5, 6.5], "texture": "#0"},
				"down": {"uv": [1.5, 1.5, 4, 6.5], "rotation": 180, "texture": "#0"}
			}
		},
		{
			"from": [11, 11, 13],
			"to": [16, 17, 14],
			"rotation": {"angle": 0, "axis": "x", "origin": [14.07143, 11, 6.42857]},
			"faces": {
				"north": {"uv": [4, 1, 6.5, 4], "texture": "#0"},
				"east": {"uv": [5, 1, 5.5, 4], "texture": "#0"},
				"south": {"uv": [4, 1, 6.5, 4], "texture": "#0"},
				"west": {"uv": [4.5, 1, 5, 4], "texture": "#0"},
				"up": {"uv": [4.5, 1, 7, 1.5], "texture": "#0"},
				"down": {"uv": [4.5, 3.5, 7, 4], "texture": "#0"}
			}
		},
		{
			"from": [14, 11, 2],
			"to": [16, 17, 3],
			"rotation": {"angle": 0, "axis": "x", "origin": [14.07143, 11, 9.57143]},
			"faces": {
				"north": {"uv": [4, 1, 5, 4], "texture": "#0"},
				"east": {"uv": [5, 1, 5.5, 4], "texture": "#0"},
				"south": {"uv": [4, 1, 5, 4], "texture": "#0"},
				"west": {"uv": [4.5, 1, 5, 4], "texture": "#0"},
				"up": {"uv": [4.5, 1, 5.5, 1.5], "texture": "#0"},
				"down": {"uv": [4.5, 3.5, 5.5, 4], "texture": "#0"}
			}
		},
		{
			"from": [11, 14, 2],
			"to": [14, 17, 3],
			"rotation": {"angle": 0, "axis": "x", "origin": [14.07143, 11, 9.57143]},
			"faces": {
				"north": {"uv": [4, 1, 5.5, 2.5], "texture": "#0"},
				"east": {"uv": [5, 1, 5.5, 2.5], "texture": "#0"},
				"south": {"uv": [4, 1, 5.5, 2.5], "texture": "#0"},
				"west": {"uv": [4.5, 1, 5, 2.5], "texture": "#0"},
				"up": {"uv": [4.5, 1, 6, 1.5], "texture": "#0"},
				"down": {"uv": [4.5, 3.5, 6, 4], "texture": "#0"}
			}
		},
		{
			"from": [14, -1, 2],
			"to": [16, 5, 3],
			"rotation": {"angle": 0, "axis": "x", "origin": [14.07143, 5, 9.57143]},
			"faces": {
				"north": {"uv": [4, 4, 5, 7], "texture": "#0"},
				"east": {"uv": [5, 4, 5.5, 7], "texture": "#0"},
				"south": {"uv": [4, 4, 5, 7], "texture": "#0"},
				"west": {"uv": [4.5, 4, 5, 7], "texture": "#0"},
				"up": {"uv": [4, 5, 5, 5.5], "texture": "#0"},
				"down": {"uv": [4.5, 6, 5.5, 6.5], "texture": "#0"}
			}
		},
		{
			"from": [11, -1, 2],
			"to": [14, 2, 3],
			"rotation": {"angle": 0, "axis": "x", "origin": [14.07143, 5, 9.57143]},
			"faces": {
				"north": {"uv": [4, 4, 5.5, 5.5], "texture": "#0"},
				"east": {"uv": [5, 4, 5.5, 5.5], "texture": "#0"},
				"south": {"uv": [4, 4, 5.5, 5.5], "texture": "#0"},
				"west": {"uv": [4.5, 4, 5, 5.5], "texture": "#0"},
				"up": {"uv": [4, 5, 5.5, 5.5], "texture": "#0"},
				"down": {"uv": [4.5, 6, 6, 6.5], "texture": "#0"}
			}
		},
		{
			"from": [16, -1, 2],
			"to": [17, 5, 14],
			"rotation": {"angle": 0, "axis": "x", "origin": [14.07143, 5, 6.42857]},
			"faces": {
				"north": {"uv": [0.5, 4, 1, 7], "texture": "#0"},
				"east": {"uv": [1, 4, 7, 7], "texture": "#0"},
				"south": {"uv": [7, 4, 7.5, 7], "texture": "#0"},
				"west": {"uv": [1, 4, 7, 7], "texture": "#0"},
				"up": {"uv": [1, 3.5, 7, 4], "rotation": 90, "texture": "#0"},
				"down": {"uv": [1, 7, 7, 7.5], "rotation": 90, "texture": "#0"}
			}
		},
		{
			"from": [11, -1, 13],
			"to": [16, 5, 14],
			"rotation": {"angle": 0, "axis": "x", "origin": [14.07143, 5, 6.42857]},
			"faces": {
				"north": {"uv": [4, 4, 6.5, 7], "texture": "#0"},
				"east": {"uv": [5, 4, 5.5, 7], "texture": "#0"},
				"south": {"uv": [4, 4, 6.5, 7], "texture": "#0"},
				"west": {"uv": [4.5, 4, 5, 7], "texture": "#0"},
				"up": {"uv": [4, 5, 6.5, 5.5], "texture": "#0"},
				"down": {"uv": [4.5, 6, 7, 6.5], "texture": "#0"}
			}
		},
		{
			"from": [11, -1, 3],
			"to": [16, 0, 13],
			"rotation": {"angle": 0, "axis": "x", "origin": [14.07143, 5, 6.42857]},
			"faces": {
				"north": {"uv": [0, 0, 2.5, 0.5], "texture": "#0"},
				"east": {"uv": [1, 1.5, 1.5, 6.5], "rotation": 90, "texture": "#0"},
				"south": {"uv": [1.5, 7.5, 4, 8], "rotation": 180, "texture": "#0"},
				"west": {"uv": [0, 0, 0.5, 6], "rotation": 270, "texture": "#0"},
				"up": {"uv": [4, 1.5, 6.5, 6.5], "texture": "#0"},
				"down": {"uv": [1.5, 1.5, 4, 6.5], "rotation": 180, "texture": "#0"}
			}
		},
		{
			"from": [0, 16, 3],
			"to": [5, 17, 13],
			"rotation": {"angle": 0, "axis": "y", "origin": [5, 11, 8]},
			"faces": {
				"north": {"uv": [0, 0, 2.5, 0.5], "rotation": 180, "texture": "#0"},
				"east": {"uv": [0, 0, 0.5, 6], "rotation": 90, "texture": "#0"},
				"south": {"uv": [1.5, 7.5, 4, 8], "texture": "#0"},
				"west": {"uv": [1, 1.5, 1.5, 6.5], "rotation": 270, "texture": "#0"},
				"up": {"uv": [1.5, 1.5, 4, 6.5], "texture": "#0"},
				"down": {"uv": [4, 1.5, 6.5, 6.5], "rotation": 180, "texture": "#0"}
			}
		},
		{
			"from": [0, 11, 13],
			"to": [5, 17, 14],
			"rotation": {"angle": 0, "axis": "y", "origin": [5, 11, 8]},
			"faces": {
				"north": {"uv": [1, 1, 3.5, 4], "texture": "#0"},
				"east": {"uv": [0.5, 1, 1, 4], "texture": "#0"},
				"south": {"uv": [1, 1, 3.5, 4], "texture": "#0"},
				"west": {"uv": [0.5, 1, 1, 4], "texture": "#0"},
				"up": {"uv": [1.5, 0.5, 4, 1], "texture": "#0"},
				"down": {"uv": [1.5, 3.5, 4, 4], "texture": "#0"}
			}
		},
		{
			"from": [0, 11, 2],
			"to": [2, 17, 3],
			"rotation": {"angle": 0, "axis": "y", "origin": [5, 11, 8]},
			"faces": {
				"north": {"uv": [6, 1, 7, 4], "texture": "#0"},
				"east": {"uv": [0.5, 1, 1, 4], "texture": "#0"},
				"south": {"uv": [1, 1, 2, 4], "texture": "#0"},
				"west": {"uv": [1, 1, 0.5, 4], "texture": "#0"},
				"up": {"uv": [1, 1, 2, 1.5], "texture": "#0"},
				"down": {"uv": [1, 3.5, 2, 4], "texture": "#0"}
			}
		},
		{
			"from": [2, 14, 2],
			"to": [5, 17, 3],
			"rotation": {"angle": 0, "axis": "y", "origin": [5, 11, 8]},
			"faces": {
				"north": {"uv": [4, 1, 5.5, 2.5], "texture": "#0"},
				"east": {"uv": [0.5, 1, 1, 2.5], "texture": "#0"},
				"south": {"uv": [4.5, 1, 6, 2.5], "texture": "#0"},
				"west": {"uv": [0.5, 1, 1, 2.5], "texture": "#0"},
				"up": {"uv": [1, 1, 2.5, 1.5], "texture": "#0"},
				"down": {"uv": [1, 3.5, 2.5, 4], "texture": "#0"}
			}
		},
		{
			"from": [-1, 11, 2],
			"to": [0, 17, 14],
			"rotation": {"angle": 0, "axis": "y", "origin": [5, 11, 8]},
			"faces": {
				"north": {"uv": [6.5, 1, 7, 4], "texture": "#0"},
				"east": {"uv": [1, 1, 7, 4], "texture": "#0"},
				"south": {"uv": [1, 1, 1.5, 4], "texture": "#0"},
				"west": {"uv": [1, 1, 7, 4], "texture": "#0"},
				"up": {"uv": [1, 1, 7, 1.5], "rotation": 90, "texture": "#0"},
				"down": {"uv": [1, 3.5, 7, 4], "rotation": 90, "texture": "#0"}
			}
		},
		{
			"from": [0, -1, 13],
			"to": [5, 5, 14],
			"rotation": {"angle": 0, "axis": "y", "origin": [5, 5, 8]},
			"faces": {
				"north": {"uv": [0.5, 4, 3, 7], "texture": "#0"},
				"east": {"uv": [0.5, 4, 1, 7], "texture": "#0"},
				"south": {"uv": [1, 4, 3.5, 7], "texture": "#0"},
				"west": {"uv": [0.5, 4, 1, 7], "texture": "#0"},
				"up": {"uv": [1.5, 4.5, 4, 5], "texture": "#0"},
				"down": {"uv": [1.5, 7.5, 4, 8], "texture": "#0"}
			}
		},
		{
			"from": [0, -1, 2],
			"to": [2, 5, 3],
			"rotation": {"angle": 0, "axis": "y", "origin": [5, 5, 8]},
			"faces": {
				"north": {"uv": [1, 4, 2, 7], "texture": "#0"},
				"east": {"uv": [1, 4, 0.5, 7], "texture": "#0"},
				"south": {"uv": [0.5, 4, 1.5, 7], "texture": "#0"},
				"west": {"uv": [0.5, 4, 1, 7], "texture": "#0"},
				"up": {"uv": [1.5, 4.5, 2.5, 5], "texture": "#0"},
				"down": {"uv": [1.5, 7.5, 2.5, 8], "texture": "#0"}
			}
		},
		{
			"from": [2, -1, 2],
			"to": [5, 2, 3],
			"rotation": {"angle": 0, "axis": "y", "origin": [5, 5, 8]},
			"faces": {
				"north": {"uv": [1, 4, 2.5, 5.5], "texture": "#0"},
				"east": {"uv": [0.5, 4, 1, 5.5], "texture": "#0"},
				"south": {"uv": [0.5, 4, 2, 5.5], "texture": "#0"},
				"west": {"uv": [0.5, 4, 1, 5.5], "texture": "#0"},
				"up": {"uv": [1.5, 4.5, 3, 5], "texture": "#0"},
				"down": {"uv": [1.5, 7.5, 3, 8], "texture": "#0"}
			}
		},
		{
			"from": [-1, -1, 2],
			"to": [0, 5, 14],
			"rotation": {"angle": 0, "axis": "y", "origin": [5, 5, 8]},
			"faces": {
				"north": {"uv": [6.5, 4, 7, 7], "texture": "#0"},
				"east": {"uv": [1, 4, 7, 7], "texture": "#0"},
				"south": {"uv": [1, 4, 1.5, 7], "texture": "#0"},
				"west": {"uv": [1, 4, 7, 7], "texture": "#0"},
				"up": {"uv": [1, 3.5, 7, 4], "rotation": 90, "texture": "#0"},
				"down": {"uv": [1, 7, 7, 7.5], "rotation": 90, "texture": "#0"}
			}
		},
		{
			"from": [0, -1, 3],
			"to": [5, 0, 13],
			"rotation": {"angle": 0, "axis": "y", "origin": [5, 5, 8]},
			"faces": {
				"north": {"uv": [0, 0, 2.5, 0.5], "texture": "#0"},
				"east": {"uv": [0, 0, 0.5, 6], "rotation": 90, "texture": "#0"},
				"south": {"uv": [4, 7.5, 6.5, 8], "rotation": 180, "texture": "#0"},
				"west": {"uv": [6.5, 1.5, 7, 6.5], "rotation": 270, "texture": "#0"},
				"up": {"uv": [1.5, 1.5, 4, 6.5], "texture": "#0"},
				"down": {"uv": [4, 1.5, 6.5, 6.5], "rotation": 180, "texture": "#0"}
			}
		},
		{
			"from": [3, 3, 3],
			"to": [13, 13, 13],
			"faces": {
				"north": {"uv": [3, 3, 13, 13], "texture": "#1"},
				"east": {"uv": [3, 3, 13, 13], "texture": "#1"},
				"south": {"uv": [3, 3, 13, 13], "texture": "#1"},
				"west": {"uv": [3, 3, 13, 13], "texture": "#1"},
				"up": {"uv": [3, 3, 13, 13], "texture": "#1"},
				"down": {"uv": [3, 3, 13, 13], "texture": "#1"}
			}
		}
	],
	"display": {
		"head": {
			"scale": [2.5, 2.5, 2.5]
		}
	},
	"groups": [
		{
			"name": "right_top",
			"origin": [8, 8, 8],
			"children": [0, 1, 2, 3, 4]
		},
		{
			"name": "right_bot",
			"origin": [12.07143, 8, 6.42857],
			"children": [5, 6, 7, 8, 9]
		},
		{
			"name": "left_top",
			"origin": [8, 8, 8],
			"children": [10, 11, 12, 13, 14]
		},
		{
			"name": "left_bot",
			"origin": [7, 8, 8],
			"children": [15, 16, 17, 18, 19]
		},
		{
			"name": "body",
			"origin": [8, 8, 8],
			"children": [20]
		}
	]
}