{
	"credit": "Made with Blockbench",
	"textures": {
		"1": "w3e:vehicle/hover/hover",
		"particle": "w3e:vehicle/item/plate_hardened_iron"
	},
	"elements": [
		{
			"from": [-2, -2, 0],
			"to": [0, 0, 8],
			"faces": {
				"north": {"uv": [14, 0, 16, 2], "texture": "#1"},
				"east": {"uv": [4, 0, 6, 8], "rotation": 90, "texture": "#1"},
				"south": {"uv": [14, 0, 16, 2], "texture": "#1"},
				"west": {"uv": [4, 0, 6, 8], "rotation": 90, "texture": "#1"},
				"up": {"uv": [4, 0, 6, 8], "texture": "#1"},
				"down": {"uv": [4, 0, 6, 8], "texture": "#1"}
			}
		},
		{
			"from": [-2, 16, 0],
			"to": [0, 18, 8],
			"faces": {
				"north": {"uv": [14, 2, 16, 0], "texture": "#1"},
				"east": {"uv": [6, 0, 4, 8], "rotation": 90, "texture": "#1"},
				"south": {"uv": [14, 2, 16, 0], "texture": "#1"},
				"west": {"uv": [6, 0, 4, 8], "rotation": 90, "texture": "#1"},
				"up": {"uv": [4, 8, 6, 0], "texture": "#1"},
				"down": {"uv": [4, 8, 6, 0], "texture": "#1"}
			}
		},
		{
			"from": [0, -2, 16],
			"to": [8, 0, 18],
			"faces": {
				"north": {"uv": [4, 0, 6, 8], "rotation": 90, "texture": "#1"},
				"east": {"uv": [14, 0, 16, 2], "texture": "#1"},
				"south": {"uv": [4, 0, 6, 8], "rotation": 90, "texture": "#1"},
				"west": {"uv": [14, 0, 16, 2], "texture": "#1"},
				"up": {"uv": [4, 0, 6, 8], "rotation": 270, "texture": "#1"},
				"down": {"uv": [4, 0, 6, 8], "rotation": 90, "texture": "#1"}
			}
		},
		{
			"from": [0, 0, 16.5],
			"to": [8, 8, 17.5],
			"faces": {
				"north": {"uv": [0, 8, 8, 16], "texture": "#1"},
				"east": {"uv": [4, 0, 6, 8], "texture": "#1"},
				"south": {"uv": [0, 8, 8, 16], "texture": "#1"},
				"west": {"uv": [4, 0, 6, 8], "texture": "#1"},
				"up": {"uv": [4, 0, 6, 8], "rotation": 90, "texture": "#1"},
				"down": {"uv": [4, 0, 6, 8], "rotation": 90, "texture": "#1"}
			}
		},
		{
			"from": [16.5, 0, 8],
			"to": [17.5, 8, 16],
			"faces": {
				"north": {"uv": [4, 0, 6, 8], "texture": "#1"},
				"east": {"uv": [0, 8, 8, 16], "texture": "#1"},
				"south": {"uv": [4, 0, 6, 8], "texture": "#1"},
				"west": {"uv": [0, 8, 8, 16], "texture": "#1"},
				"up": {"uv": [4, 0, 6, 8], "texture": "#1"},
				"down": {"uv": [4, 0, 6, 8], "rotation": 180, "texture": "#1"}
			}
		},
		{
			"from": [8, 16.5, 8],
			"to": [16, 17.5, 16],
			"faces": {
				"north": {"uv": [4, 0, 6, 8], "rotation": 90, "texture": "#1"},
				"east": {"uv": [4, 0, 6, 8], "rotation": 90, "texture": "#1"},
				"south": {"uv": [4, 0, 6, 8], "rotation": 270, "texture": "#1"},
				"west": {"uv": [4, 0, 6, 8], "rotation": 270, "texture": "#1"},
				"up": {"uv": [0, 8, 8, 16], "rotation": 270, "texture": "#1"},
				"down": {"uv": [0, 8, 8, 16], "rotation": 270, "texture": "#1"}
			}
		},
		{
			"from": [0, 0, -1.5],
			"to": [8, 8, -0.5],
			"faces": {
				"north": {"uv": [8, 8, 0, 16], "texture": "#1"},
				"east": {"uv": [6, 0, 4, 8], "texture": "#1"},
				"south": {"uv": [8, 8, 0, 16], "texture": "#1"},
				"west": {"uv": [6, 0, 4, 8], "texture": "#1"},
				"up": {"uv": [6, 0, 4, 8], "rotation": 90, "texture": "#1"},
				"down": {"uv": [6, 0, 4, 8], "rotation": 90, "texture": "#1"}
			}
		},
		{
			"from": [-1.5, 0, 8],
			"to": [-0.5, 8, 16],
			"faces": {
				"north": {"uv": [6, 0, 4, 8], "texture": "#1"},
				"east": {"uv": [8, 8, 0, 16], "texture": "#1"},
				"south": {"uv": [6, 0, 4, 8], "texture": "#1"},
				"west": {"uv": [8, 8, 0, 16], "texture": "#1"},
				"up": {"uv": [6, 0, 4, 8], "texture": "#1"},
				"down": {"uv": [6, 0, 4, 8], "rotation": 180, "texture": "#1"}
			}
		},
		{
			"from": [8, -1.5, 8],
			"to": [16, -0.5, 16],
			"faces": {
				"north": {"uv": [6, 0, 4, 8], "rotation": 90, "texture": "#1"},
				"east": {"uv": [6, 0, 4, 8], "rotation": 90, "texture": "#1"},
				"south": {"uv": [6, 0, 4, 8], "rotation": 270, "texture": "#1"},
				"west": {"uv": [6, 0, 4, 8], "rotation": 270, "texture": "#1"},
				"up": {"uv": [8, 8, 0, 16], "rotation": 270, "texture": "#1"},
				"down": {"uv": [8, 8, 0, 16], "rotation": 270, "texture": "#1"}
			}
		},
		{
			"from": [0, 8, 16.5],
			"to": [8, 16, 17.5],
			"faces": {
				"north": {"uv": [0, 8, 8, 16], "texture": "#1"},
				"east": {"uv": [4, 0, 6, 8], "texture": "#1"},
				"south": {"uv": [0, 8, 8, 16], "texture": "#1"},
				"west": {"uv": [4, 0, 6, 8], "texture": "#1"},
				"up": {"uv": [4, 0, 6, 8], "rotation": 90, "texture": "#1"},
				"down": {"uv": [4, 0, 6, 8], "rotation": 90, "texture": "#1"}
			}
		},
		{
			"from": [16.5, 8, 8],
			"to": [17.5, 16, 16],
			"faces": {
				"north": {"uv": [4, 0, 6, 8], "texture": "#1"},
				"east": {"uv": [0, 8, 8, 16], "texture": "#1"},
				"south": {"uv": [4, 0, 6, 8], "texture": "#1"},
				"west": {"uv": [0, 8, 8, 16], "texture": "#1"},
				"up": {"uv": [4, 0, 6, 8], "texture": "#1"},
				"down": {"uv": [4, 0, 6, 8], "rotation": 180, "texture": "#1"}
			}
		},
		{
			"from": [0, 16.5, 8],
			"to": [8, 17.5, 16],
			"faces": {
				"north": {"uv": [4, 0, 6, 8], "rotation": 90, "texture": "#1"},
				"east": {"uv": [4, 0, 6, 8], "rotation": 90, "texture": "#1"},
				"south": {"uv": [4, 0, 6, 8], "rotation": 270, "texture": "#1"},
				"west": {"uv": [4, 0, 6, 8], "rotation": 270, "texture": "#1"},
				"up": {"uv": [0, 8, 8, 16], "rotation": 270, "texture": "#1"},
				"down": {"uv": [0, 8, 8, 16], "rotation": 270, "texture": "#1"}
			}
		},
		{
			"from": [0, 8, -1.5],
			"to": [8, 16, -0.5],
			"faces": {
				"north": {"uv": [8, 8, 0, 16], "texture": "#1"},
				"east": {"uv": [6, 0, 4, 8], "texture": "#1"},
				"south": {"uv": [8, 8, 0, 16], "texture": "#1"},
				"west": {"uv": [6, 0, 4, 8], "texture": "#1"},
				"up": {"uv": [6, 0, 4, 8], "rotation": 90, "texture": "#1"},
				"down": {"uv": [6, 0, 4, 8], "rotation": 90, "texture": "#1"}
			}
		},
		{
			"from": [-1.5, 8, 8],
			"to": [-0.5, 16, 16],
			"faces": {
				"north": {"uv": [6, 0, 4, 8], "texture": "#1"},
				"east": {"uv": [8, 8, 0, 16], "texture": "#1"},
				"south": {"uv": [6, 0, 4, 8], "texture": "#1"},
				"west": {"uv": [8, 8, 0, 16], "texture": "#1"},
				"up": {"uv": [6, 0, 4, 8], "texture": "#1"},
				"down": {"uv": [6, 0, 4, 8], "rotation": 180, "texture": "#1"}
			}
		},
		{
			"from": [0, -1.5, 8],
			"to": [8, -0.5, 16],
			"faces": {
				"north": {"uv": [6, 0, 4, 8], "rotation": 90, "texture": "#1"},
				"east": {"uv": [6, 0, 4, 8], "rotation": 90, "texture": "#1"},
				"south": {"uv": [6, 0, 4, 8], "rotation": 270, "texture": "#1"},
				"west": {"uv": [6, 0, 4, 8], "rotation": 270, "texture": "#1"},
				"up": {"uv": [8, 8, 0, 16], "rotation": 270, "texture": "#1"},
				"down": {"uv": [8, 8, 0, 16], "rotation": 270, "texture": "#1"}
			}
		},
		{
			"from": [8, 0, 16.5],
			"to": [16, 8, 17.5],
			"faces": {
				"north": {"uv": [0, 8, 8, 16], "texture": "#1"},
				"east": {"uv": [4, 0, 6, 8], "texture": "#1"},
				"south": {"uv": [0, 8, 8, 16], "texture": "#1"},
				"west": {"uv": [4, 0, 6, 8], "texture": "#1"},
				"up": {"uv": [4, 0, 6, 8], "rotation": 90, "texture": "#1"},
				"down": {"uv": [4, 0, 6, 8], "rotation": 90, "texture": "#1"}
			}
		},
		{
			"from": [16.5, 0, 0],
			"to": [17.5, 8, 8],
			"faces": {
				"north": {"uv": [4, 0, 6, 8], "texture": "#1"},
				"east": {"uv": [0, 8, 8, 16], "texture": "#1"},
				"south": {"uv": [4, 0, 6, 8], "texture": "#1"},
				"west": {"uv": [0, 8, 8, 16], "texture": "#1"},
				"up": {"uv": [4, 0, 6, 8], "texture": "#1"},
				"down": {"uv": [4, 0, 6, 8], "rotation": 180, "texture": "#1"}
			}
		},
		{
			"from": [8, 16.5, 0],
			"to": [16, 17.5, 8],
			"faces": {
				"north": {"uv": [4, 0, 6, 8], "rotation": 90, "texture": "#1"},
				"east": {"uv": [4, 0, 6, 8], "rotation": 90, "texture": "#1"},
				"south": {"uv": [4, 0, 6, 8], "rotation": 270, "texture": "#1"},
				"west": {"uv": [4, 0, 6, 8], "rotation": 270, "texture": "#1"},
				"up": {"uv": [0, 8, 8, 16], "rotation": 270, "texture": "#1"},
				"down": {"uv": [0, 8, 8, 16], "rotation": 270, "texture": "#1"}
			}
		},
		{
			"from": [8, 0, -1.5],
			"to": [16, 8, -0.5],
			"faces": {
				"north": {"uv": [8, 8, 0, 16], "texture": "#1"},
				"east": {"uv": [6, 0, 4, 8], "texture": "#1"},
				"south": {"uv": [8, 8, 0, 16], "texture": "#1"},
				"west": {"uv": [6, 0, 4, 8], "texture": "#1"},
				"up": {"uv": [6, 0, 4, 8], "rotation": 90, "texture": "#1"},
				"down": {"uv": [6, 0, 4, 8], "rotation": 90, "texture": "#1"}
			}
		},
		{
			"from": [-1.5, 0, 0],
			"to": [-0.5, 8, 8],
			"faces": {
				"north": {"uv": [6, 0, 4, 8], "texture": "#1"},
				"east": {"uv": [8, 8, 0, 16], "texture": "#1"},
				"south": {"uv": [6, 0, 4, 8], "texture": "#1"},
				"west": {"uv": [8, 8, 0, 16], "texture": "#1"},
				"up": {"uv": [6, 0, 4, 8], "texture": "#1"},
				"down": {"uv": [6, 0, 4, 8], "rotation": 180, "texture": "#1"}
			}
		},
		{
			"from": [8, -1.5, 0],
			"to": [16, -0.5, 8],
			"faces": {
				"north": {"uv": [6, 0, 4, 8], "rotation": 90, "texture": "#1"},
				"east": {"uv": [6, 0, 4, 8], "rotation": 90, "texture": "#1"},
				"south": {"uv": [6, 0, 4, 8], "rotation": 270, "texture": "#1"},
				"west": {"uv": [6, 0, 4, 8], "rotation": 270, "texture": "#1"},
				"up": {"uv": [8, 8, 0, 16], "rotation": 270, "texture": "#1"},
				"down": {"uv": [8, 8, 0, 16], "rotation": 270, "texture": "#1"}
			}
		},
		{
			"from": [8, 8, 16.5],
			"to": [16, 16, 17.5],
			"faces": {
				"north": {"uv": [0, 8, 8, 16], "texture": "#1"},
				"east": {"uv": [4, 0, 6, 8], "texture": "#1"},
				"south": {"uv": [0, 8, 8, 16], "texture": "#1"},
				"west": {"uv": [4, 0, 6, 8], "texture": "#1"},
				"up": {"uv": [4, 0, 6, 8], "rotation": 90, "texture": "#1"},
				"down": {"uv": [4, 0, 6, 8], "rotation": 90, "texture": "#1"}
			}
		},
		{
			"from": [16.5, 8, 0],
			"to": [17.5, 16, 8],
			"faces": {
				"north": {"uv": [4, 0, 6, 8], "texture": "#1"},
				"east": {"uv": [0, 8, 8, 16], "texture": "#1"},
				"south": {"uv": [4, 0, 6, 8], "texture": "#1"},
				"west": {"uv": [0, 8, 8, 16], "texture": "#1"},
				"up": {"uv": [4, 0, 6, 8], "texture": "#1"},
				"down": {"uv": [4, 0, 6, 8], "rotation": 180, "texture": "#1"}
			}
		},
		{
			"from": [0, 16.5, 0],
			"to": [8, 17.5, 8],
			"faces": {
				"north": {"uv": [4, 0, 6, 8], "rotation": 90, "texture": "#1"},
				"east": {"uv": [4, 0, 6, 8], "rotation": 90, "texture": "#1"},
				"south": {"uv": [4, 0, 6, 8], "rotation": 270, "texture": "#1"},
				"west": {"uv": [4, 0, 6, 8], "rotation": 270, "texture": "#1"},
				"up": {"uv": [0, 8, 8, 16], "rotation": 270, "texture": "#1"},
				"down": {"uv": [0, 8, 8, 16], "rotation": 270, "texture": "#1"}
			}
		},
		{
			"from": [8, 8, -1.5],
			"to": [16, 16, -0.5],
			"faces": {
				"north": {"uv": [8, 8, 0, 16], "texture": "#1"},
				"east": {"uv": [6, 0, 4, 8], "texture": "#1"},
				"south": {"uv": [8, 8, 0, 16], "texture": "#1"},
				"west": {"uv": [6, 0, 4, 8], "texture": "#1"},
				"up": {"uv": [6, 0, 4, 8], "rotation": 90, "texture": "#1"},
				"down": {"uv": [6, 0, 4, 8], "rotation": 90, "texture": "#1"}
			}
		},
		{
			"from": [-1.5, 8, 0],
			"to": [-0.5, 16, 8],
			"faces": {
				"north": {"uv": [6, 0, 4, 8], "texture": "#1"},
				"east": {"uv": [8, 8, 0, 16], "texture": "#1"},
				"south": {"uv": [6, 0, 4, 8], "texture": "#1"},
				"west": {"uv": [8, 8, 0, 16], "texture": "#1"},
				"up": {"uv": [6, 0, 4, 8], "texture": "#1"},
				"down": {"uv": [6, 0, 4, 8], "rotation": 180, "texture": "#1"}
			}
		},
		{
			"from": [0, -1.5, 0],
			"to": [8, -0.5, 8],
			"faces": {
				"north": {"uv": [6, 0, 4, 8], "rotation": 90, "texture": "#1"},
				"east": {"uv": [6, 0, 4, 8], "rotation": 90, "texture": "#1"},
				"south": {"uv": [6, 0, 4, 8], "rotation": 270, "texture": "#1"},
				"west": {"uv": [6, 0, 4, 8], "rotation": 270, "texture": "#1"},
				"up": {"uv": [8, 8, 0, 16], "rotation": 270, "texture": "#1"},
				"down": {"uv": [8, 8, 0, 16], "rotation": 270, "texture": "#1"}
			}
		},
		{
			"from": [16, 0, 16],
			"to": [18, 8, 18],
			"faces": {
				"north": {"uv": [4, 0, 6, 8], "rotation": 180, "texture": "#1"},
				"east": {"uv": [4, 0, 6, 8], "texture": "#1"},
				"south": {"uv": [4, 0, 6, 8], "texture": "#1"},
				"west": {"uv": [4, 0, 6, 8], "rotation": 180, "texture": "#1"},
				"up": {"uv": [14, 0, 16, 2], "rotation": 270, "texture": "#1"},
				"down": {"uv": [14, 0, 16, 2], "rotation": 270, "texture": "#1"}
			}
		},
		{
			"from": [0, 16, 16],
			"to": [8, 18, 18],
			"faces": {
				"north": {"uv": [6, 0, 4, 8], "rotation": 90, "texture": "#1"},
				"east": {"uv": [14, 2, 16, 0], "texture": "#1"},
				"south": {"uv": [6, 0, 4, 8], "rotation": 90, "texture": "#1"},
				"west": {"uv": [14, 2, 16, 0], "texture": "#1"},
				"up": {"uv": [6, 0, 4, 8], "rotation": 90, "texture": "#1"},
				"down": {"uv": [6, 0, 4, 8], "rotation": 270, "texture": "#1"}
			}
		},
		{
			"from": [-2, 0, 16],
			"to": [0, 8, 18],
			"faces": {
				"north": {"uv": [6, 0, 4, 8], "rotation": 180, "texture": "#1"},
				"east": {"uv": [6, 0, 4, 8], "rotation": 180, "texture": "#1"},
				"south": {"uv": [6, 0, 4, 8], "texture": "#1"},
				"west": {"uv": [6, 0, 4, 8], "texture": "#1"},
				"up": {"uv": [14, 2, 16, 0], "rotation": 270, "texture": "#1"},
				"down": {"uv": [14, 2, 16, 0], "rotation": 270, "texture": "#1"}
			}
		},
		{
			"from": [16, -2, 0],
			"to": [18, 0, 8],
			"faces": {
				"north": {"uv": [16, 0, 14, 2], "texture": "#1"},
				"east": {"uv": [4, 8, 6, 0], "rotation": 90, "texture": "#1"},
				"south": {"uv": [16, 0, 14, 2], "texture": "#1"},
				"west": {"uv": [4, 8, 6, 0], "rotation": 90, "texture": "#1"},
				"up": {"uv": [6, 0, 4, 8], "texture": "#1"},
				"down": {"uv": [6, 0, 4, 8], "texture": "#1"}
			}
		},
		{
			"from": [16, 16, 0],
			"to": [18, 18, 8],
			"faces": {
				"north": {"uv": [16, 2, 14, 0], "texture": "#1"},
				"east": {"uv": [6, 8, 4, 0], "rotation": 90, "texture": "#1"},
				"south": {"uv": [16, 2, 14, 0], "texture": "#1"},
				"west": {"uv": [6, 8, 4, 0], "rotation": 90, "texture": "#1"},
				"up": {"uv": [6, 8, 4, 0], "texture": "#1"},
				"down": {"uv": [6, 8, 4, 0], "texture": "#1"}
			}
		},
		{
			"from": [0, -2, -2],
			"to": [8, 0, 0],
			"faces": {
				"north": {"uv": [4, 8, 6, 0], "rotation": 90, "texture": "#1"},
				"east": {"uv": [16, 0, 14, 2], "texture": "#1"},
				"south": {"uv": [4, 8, 6, 0], "rotation": 90, "texture": "#1"},
				"west": {"uv": [16, 0, 14, 2], "texture": "#1"},
				"up": {"uv": [6, 0, 4, 8], "rotation": 270, "texture": "#1"},
				"down": {"uv": [6, 0, 4, 8], "rotation": 90, "texture": "#1"}
			}
		},
		{
			"from": [16, 0, -2],
			"to": [18, 8, 0],
			"faces": {
				"north": {"uv": [4, 8, 6, 0], "rotation": 180, "texture": "#1"},
				"east": {"uv": [6, 0, 4, 8], "texture": "#1"},
				"south": {"uv": [4, 8, 6, 0], "texture": "#1"},
				"west": {"uv": [6, 0, 4, 8], "rotation": 180, "texture": "#1"},
				"up": {"uv": [16, 0, 14, 2], "rotation": 270, "texture": "#1"},
				"down": {"uv": [16, 0, 14, 2], "rotation": 270, "texture": "#1"}
			}
		},
		{
			"from": [0, 16, -2],
			"to": [8, 18, 0],
			"faces": {
				"north": {"uv": [6, 8, 4, 0], "rotation": 90, "texture": "#1"},
				"east": {"uv": [16, 2, 14, 0], "texture": "#1"},
				"south": {"uv": [6, 8, 4, 0], "rotation": 90, "texture": "#1"},
				"west": {"uv": [16, 2, 14, 0], "texture": "#1"},
				"up": {"uv": [4, 0, 6, 8], "rotation": 90, "texture": "#1"},
				"down": {"uv": [4, 0, 6, 8], "rotation": 270, "texture": "#1"}
			}
		},
		{
			"from": [-2, 0, -2],
			"to": [0, 8, 0],
			"faces": {
				"north": {"uv": [6, 8, 4, 0], "rotation": 180, "texture": "#1"},
				"east": {"uv": [4, 0, 6, 8], "rotation": 180, "texture": "#1"},
				"south": {"uv": [6, 8, 4, 0], "texture": "#1"},
				"west": {"uv": [4, 0, 6, 8], "texture": "#1"},
				"up": {"uv": [16, 2, 14, 0], "rotation": 270, "texture": "#1"},
				"down": {"uv": [16, 2, 14, 0], "rotation": 270, "texture": "#1"}
			}
		},
		{
			"from": [-2, -2, 8],
			"to": [0, 0, 16],
			"faces": {
				"north": {"uv": [14, 0, 16, 2], "texture": "#1"},
				"east": {"uv": [4, 0, 6, 8], "rotation": 90, "texture": "#1"},
				"south": {"uv": [14, 0, 16, 2], "texture": "#1"},
				"west": {"uv": [4, 0, 6, 8], "rotation": 90, "texture": "#1"},
				"up": {"uv": [4, 0, 6, 8], "texture": "#1"},
				"down": {"uv": [4, 0, 6, 8], "texture": "#1"}
			}
		},
		{
			"from": [-2, 16, 8],
			"to": [0, 18, 16],
			"faces": {
				"north": {"uv": [14, 2, 16, 0], "texture": "#1"},
				"east": {"uv": [6, 0, 4, 8], "rotation": 90, "texture": "#1"},
				"south": {"uv": [14, 2, 16, 0], "texture": "#1"},
				"west": {"uv": [6, 0, 4, 8], "rotation": 90, "texture": "#1"},
				"up": {"uv": [4, 8, 6, 0], "texture": "#1"},
				"down": {"uv": [4, 8, 6, 0], "texture": "#1"}
			}
		},
		{
			"from": [8, -2, 16],
			"to": [16, 0, 18],
			"faces": {
				"north": {"uv": [4, 0, 6, 8], "rotation": 90, "texture": "#1"},
				"east": {"uv": [14, 0, 16, 2], "texture": "#1"},
				"south": {"uv": [4, 0, 6, 8], "rotation": 90, "texture": "#1"},
				"west": {"uv": [14, 0, 16, 2], "texture": "#1"},
				"up": {"uv": [4, 0, 6, 8], "rotation": 270, "texture": "#1"},
				"down": {"uv": [4, 0, 6, 8], "rotation": 90, "texture": "#1"}
			}
		},
		{
			"from": [16, 8, 16],
			"to": [18, 16, 18],
			"faces": {
				"north": {"uv": [4, 0, 6, 8], "rotation": 180, "texture": "#1"},
				"east": {"uv": [4, 0, 6, 8], "texture": "#1"},
				"south": {"uv": [4, 0, 6, 8], "texture": "#1"},
				"west": {"uv": [4, 0, 6, 8], "rotation": 180, "texture": "#1"},
				"up": {"uv": [14, 0, 16, 2], "rotation": 270, "texture": "#1"},
				"down": {"uv": [14, 0, 16, 2], "rotation": 270, "texture": "#1"}
			}
		},
		{
			"from": [8, 16, 16],
			"to": [16, 18, 18],
			"faces": {
				"north": {"uv": [6, 0, 4, 8], "rotation": 90, "texture": "#1"},
				"east": {"uv": [14, 2, 16, 0], "texture": "#1"},
				"south": {"uv": [6, 0, 4, 8], "rotation": 90, "texture": "#1"},
				"west": {"uv": [14, 2, 16, 0], "texture": "#1"},
				"up": {"uv": [6, 0, 4, 8], "rotation": 90, "texture": "#1"},
				"down": {"uv": [6, 0, 4, 8], "rotation": 270, "texture": "#1"}
			}
		},
		{
			"from": [-2, 8, 16],
			"to": [0, 16, 18],
			"faces": {
				"north": {"uv": [6, 0, 4, 8], "rotation": 180, "texture": "#1"},
				"east": {"uv": [6, 0, 4, 8], "rotation": 180, "texture": "#1"},
				"south": {"uv": [6, 0, 4, 8], "texture": "#1"},
				"west": {"uv": [6, 0, 4, 8], "texture": "#1"},
				"up": {"uv": [14, 2, 16, 0], "rotation": 270, "texture": "#1"},
				"down": {"uv": [14, 2, 16, 0], "rotation": 270, "texture": "#1"}
			}
		},
		{
			"from": [16, -2, 8],
			"to": [18, 0, 16],
			"faces": {
				"north": {"uv": [16, 0, 14, 2], "texture": "#1"},
				"east": {"uv": [4, 8, 6, 0], "rotation": 90, "texture": "#1"},
				"south": {"uv": [16, 0, 14, 2], "texture": "#1"},
				"west": {"uv": [4, 8, 6, 0], "rotation": 90, "texture": "#1"},
				"up": {"uv": [6, 0, 4, 8], "texture": "#1"},
				"down": {"uv": [6, 0, 4, 8], "texture": "#1"}
			}
		},
		{
			"from": [16, 16, 8],
			"to": [18, 18, 16],
			"faces": {
				"north": {"uv": [16, 2, 14, 0], "texture": "#1"},
				"east": {"uv": [6, 8, 4, 0], "rotation": 90, "texture": "#1"},
				"south": {"uv": [16, 2, 14, 0], "texture": "#1"},
				"west": {"uv": [6, 8, 4, 0], "rotation": 90, "texture": "#1"},
				"up": {"uv": [6, 8, 4, 0], "texture": "#1"},
				"down": {"uv": [6, 8, 4, 0], "texture": "#1"}
			}
		},
		{
			"from": [8, -2, -2],
			"to": [16, 0, 0],
			"faces": {
				"north": {"uv": [4, 8, 6, 0], "rotation": 90, "texture": "#1"},
				"east": {"uv": [16, 0, 14, 2], "texture": "#1"},
				"south": {"uv": [4, 8, 6, 0], "rotation": 90, "texture": "#1"},
				"west": {"uv": [16, 0, 14, 2], "texture": "#1"},
				"up": {"uv": [6, 0, 4, 8], "rotation": 270, "texture": "#1"},
				"down": {"uv": [6, 0, 4, 8], "rotation": 90, "texture": "#1"}
			}
		},
		{
			"from": [16, 8, -2],
			"to": [18, 16, 0],
			"faces": {
				"north": {"uv": [4, 8, 6, 0], "rotation": 180, "texture": "#1"},
				"east": {"uv": [6, 0, 4, 8], "texture": "#1"},
				"south": {"uv": [4, 8, 6, 0], "texture": "#1"},
				"west": {"uv": [6, 0, 4, 8], "rotation": 180, "texture": "#1"},
				"up": {"uv": [16, 0, 14, 2], "rotation": 270, "texture": "#1"},
				"down": {"uv": [16, 0, 14, 2], "rotation": 270, "texture": "#1"}
			}
		},
		{
			"from": [8, 16, -2],
			"to": [16, 18, 0],
			"faces": {
				"north": {"uv": [6, 8, 4, 0], "rotation": 90, "texture": "#1"},
				"east": {"uv": [16, 2, 14, 0], "texture": "#1"},
				"south": {"uv": [6, 8, 4, 0], "rotation": 90, "texture": "#1"},
				"west": {"uv": [16, 2, 14, 0], "texture": "#1"},
				"up": {"uv": [4, 0, 6, 8], "rotation": 90, "texture": "#1"},
				"down": {"uv": [4, 0, 6, 8], "rotation": 270, "texture": "#1"}
			}
		},
		{
			"from": [-2, 8, -2],
			"to": [0, 16, 0],
			"faces": {
				"north": {"uv": [6, 8, 4, 0], "rotation": 180, "texture": "#1"},
				"east": {"uv": [4, 0, 6, 8], "rotation": 180, "texture": "#1"},
				"south": {"uv": [6, 8, 4, 0], "texture": "#1"},
				"west": {"uv": [4, 0, 6, 8], "texture": "#1"},
				"up": {"uv": [16, 2, 14, 0], "rotation": 270, "texture": "#1"},
				"down": {"uv": [16, 2, 14, 0], "rotation": 270, "texture": "#1"}
			}
		},
		{
			"from": [-3, -3, -3],
			"to": [1, 1, 1],
			"faces": {
				"north": {"uv": [13, 3, 15, 5], "texture": "#1"},
				"east": {"uv": [13, 3, 15, 5], "texture": "#1"},
				"south": {"uv": [13, 3, 15, 5], "texture": "#1"},
				"west": {"uv": [13, 3, 15, 5], "texture": "#1"},
				"up": {"uv": [13, 3, 15, 5], "texture": "#1"},
				"down": {"uv": [13, 3, 15, 5], "texture": "#1"}
			}
		},
		{
			"from": [15, -3, -3],
			"to": [19, 1, 1],
			"rotation": {"angle": 0, "axis": "y", "origin": [26, 8, 8]},
			"faces": {
				"north": {"uv": [13, 3, 15, 5], "texture": "#1"},
				"east": {"uv": [13, 3, 15, 5], "texture": "#1"},
				"south": {"uv": [13, 3, 15, 5], "texture": "#1"},
				"west": {"uv": [13, 3, 15, 5], "texture": "#1"},
				"up": {"uv": [13, 3, 15, 5], "texture": "#1"},
				"down": {"uv": [13, 3, 15, 5], "texture": "#1"}
			}
		},
		{
			"from": [-3, 15, -3],
			"to": [1, 19, 1],
			"rotation": {"angle": 0, "axis": "y", "origin": [8, 26, 8]},
			"faces": {
				"north": {"uv": [13, 3, 15, 5], "texture": "#1"},
				"east": {"uv": [13, 3, 15, 5], "texture": "#1"},
				"south": {"uv": [13, 3, 15, 5], "texture": "#1"},
				"west": {"uv": [13, 3, 15, 5], "texture": "#1"},
				"up": {"uv": [13, 3, 15, 5], "texture": "#1"},
				"down": {"uv": [13, 3, 15, 5], "texture": "#1"}
			}
		},
		{
			"from": [15, 15, -3],
			"to": [19, 19, 1],
			"rotation": {"angle": 0, "axis": "y", "origin": [26, 26, 8]},
			"faces": {
				"north": {"uv": [13, 3, 15, 5], "texture": "#1"},
				"east": {"uv": [13, 3, 15, 5], "texture": "#1"},
				"south": {"uv": [13, 3, 15, 5], "texture": "#1"},
				"west": {"uv": [13, 3, 15, 5], "texture": "#1"},
				"up": {"uv": [13, 3, 15, 5], "texture": "#1"},
				"down": {"uv": [13, 3, 15, 5], "texture": "#1"}
			}
		},
		{
			"from": [-3, -3, 15],
			"to": [1, 1, 19],
			"faces": {
				"north": {"uv": [13, 3, 15, 5], "texture": "#1"},
				"east": {"uv": [13, 3, 15, 5], "texture": "#1"},
				"south": {"uv": [13, 3, 15, 5], "texture": "#1"},
				"west": {"uv": [13, 3, 15, 5], "texture": "#1"},
				"up": {"uv": [13, 3, 15, 5], "texture": "#1"},
				"down": {"uv": [13, 3, 15, 5], "texture": "#1"}
			}
		},
		{
			"from": [15, -3, 15],
			"to": [19, 1, 19],
			"rotation": {"angle": 0, "axis": "y", "origin": [26, 8, 8]},
			"faces": {
				"north": {"uv": [13, 3, 15, 5], "texture": "#1"},
				"east": {"uv": [13, 3, 15, 5], "texture": "#1"},
				"south": {"uv": [13, 3, 15, 5], "texture": "#1"},
				"west": {"uv": [13, 3, 15, 5], "texture": "#1"},
				"up": {"uv": [13, 3, 15, 5], "texture": "#1"},
				"down": {"uv": [13, 3, 15, 5], "texture": "#1"}
			}
		},
		{
			"from": [-3, 15, 15],
			"to": [1, 19, 19],
			"rotation": {"angle": 0, "axis": "y", "origin": [8, 26, 8]},
			"faces": {
				"north": {"uv": [13, 3, 15, 5], "texture": "#1"},
				"east": {"uv": [13, 3, 15, 5], "texture": "#1"},
				"south": {"uv": [13, 3, 15, 5], "texture": "#1"},
				"west": {"uv": [13, 3, 15, 5], "texture": "#1"},
				"up": {"uv": [13, 3, 15, 5], "texture": "#1"},
				"down": {"uv": [13, 3, 15, 5], "texture": "#1"}
			}
		},
		{
			"from": [15, 15, 15],
			"to": [19, 19, 19],
			"rotation": {"angle": 0, "axis": "y", "origin": [26, 26, 8]},
			"faces": {
				"north": {"uv": [13, 3, 15, 5], "texture": "#1"},
				"east": {"uv": [13, 3, 15, 5], "texture": "#1"},
				"south": {"uv": [13, 3, 15, 5], "texture": "#1"},
				"west": {"uv": [13, 3, 15, 5], "texture": "#1"},
				"up": {"uv": [13, 3, 15, 5], "texture": "#1"},
				"down": {"uv": [13, 3, 15, 5], "texture": "#1"}
			}
		}
	],
	"display": {
		"thirdperson_righthand": {
			"rotation": [15, 25, 0],
			"scale": [0.7, 0.7, 0.7]
		},
		"firstperson_righthand": {
			"rotation": [25, 15, 0]
		},
		"gui": {
			"rotation": [45, 45, 0],
			"translation": [0, 0.5, 0]
		},
		"head": {
			"translation": [0, -28, 0],
			"scale": [1.5, 1.5, 1.5]
		}
	}
}