{
	"credit": "Made with Blockbench",
	"texture_size": [64, 64],
	"textures": {
		"0": "w3e:recources/knight1",
		"particle": "w3e:recources/knight1"
	},
	"elements": [
		{
			"from": [3.5, 2.75, 5.5],
			"to": [12.5, 16.75, 10.5],
			"rotation": {"angle": 0, "axis": "y", "origin": [8.5, 8.5, 7]},
			"faces": {
				"north": {"uv": [1.25, 0, 3.5, 3.5], "texture": "#0"},
				"east": {"uv": [3.5, 0, 4.75, 3.5], "texture": "#0"},
				"south": {"uv": [4.75, 0, 7, 3.5], "texture": "#0"},
				"west": {"uv": [0, 0, 1.25, 3.5], "texture": "#0"},
				"up": {"uv": [7, 0, 8.75, 1.25], "texture": "#0"},
				"down": {"uv": [7, 1.25, 8.75, 2.5], "texture": "#0"}
			}
		},
		{
			"from": [-0.75, 13.25, 4.25],
			"to": [5.25, 19.75, 11.75],
			"rotation": {"angle": -22.5, "axis": "z", "origin": [2, 17.25, 8]},
			"color": 2,
			"faces": {
				"north": {"uv": [0, 0, 1.5, 1.625], "texture": "#missing"},
				"east": {"uv": [0, 0, 1.875, 1.625], "texture": "#missing"},
				"south": {"uv": [0, 0, 1.5, 1.625], "texture": "#missing"},
				"west": {"uv": [0, 0, 1.875, 1.625], "texture": "#missing"},
				"up": {"uv": [0, 0, 1.5, 1.875], "texture": "#missing"},
				"down": {"uv": [0, 0, 1.5, 1.875], "texture": "#missing"}
			}
		},
		{
			"from": [10.75, 13.25, 4.25],
			"to": [16.75, 19.75, 11.75],
			"rotation": {"angle": 22.5, "axis": "z", "origin": [14, 17.25, 8]},
			"color": 2,
			"faces": {
				"north": {"uv": [1.25, 0, 2.75, 1.625], "texture": "#missing"},
				"east": {"uv": [1.375, 0, 3.25, 1.625], "texture": "#missing"},
				"south": {"uv": [1.25, 0, 2.75, 1.625], "texture": "#missing"},
				"west": {"uv": [1.375, 0, 3.25, 1.625], "texture": "#missing"},
				"up": {"uv": [1.25, 0, 2.75, 1.875], "texture": "#missing"},
				"down": {"uv": [1.25, 0, 2.75, 1.875], "texture": "#missing"}
			}
		},
		{
			"from": [3.5, -9.25, 6],
			"to": [7.75, 2.75, 10],
			"rotation": {"angle": 0, "axis": "y", "origin": [11.75, 32, 7.75]},
			"color": 0,
			"faces": {
				"north": {"uv": [0, 0, 1.0625, 3], "texture": "#missing"},
				"east": {"uv": [0, 0, 1, 3], "texture": "#missing"},
				"south": {"uv": [0, 0, 1.0625, 3], "texture": "#missing"},
				"west": {"uv": [0, 0, 1, 3], "texture": "#missing"},
				"up": {"uv": [0, 0, 1.0625, 1], "texture": "#missing"},
				"down": {"uv": [0, 0, 1.0625, 1], "texture": "#missing"}
			}
		},
		{
			"from": [8.25, -9.25, 6],
			"to": [12.5, 2.75, 10],
			"rotation": {"angle": 0, "axis": "y", "origin": [4.25, 32, 7.75]},
			"color": 0,
			"faces": {
				"north": {"uv": [1.0625, 0, 2.125, 3], "texture": "#missing"},
				"east": {"uv": [1, 0, 2, 3], "texture": "#missing"},
				"south": {"uv": [1.0625, 0, 2.125, 3], "texture": "#missing"},
				"west": {"uv": [1, 0, 2, 3], "texture": "#missing"},
				"up": {"uv": [1.0625, 0, 2.125, 1], "texture": "#missing"},
				"down": {"uv": [1.0625, 0, 2.125, 1], "texture": "#missing"}
			}
		},
		{
			"from": [3.5, 16.5, 3.5],
			"to": [12.5, 25.5, 12.5],
			"rotation": {"angle": 0, "axis": "y", "origin": [14.5, -7.5, 12.5]},
			"color": 3,
			"faces": {
				"north": {"uv": [0, 0, 2.25, 2.25], "texture": "#missing"},
				"east": {"uv": [0, 0, 2.25, 2.25], "texture": "#missing"},
				"south": {"uv": [0, 0, 2.25, 2.25], "texture": "#missing"},
				"west": {"uv": [0, 0, 2.25, 2.25], "texture": "#missing"},
				"up": {"uv": [0, 0, 2.25, 2.25], "texture": "#missing"},
				"down": {"uv": [0, 0, 2.25, 2.25], "texture": "#missing"}
			}
		},
		{
			"from": [3.75, 9.5, 4.35],
			"to": [7.75, 15.5, 5.35],
			"rotation": {"angle": 22.5, "axis": "y", "origin": [6.48648, 13.00216, 5.36136]},
			"color": 2,
			"faces": {
				"north": {"uv": [0, 0, 1, 1.5], "texture": "#missing"},
				"east": {"uv": [0, 0, 0.25, 1.5], "texture": "#missing"},
				"south": {"uv": [0, 0, 1, 1.5], "texture": "#missing"},
				"west": {"uv": [0, 0, 0.25, 1.5], "texture": "#missing"},
				"up": {"uv": [0, 0, 1, 0.25], "texture": "#missing"},
				"down": {"uv": [0, 0, 1, 0.25], "texture": "#missing"}
			}
		},
		{
			"from": [8.25, 9.5, 4.35],
			"to": [12.25, 15.5, 5.35],
			"rotation": {"angle": -22.5, "axis": "y", "origin": [9.51352, 13.00216, 5.36136]},
			"color": 2,
			"faces": {
				"north": {"uv": [1, 0, 2, 1.5], "texture": "#missing"},
				"east": {"uv": [0.25, 0, 0.5, 1.5], "texture": "#missing"},
				"south": {"uv": [1, 0, 2, 1.5], "texture": "#missing"},
				"west": {"uv": [0.25, 0, 0.5, 1.5], "texture": "#missing"},
				"up": {"uv": [1, 0, 2, 0.25], "texture": "#missing"},
				"down": {"uv": [1, 0, 2, 0.25], "texture": "#missing"}
			}
		}
	],
	"display": {
		"head": {
			"translation": [0, -15.25, 0],
			"scale": [1.7, 1.7, 1.7]
		}
	}
}