{
	"credit": "Made with Blockbench",
	"textures": {
		"0": "w3e:core/block/box",
		"particle": "w3e:core/block/box"
	},
	"elements": [
		{
			"from": [0, 0, 0],
			"to": [16, 16, 16],
			"rotation": {"angle": 0, "axis": "y", "origin": [7.75, 8.25, 7.5]},
			"faces": {
				"north": {"uv": [8, 0, 16, 8], "texture": "#0"},
				"east": {"uv": [8, 0, 16, 8], "texture": "#0"},
				"south": {"uv": [8, 0, 16, 8], "texture": "#0"},
				"west": {"uv": [8, 0, 16, 8], "texture": "#0"},
				"up": {"uv": [0, 0, 8, 8], "rotation": 90, "texture": "#0"},
				"down": {"uv": [8, 0, 16, 8], "texture": "#0"}
			}
		}
	],
	"display": {
		"thirdperson_righthand": {
			"rotation": [75, 45, 0],
			"translation": [0, 2.5, 0],
			"scale": [0.375, 0.375, 0.375]
		},
		"thirdperson_lefthand": {
			"rotation": [75, 45, 0],
			"translation": [0, 2.5, 0],
			"scale": [0.375, 0.375, 0.375]
		},
		"firstperson_righthand": {
			"rotation": [0, 45, 0],
			"scale": [0.4, 0.4, 0.4]
		},
		"firstperson_lefthand": {
			"rotation": [0, 225, 0],
			"scale": [0.4, 0.4, 0.4]
		},
		"ground": {
			"translation": [0, 3, 0],
			"scale": [0.25, 0.25, 0.25]
		},
		"gui": {
			"rotation": [30, 225, 0],
			"scale": [0.625, 0.625, 0.625]
		},
		"head": {
			"translation": [0, -30.43, 0],
			"scale": [1.605, 1.605, 1.605]
		},
		"fixed": {
			"scale": [0.5, 0.5, 0.5]
		}
	}
}