{
	"credit": "Made with Blockbench",
	"texture_size": [32, 32],
	"textures": {
		"0": "w3e:spirits/rangespirit/body1"
	},
	"elements": [
		{
			"from": [3.875, 1, 5.5],
			"to": [12.125, 15, 10.5],
			"rotation": {"angle": 0, "axis": "y", "origin": [8.125, 8, 8]},
			"faces": {
				"north": {"uv": [2.75, 0, 7, 7], "texture": "#0"},
				"east": {"uv": [9.75, 0, 7.25, 7], "texture": "#0"},
				"south": {"uv": [9.75, 0, 14, 7], "texture": "#0"},
				"west": {"uv": [2.5, 0, 0, 7], "texture": "#0"},
				"up": {"uv": [0, 9.75, 4.25, 7.25], "texture": "#0"},
				"down": {"uv": [0, 9.5, 4.25, 12], "rotation": 180, "texture": "#0"}
			}
		}
	],
	"display": {
		"head": {
			"translation": [0, 2.5, 0],
			"scale": [1.4, 1.4, 1.4]
		}
	}
}