{
	"credit": "Made with Blockbench",
	"texture_size": [32, 32],
	"textures": {
		"1": "w3e:spirits/rangespirit/hand1"
	},
	"elements": [
		{
			"from": [6.52256, 11.73367, 7],
			"to": [8.22256, 13.73367, 9],
			"rotation": {"angle": -22.5, "axis": "z", "origin": [11.02315, 10.38624, 8.01866]},
			"faces": {
				"north": {"uv": [0, 0, 3.7, 4.5], "texture": "#1"},
				"east": {"uv": [4.5, 0, 7.5, 3.25], "texture": "#1"},
				"south": {"uv": [3.45, 0, 0, 4], "texture": "#1"},
				"west": {"uv": [4, 0, 8.45, 4], "texture": "#1"},
				"up": {"uv": [4, 0, 8.45, 3.45], "rotation": 90, "texture": "#1"},
				"down": {"uv": [0, 2.75, 2, 4.25], "rotation": 270, "texture": "#1"}
			}
		},
		{
			"from": [7.48976, 9.75401, 7.1],
			"to": [8.98976, 13.55401, 8.9],
			"rotation": {"angle": 0, "axis": "z", "origin": [11.02315, 10.28624, 7.99366]},
			"faces": {
				"north": {"uv": [0.25, 4.5, 3, 10.75], "texture": "#1"},
				"east": {"uv": [0, 4.5, 3.25, 11.5], "texture": "#1"},
				"south": {"uv": [0, 4.5, 3.25, 11.5], "texture": "#1"},
				"west": {"uv": [0, 4.5, 3.25, 11.5], "texture": "#1"},
				"up": {"uv": [0, 4.5, 3.25, 11.5], "texture": "#1"},
				"down": {"uv": [0, 4.5, 3.25, 11.5], "texture": "#1"}
			}
		},
		{
			"from": [7.58976, 6.87442, 6.25],
			"to": [8.88976, 10.02442, 7.95],
			"rotation": {"angle": 22.5, "axis": "x", "origin": [8.22179, 7.84025, 8]},
			"faces": {
				"north": {"uv": [3.5, 8.5, 6.25, 14.05], "texture": "#1"},
				"east": {"uv": [4, 8.5, 6.75, 14.05], "texture": "#1"},
				"south": {"uv": [4, 8.5, 6.75, 14.05], "texture": "#1"},
				"west": {"uv": [3.75, 8.5, 6.5, 14.05], "texture": "#1"},
				"up": {"uv": [3.5, 8.5, 6.25, 14.05], "texture": "#1"},
				"down": {"uv": [3.5, 8.5, 6.25, 14.05], "texture": "#1"}
			}
		},
		{
			"from": [7.57882, 5.18108, 6.175],
			"to": [9.02882, 6.98108, 8.025],
			"rotation": {"angle": 22.5, "axis": "x", "origin": [8.22179, 7.84025, 8]},
			"faces": {
				"north": {"uv": [11.5, 4.5, 13.75, 6.649], "texture": "#1"},
				"east": {"uv": [11.5, 9, 13.75, 11.25], "texture": "#1"},
				"south": {"uv": [13.5, 6.75, 11.5, 8.899], "texture": "#1"},
				"west": {"uv": [13.75, 4.5, 15.75, 6.649], "texture": "#1"},
				"up": {"uv": [14, 9, 16, 11], "rotation": 270, "texture": "#1"},
				"down": {"uv": [13.75, 6.75, 16, 8.899], "rotation": 270, "texture": "#1"}
			}
		}
	],
	"display": {
		"thirdperson_righthand": {
			"rotation": [90, 0, 0],
			"translation": [-0.25, -2, -1.25],
			"scale": [2, 2, 2]
		},
		"thirdperson_lefthand": {
			"rotation": [90, 0, 0],
			"translation": [-0.25, -2, -1.25],
			"scale": [2, 2, 2]
		},
		"firstperson_righthand": {
			"rotation": [47, 36, 12],
			"translation": [0.75, -2.5, 0],
			"scale": [2, 2, 2]
		},
		"firstperson_lefthand": {
			"rotation": [132, 45, -2],
			"translation": [2.75, -2.5, -4],
			"scale": [2.3, 2.3, 2.3]
		},
		"ground": {
			"scale": [0, 0, 0]
		},
		"gui": {
			"rotation": [-68, 180, 0],
			"translation": [1.5, -4.5, -1.5],
			"scale": [3, 3, 3]
		},
		"head": {
			"translation": [0, -9.75, 0],
			"scale": [3, 3, 3]
		}
	},
	"groups": [
		{
			"name": "hand",
			"origin": [8, 8, 8],
			"children": [0, 1, 2, 3]
		}
	]
}