{
	"credit": "Made with Blockbench",
	"textures": {
		"2": "w3e:spirits/rangespirit/details1",
		"3": "w3e:spirits/rangespirit/head1_off",
		"4": "w3e:spirits/rangespirit/hair1",
		"particle": "w3e:spirits/rangespirit/details1"
	},
	"elements": [
		{
			"from": [5.97251, 5.37942, 5.5313],
			"to": [10.02851, 9.43542, 9.5873],
			"rotation": {"angle": 22.5, "axis": "x", "origin": [7.98128, 7.49717, 7.85852]},
			"faces": {
				"north": {"uv": [0, 6, 6, 12], "texture": "#3"},
				"east": {"uv": [12, 6, 6, 12], "texture": "#3"},
				"south": {"uv": [0, 0, 6, 6], "texture": "#3"},
				"west": {"uv": [6, 6, 12, 12], "texture": "#3"},
				"up": {"uv": [0, 0, 6, 6], "texture": "#3"},
				"down": {"uv": [0, 0, 6, 6], "texture": "#3"}
			}
		},
		{
			"from": [5.87251, 5.37942, 5.4313],
			"to": [10.12851, 9.43542, 9.6873],
			"rotation": {"angle": 22.5, "axis": "x", "origin": [7.98128, 7.49717, 7.85852]},
			"faces": {
				"north": {"uv": [0, 3, 6, 9], "texture": "#2"},
				"east": {"uv": [12, 3, 6, 9], "texture": "#2"},
				"west": {"uv": [6, 3, 12, 9], "texture": "#2"}
			}
		},
		{
			"from": [6.72251, 4.52103, 6.02957],
			"to": [9.27851, 6.07703, 8.48557],
			"rotation": {"angle": 0, "axis": "x", "origin": [8.00428, 4.79858, 6.95169]},
			"faces": {
				"north": {"uv": [0, 0, 4.306, 2.556], "texture": "#3"},
				"east": {"uv": [0, 0, 4.306, 2.556], "texture": "#3"},
				"south": {"uv": [0, 0, 4.306, 2.556], "texture": "#3"},
				"west": {"uv": [0, 0, 4.306, 2.556], "texture": "#3"},
				"up": {"uv": [0, 0, 4.306, 2.556], "texture": "#3"},
				"down": {"uv": [0, 0, 4.306, 2.556], "texture": "#3"}
			}
		},
		{
			"from": [6.07001, 4.46839, 8.02828],
			"to": [9.93101, 6.83439, 9.30928],
			"rotation": {"angle": -22.5, "axis": "x", "origin": [7.98128, 7.49717, 7.85852]},
			"faces": {
				"north": {"uv": [10, 0, 16, 6], "rotation": 180, "texture": "#4"},
				"east": {"uv": [13, 0, 16, 6], "rotation": 180, "texture": "#4"},
				"south": {"uv": [10, 0, 16, 6], "texture": "#4"},
				"west": {"uv": [10, 0, 13, 6], "rotation": 180, "texture": "#4"},
				"up": {"uv": [10, 0, 16, 3], "rotation": 180, "texture": "#4"},
				"down": {"uv": [10, 0, 16, 3], "texture": "#4"}
			}
		},
		{
			"from": [6.04501, 5.39339, 8.52828],
			"to": [9.95601, 7.75939, 9.80928],
			"rotation": {"angle": 22.5, "axis": "x", "origin": [7.98128, 7.49717, 7.85852]},
			"faces": {
				"north": {"uv": [10, 0, 16, 6], "rotation": 180, "texture": "#4"},
				"east": {"uv": [13, 0, 16, 6], "rotation": 180, "texture": "#4"},
				"south": {"uv": [10, 0, 16, 6], "texture": "#4"},
				"west": {"uv": [10, 0, 13, 6], "rotation": 180, "texture": "#4"},
				"up": {"uv": [10, 0, 16, 3], "rotation": 180, "texture": "#4"},
				"down": {"uv": [10, 0, 16, 3], "texture": "#4"}
			}
		},
		{
			"from": [5.94001, 7.42692, 7.8713],
			"to": [10.06101, 9.20792, 9.7173],
			"rotation": {"angle": 45, "axis": "x", "origin": [7.98128, 7.49717, 7.85852]},
			"faces": {
				"north": {"uv": [10, 0, 16, 3], "texture": "#4"},
				"east": {"uv": [13, 0, 16, 6], "rotation": 270, "texture": "#4"},
				"south": {"uv": [10, 0, 16, 3], "texture": "#4"},
				"west": {"uv": [10, 0, 13, 6], "rotation": 90, "texture": "#4"},
				"up": {"uv": [10, 0, 16, 6], "texture": "#4"},
				"down": {"uv": [10, 0, 16, 6], "texture": "#4"}
			}
		},
		{
			"from": [7.59491, 6.39342, 2.9963],
			"to": [8.40611, 7.13702, 3.6723],
			"rotation": {"angle": 22.5, "axis": "x", "origin": [7.98128, 7.49717, 7.85852]},
			"faces": {
				"north": {"uv": [14.75, 14.75, 16, 16], "texture": "#3"},
				"east": {"uv": [14.75, 14.75, 16, 16], "texture": "#3"},
				"south": {"uv": [14.75, 14.75, 16, 16], "texture": "#3"},
				"west": {"uv": [14.75, 14.75, 16, 16], "texture": "#3"},
				"up": {"uv": [14.75, 14.75, 16, 16], "texture": "#3"},
				"down": {"uv": [14.75, 14.75, 16, 16], "texture": "#3"}
			}
		},
		{
			"from": [10.26511, 6.25059, 8.19193],
			"to": [10.26511, 9.42779, 12.85633],
			"rotation": {"angle": 22.5, "axis": "y", "origin": [10.00634, 9.06227, 8.81622]},
			"faces": {
				"east": {"uv": [15, 0, 6, 6], "texture": "#3"}
			}
		},
		{
			"from": [5.73489, 6.25059, 8.19193],
			"to": [5.73489, 9.42779, 12.85633],
			"rotation": {"angle": -22.5, "axis": "y", "origin": [5.99366, 9.06227, 8.81622]},
			"faces": {
				"west": {"uv": [6, 0, 15, 6], "texture": "#3"}
			}
		},
		{
			"from": [7.12171, 5.95402, 3.0977],
			"to": [8.87931, 7.03562, 5.5313],
			"rotation": {"angle": 22.5, "axis": "x", "origin": [7.98128, 7.49717, 7.85852]},
			"faces": {
				"north": {"uv": [12.25, 12, 15.75, 13.75], "texture": "#3"},
				"east": {"uv": [12, 6, 13.75, 10.75], "rotation": 270, "texture": "#3"},
				"south": {"uv": [8, 9.75, 11.8, 12], "rotation": 90, "texture": "#3"},
				"west": {"uv": [14.25, 6, 16, 10.75], "rotation": 90, "texture": "#3"},
				"up": {"uv": [12.75, 6, 15.25, 10.75], "rotation": 180, "texture": "#3"},
				"down": {"uv": [8, 12, 12, 16], "texture": "#3"}
			}
		},
		{
			"from": [7.09671, 6.22902, 3.8477],
			"to": [8.90431, 7.06062, 5.5313],
			"rotation": {"angle": 22.5, "axis": "x", "origin": [7.98128, 7.49717, 7.85852]},
			"faces": {
				"north": {"uv": [12.25, 12, 15.75, 13.75], "texture": "#2"},
				"east": {"uv": [1, 9, 1.75, 10.75], "rotation": 270, "texture": "#2"},
				"west": {"uv": [4.25, 9, 5, 10.75], "rotation": 90, "texture": "#2"},
				"up": {"uv": [2, 9, 4, 10.75], "rotation": 180, "texture": "#2"}
			}
		},
		{
			"from": [4.02544, 6.40059, 9.37966],
			"to": [4.02544, 8.77779, 13.79406],
			"rotation": {"angle": -22.5, "axis": "y", "origin": [7.87544, 7.83919, 13.71186]},
			"faces": {
				"east": {"uv": [0, 12, 8, 16], "rotation": 90, "texture": "#3"}
			}
		},
		{
			"from": [11.97456, 6.40059, 9.37966],
			"to": [11.97456, 8.77779, 13.79406],
			"rotation": {"angle": 22.5, "axis": "y", "origin": [8.12456, 7.83919, 13.71186]},
			"faces": {
				"west": {"uv": [0, 16, 8, 12], "rotation": 90, "texture": "#3"}
			}
		},
		{
			"from": [1.61155, 6.90792, 8.07376],
			"to": [4.17255, 9.40392, 8.22976],
			"rotation": {"angle": 45, "axis": "y", "origin": [4.19205, 8.93592, 5.03176]},
			"faces": {
				"north": {"uv": [0, 0, 6, 6], "rotation": 270, "texture": "#4"}
			}
		},
		{
			"from": [2.46155, 7.65792, 7.32376],
			"to": [4.77255, 9.90392, 7.47976],
			"rotation": {"angle": 45, "axis": "y", "origin": [4.19205, 8.93592, 5.03176]},
			"faces": {
				"north": {"uv": [0, 0, 6, 6], "rotation": 270, "texture": "#4"}
			}
		},
		{
			"from": [11.22745, 7.65792, 7.32376],
			"to": [13.53845, 9.90392, 7.47976],
			"rotation": {"angle": -45, "axis": "y", "origin": [11.80795, 8.93592, 5.03176]},
			"faces": {
				"north": {"uv": [0, 6, 6, 0], "rotation": 270, "texture": "#4"}
			}
		},
		{
			"from": [11.82846, 6.90792, 8.07376],
			"to": [14.38946, 9.40392, 8.22976],
			"rotation": {"angle": -45, "axis": "y", "origin": [11.80896, 8.93592, 5.03176]},
			"faces": {
				"north": {"uv": [0, 6, 6, 0], "rotation": 270, "texture": "#4"}
			}
		},
		{
			"from": [11.27846, 8.85792, 7.29376],
			"to": [13.77446, 10.11892, 7.44976],
			"rotation": {"angle": -45, "axis": "y", "origin": [11.80896, 8.93592, 5.03176]},
			"faces": {
				"north": {"uv": [0, 16, 6, 12], "rotation": 180, "texture": "#4"}
			}
		},
		{
			"from": [11.17846, 5.51042, 8.95126],
			"to": [13.67446, 7.74642, 9.10726],
			"rotation": {"angle": -45, "axis": "y", "origin": [11.80896, 5.58842, 6.68926]},
			"faces": {
				"north": {"uv": [6, 6, 0, 0], "rotation": 270, "texture": "#4"}
			}
		},
		{
			"from": [2.32655, 5.51042, 8.95126],
			"to": [4.82255, 7.74642, 9.10726],
			"rotation": {"angle": 45, "axis": "y", "origin": [4.19205, 5.58842, 6.68926]},
			"faces": {
				"north": {"uv": [6, 6, 0, 0], "rotation": 90, "texture": "#4"}
			}
		},
		{
			"from": [11.04846, 5.83042, 8.49626],
			"to": [13.54446, 7.31642, 8.65226],
			"rotation": {"angle": -45, "axis": "y", "origin": [11.80896, 5.58842, 6.16926]},
			"faces": {
				"north": {"uv": [0, 12, 6, 16], "rotation": 180, "texture": "#4"}
			}
		},
		{
			"from": [2.45554, 5.83042, 8.49626],
			"to": [4.95154, 7.31642, 8.65226],
			"rotation": {"angle": 45, "axis": "y", "origin": [4.19104, 5.58842, 6.16926]},
			"faces": {
				"north": {"uv": [6, 12, 0, 16], "rotation": 180, "texture": "#4"}
			}
		},
		{
			"from": [9.39983, 7.08042, 6.62558],
			"to": [10.87583, 9.57642, 6.78158],
			"rotation": {"angle": -22.5, "axis": "y", "origin": [10.63132, 8.52265, 7.02751]},
			"faces": {
				"north": {"uv": [0, 16, 6, 12], "rotation": 90, "texture": "#4"}
			}
		},
		{
			"from": [5.12417, 7.08042, 6.62558],
			"to": [6.60017, 9.57642, 6.78158],
			"rotation": {"angle": 22.5, "axis": "y", "origin": [5.36868, 8.52265, 7.02751]},
			"faces": {
				"north": {"uv": [0, 12, 6, 16], "rotation": 90, "texture": "#4"}
			}
		},
		{
			"from": [5.95501, 8.82442, 6.4413],
			"to": [10.04601, 10.21542, 8.8073],
			"faces": {
				"north": {"uv": [10, 0, 16, 3], "texture": "#4"},
				"east": {"uv": [13, 0, 16, 6], "rotation": 270, "texture": "#4"},
				"south": {"uv": [10, 0, 16, 3], "texture": "#4"},
				"west": {"uv": [10, 0, 13, 6], "rotation": 90, "texture": "#4"},
				"up": {"uv": [10, 0, 16, 4.25], "texture": "#4"},
				"down": {"uv": [10, 0, 16, 6], "texture": "#4"}
			}
		},
		{
			"from": [5.90751, 6.74692, 7.4813],
			"to": [10.09351, 9.76042, 9.5873],
			"faces": {
				"north": {"uv": [10, 0, 16, 3], "texture": "#4"},
				"east": {"uv": [10, 0, 16, 6], "rotation": 270, "texture": "#4"},
				"south": {"uv": [10, 0, 16, 3], "texture": "#4"},
				"west": {"uv": [10, 0, 16, 6], "rotation": 90, "texture": "#4"},
				"up": {"uv": [10, 0, 16, 6], "texture": "#4"},
				"down": {"uv": [10, 0, 16, 6], "texture": "#4"}
			}
		},
		{
			"from": [5.88251, 7.14692, 6.9813],
			"to": [10.11851, 8.86042, 8.5873],
			"rotation": {"angle": 22.5, "axis": "x", "origin": [7.99934, 8.45405, 7.78509]},
			"faces": {
				"north": {"uv": [10, 0, 16, 3], "texture": "#4"},
				"east": {"uv": [13, 0, 16, 6], "rotation": 270, "texture": "#4"},
				"south": {"uv": [10, 0, 16, 3], "texture": "#4"},
				"west": {"uv": [10, 0, 13, 6], "rotation": 90, "texture": "#4"},
				"up": {"uv": [10, 0, 16, 6], "texture": "#4"},
				"down": {"uv": [10, 0, 16, 6], "texture": "#4"}
			}
		},
		{
			"from": [5.94001, 9.01942, 6.2463],
			"to": [10.06101, 9.95542, 7.1823],
			"rotation": {"angle": 22.5, "axis": "x", "origin": [7.97076, 9.47568, 7.06455]},
			"faces": {
				"north": {"uv": [10, 0, 16, 3], "texture": "#4"},
				"east": {"uv": [13, 0, 16, 6], "rotation": 270, "texture": "#4"},
				"south": {"uv": [10, 0, 16, 3], "texture": "#4"},
				"west": {"uv": [10, 0, 13, 6], "rotation": 90, "texture": "#4"},
				"up": {"uv": [10, 0, 16, 6], "texture": "#4"},
				"down": {"uv": [10, 0, 16, 6], "texture": "#4"}
			}
		},
		{
			"from": [5.90751, 8.49319, 6.28132],
			"to": [10.12601, 9.46169, 7.15232],
			"faces": {
				"north": {"uv": [10, 0, 16, 3], "texture": "#4"},
				"east": {"uv": [13, 0, 16, 6], "rotation": 270, "texture": "#4"},
				"south": {"uv": [10, 0, 16, 3], "texture": "#4"},
				"west": {"uv": [10, 0, 13, 6], "rotation": 90, "texture": "#4"},
				"up": {"uv": [10, 0, 16, 6], "texture": "#4"},
				"down": {"uv": [10, 0, 16, 6], "texture": "#4"}
			}
		},
		{
			"from": [5.94001, 7.68692, 8.5213],
			"to": [10.06101, 9.37042, 10.3673],
			"faces": {
				"north": {"uv": [10, 0, 16, 3], "texture": "#4"},
				"east": {"uv": [10, 0, 16, 6], "rotation": 270, "texture": "#4"},
				"south": {"uv": [10, 0, 16, 3], "texture": "#4"},
				"west": {"uv": [10, 0, 16, 6], "rotation": 90, "texture": "#4"},
				"up": {"uv": [10, 0, 16, 6], "texture": "#4"},
				"down": {"uv": [10, 0, 16, 6], "texture": "#4"}
			}
		},
		{
			"from": [6.132, 9.9125, 8.67874],
			"to": [9.868, 10.0685, 10.94724],
			"rotation": {"angle": 0, "axis": "y", "origin": [7.96949, 8, 8]},
			"faces": {
				"up": {"uv": [6, 0, 0, 6], "texture": "#4"}
			}
		},
		{
			"from": [6.102, 4.03961, 8.29947],
			"to": [9.898, 5.65812, 8.45547],
			"rotation": {"angle": -22.5, "axis": "x", "origin": [7.84413, 10.02245, 9.83942]},
			"faces": {
				"south": {"uv": [0, 0, 6, 6], "texture": "#4"}
			}
		},
		{
			"from": [6.10251, 4.47396, 9.4656],
			"to": [9.89851, 6.09247, 9.6216],
			"rotation": {"angle": -45, "axis": "x", "origin": [8.00051, 4.68322, 10.4686]},
			"faces": {
				"south": {"uv": [0, 0, 6, 6], "texture": "#4"}
			}
		},
		{
			"from": [6.137, 5.14462, 8.78697],
			"to": [9.863, 7.41312, 8.94297],
			"rotation": {"angle": -22.5, "axis": "x", "origin": [7.87913, 10.02245, 9.83942]},
			"faces": {
				"south": {"uv": [0, 0, 6, 6], "texture": "#4"}
			}
		},
		{
			"from": [6.137, 6.39462, 9.78697],
			"to": [9.863, 9.16312, 9.94297],
			"rotation": {"angle": -22.5, "axis": "x", "origin": [7.87913, 10.02245, 9.83942]},
			"faces": {
				"south": {"uv": [0, 0, 6, 6], "texture": "#4"}
			}
		},
		{
			"from": [6.137, 9.49, 9.58874],
			"to": [9.863, 9.64599, 11.33724],
			"rotation": {"angle": 22.5, "axis": "x", "origin": [7.87913, 10.02245, 9.83942]},
			"faces": {
				"up": {"uv": [0, 0, 6, 6], "texture": "#4"}
			}
		},
		{
			"from": [8.55, 8.7, 2.8],
			"to": [8.8, 9, 4.975],
			"rotation": {"angle": 22.5, "axis": "x", "origin": [9.5, 7.5, 0.5]},
			"faces": {
				"north": {"uv": [12, 14, 12.75, 14.75], "texture": "#3"},
				"east": {"uv": [12, 14, 12.75, 14.75], "texture": "#3"},
				"south": {"uv": [12, 14, 12.75, 14.75], "texture": "#3"},
				"west": {"uv": [12, 14, 12.75, 14.75], "texture": "#3"},
				"up": {"uv": [12, 14, 12.75, 14.75], "texture": "#3"},
				"down": {"uv": [12, 14, 12.75, 14.75], "texture": "#3"}
			}
		},
		{
			"from": [7.4, 8.6, 2.725],
			"to": [8.6, 9, 2.975],
			"rotation": {"angle": 22.5, "axis": "x", "origin": [9.5, 7.5, 0.5]},
			"faces": {
				"north": {"uv": [12, 14, 12.75, 14.75], "texture": "#3"},
				"east": {"uv": [12, 14, 12.75, 14.75], "texture": "#3"},
				"south": {"uv": [12, 14, 12.75, 14.75], "texture": "#3"},
				"west": {"uv": [12, 14, 12.75, 14.75], "texture": "#3"},
				"up": {"uv": [12, 14, 12.75, 14.75], "texture": "#3"},
				"down": {"uv": [12, 14, 12.75, 14.75], "texture": "#3"}
			}
		},
		{
			"from": [7.2, 8.7, 2.8],
			"to": [7.45, 9, 4.975],
			"rotation": {"angle": 22.5, "axis": "x", "origin": [6.5, 7.5, 0.5]},
			"faces": {
				"north": {"uv": [12.75, 14, 12, 14.75], "texture": "#3"},
				"east": {"uv": [12.75, 14, 12, 14.75], "texture": "#3"},
				"south": {"uv": [12.75, 14, 12, 14.75], "texture": "#3"},
				"west": {"uv": [12.75, 14, 12, 14.75], "texture": "#3"},
				"up": {"uv": [12.75, 14, 12, 14.75], "texture": "#3"},
				"down": {"uv": [12.75, 14, 12, 14.75], "texture": "#3"}
			}
		},
		{
			"from": [8.55, 8.4, 2.7],
			"to": [8.8, 9, 3],
			"rotation": {"angle": 22.5, "axis": "x", "origin": [9.5, 7.5, 0.5]},
			"faces": {
				"north": {"uv": [12, 14, 12.75, 14.75], "texture": "#3"},
				"east": {"uv": [12, 14, 12.75, 14.75], "texture": "#3"},
				"south": {"uv": [12, 14, 12.75, 14.75], "texture": "#3"},
				"west": {"uv": [12, 14, 12.75, 14.75], "texture": "#3"},
				"up": {"uv": [12, 14, 12.75, 14.75], "texture": "#3"},
				"down": {"uv": [12, 14, 12.75, 14.75], "texture": "#3"}
			}
		},
		{
			"from": [7.2, 8.4, 2.7],
			"to": [7.45, 9, 3],
			"rotation": {"angle": 22.5, "axis": "x", "origin": [6.5, 7.5, 0.5]},
			"faces": {
				"north": {"uv": [12.75, 14, 12, 14.75], "texture": "#3"},
				"east": {"uv": [12.75, 14, 12, 14.75], "texture": "#3"},
				"south": {"uv": [12.75, 14, 12, 14.75], "texture": "#3"},
				"west": {"uv": [12.75, 14, 12, 14.75], "texture": "#3"},
				"up": {"uv": [12.75, 14, 12, 14.75], "texture": "#3"},
				"down": {"uv": [12.75, 14, 12, 14.75], "texture": "#3"}
			}
		},
		{
			"from": [7.15551, 6.739, 2.70754],
			"to": [8.84551, 7.3474, 5.07174],
			"rotation": {"angle": 22.5, "axis": "x", "origin": [8.00051, 7.0432, 4.12714]},
			"faces": {
				"north": {"uv": [1.25, 0, 4.55, 2], "texture": "#3"},
				"east": {"uv": [0, 0, 6, 2], "texture": "#3"},
				"south": {"uv": [1.25, 0, 4.55, 2], "texture": "#3"},
				"west": {"uv": [0, 0, 6, 2], "texture": "#3"},
				"up": {"uv": [8, 12, 12, 16], "rotation": 180, "texture": "#3"},
				"down": {"uv": [1.25, 0, 4.75, 4.75], "texture": "#3"}
			}
		},
		{
			"from": [7.2, 7.135, 2.95],
			"to": [7.45, 7.435, 5.075],
			"rotation": {"angle": 22.5, "axis": "x", "origin": [8.00051, 7.0432, 4.12714]},
			"faces": {
				"north": {"uv": [12, 14, 12.75, 14.75], "rotation": 180, "texture": "#3"},
				"east": {"uv": [12, 14, 12.75, 14.75], "rotation": 180, "texture": "#3"},
				"south": {"uv": [12, 14, 12.75, 14.75], "rotation": 180, "texture": "#3"},
				"west": {"uv": [12, 14, 12.75, 14.75], "rotation": 180, "texture": "#3"},
				"up": {"uv": [12, 14, 12.75, 14.75], "rotation": 180, "texture": "#3"},
				"down": {"uv": [12, 14, 12.75, 14.75], "rotation": 180, "texture": "#3"}
			}
		},
		{
			"from": [7.2, 7.135, 2.85],
			"to": [7.45, 7.635, 3.15],
			"rotation": {"angle": 22.5, "axis": "x", "origin": [8.00051, 7.0432, 4.12714]},
			"faces": {
				"north": {"uv": [12, 14, 12.75, 14.75], "rotation": 180, "texture": "#3"},
				"east": {"uv": [12, 14, 12.75, 14.75], "rotation": 180, "texture": "#3"},
				"south": {"uv": [12, 14, 12.75, 14.75], "rotation": 180, "texture": "#3"},
				"west": {"uv": [12, 14, 12.75, 14.75], "rotation": 180, "texture": "#3"},
				"up": {"uv": [12, 14, 12.75, 14.75], "rotation": 180, "texture": "#3"},
				"down": {"uv": [12, 14, 12.75, 14.75], "rotation": 180, "texture": "#3"}
			}
		},
		{
			"from": [7.4, 7.135, 2.875],
			"to": [8.6, 7.535, 3.125],
			"rotation": {"angle": 22.5, "axis": "x", "origin": [8.00051, 7.0432, 4.12714]},
			"faces": {
				"north": {"uv": [12, 14, 12.75, 14.75], "rotation": 180, "texture": "#3"},
				"east": {"uv": [12, 14, 12.75, 14.75], "rotation": 180, "texture": "#3"},
				"south": {"uv": [12, 14, 12.75, 14.75], "rotation": 180, "texture": "#3"},
				"west": {"uv": [12, 14, 12.75, 14.75], "rotation": 180, "texture": "#3"},
				"up": {"uv": [12, 14, 12.75, 14.75], "rotation": 180, "texture": "#3"},
				"down": {"uv": [12, 14, 12.75, 14.75], "rotation": 180, "texture": "#3"}
			}
		},
		{
			"from": [8.55, 7.135, 2.85],
			"to": [8.8, 7.635, 3.15],
			"rotation": {"angle": 22.5, "axis": "x", "origin": [8.00051, 7.0432, 4.12714]},
			"faces": {
				"north": {"uv": [12.75, 14, 12, 14.75], "rotation": 180, "texture": "#3"},
				"east": {"uv": [12.75, 14, 12, 14.75], "rotation": 180, "texture": "#3"},
				"south": {"uv": [12.75, 14, 12, 14.75], "rotation": 180, "texture": "#3"},
				"west": {"uv": [12.75, 14, 12, 14.75], "rotation": 180, "texture": "#3"},
				"up": {"uv": [12.75, 14, 12, 14.75], "rotation": 180, "texture": "#3"},
				"down": {"uv": [12.75, 14, 12, 14.75], "rotation": 180, "texture": "#3"}
			}
		},
		{
			"from": [8.55, 7.135, 2.95],
			"to": [8.8, 7.435, 5.075],
			"rotation": {"angle": 22.5, "axis": "x", "origin": [8.00051, 7.0432, 4.12714]},
			"faces": {
				"north": {"uv": [12.75, 14, 12, 14.75], "rotation": 180, "texture": "#3"},
				"east": {"uv": [12.75, 14, 12, 14.75], "rotation": 180, "texture": "#3"},
				"south": {"uv": [12.75, 14, 12, 14.75], "rotation": 180, "texture": "#3"},
				"west": {"uv": [12.75, 14, 12, 14.75], "rotation": 180, "texture": "#3"},
				"up": {"uv": [12.75, 14, 12, 14.75], "rotation": 180, "texture": "#3"},
				"down": {"uv": [12.75, 14, 12, 14.75], "rotation": 180, "texture": "#3"}
			}
		},
		{
			"from": [5.87251, 10.24351, 6.33052],
			"to": [10.12851, 10.43314, 8.38813],
			"rotation": {"angle": -22.5, "axis": "x", "origin": [8.00051, 10.39351, 6.88813]},
			"faces": {
				"up": {"uv": [0, 0, 6.006, 2.807], "rotation": 180, "texture": "#2"}
			}
		}
	],
	"display": {
		"thirdperson_righthand": {
			"rotation": [66, 0, 0]
		},
		"gui": {
			"rotation": [21.5, 180, 0],
			"scale": [2, 2, 2]
		},
		"head": {
			"rotation": [-22.5, 0, 0],
			"translation": [0, 1.5, -1.6],
			"scale": [2.37, 2.37, 2.37]
		}
	},
	"groups": [
		{
			"name": "head",
			"origin": [8, 8, 8],
			"children": [0, 1, 2, 3, 4, 5, 6, 7, 8, 9, 10, 11, 12]
		},
		{
			"name": "hair",
			"origin": [8, 8, 8],
			"children": [13, 14, 15, 16, 17, 18, 19, 20, 21, 22, 23, 24, 25, 26, 27, 28, 29, 30, 31, 32, 33, 34, 35]
		}, 36, 37, 38, 39, 40,
		{
			"name": "mouthbot",
			"origin": [8, 6.855, 3.44],
			"children": [41, 42, 43, 44, 45, 46]
		}, 47]
}