{
	"credit": "Made with Blockbench",
	"textures": {
		"1": "w3e:spirits/rangespirit/legs1"
	},
	"elements": [
		{
			"from": [6.97279, 11.60514, 6.80059],
			"to": [8.97279, 16.20514, 9.05059],
			"rotation": {"angle": 22.5, "axis": "x", "origin": [7.47716, 13.8534, 8.04796]},
			"faces": {
				"north": {"uv": [3.25, 0, 6.5, 7.5], "texture": "#1"},
				"east": {"uv": [0, 0, 3.75, 7.5], "texture": "#1"},
				"south": {"uv": [7, 0, 10.5, 7.5], "texture": "#1"},
				"west": {"uv": [6.75, 0, 10.5, 7.5], "texture": "#1"},
				"up": {"uv": [7.5, 0, 10.5, 3.5], "texture": "#1"},
				"down": {"uv": [7.5, 0, 10.5, 3.5], "texture": "#1"}
			}
		},
		{
			"from": [7.22278, 8.5198, 9.35087],
			"to": [8.72278, 12.7698, 11.15087],
			"rotation": {"angle": -45, "axis": "x", "origin": [9.23577, 8.97146, 8.68663]},
			"faces": {
				"north": {"uv": [13, 0, 15.5, 7.25], "texture": "#1"},
				"east": {"uv": [13.5, 0, 16, 7.25], "texture": "#1"},
				"south": {"uv": [13, 0, 15.5, 7.25], "texture": "#1"},
				"west": {"uv": [13.5, 0, 16, 7.25], "texture": "#1"},
				"up": {"uv": [8, 0, 10.5, 7.25], "texture": "#1"},
				"down": {"uv": [13.25, 8.25, 15.75, 11.3], "texture": "#1"}
			}
		},
		{
			"from": [7.47279, 6.78869, 8.6816],
			"to": [8.47279, 11.28869, 10.1816],
			"rotation": {"angle": 22.5, "axis": "x", "origin": [9.23577, 8.97146, 8.68663]},
			"faces": {
				"north": {"uv": [13.75, 7.5, 15.25, 15], "texture": "#1"},
				"east": {"uv": [13.25, 7.25, 15.75, 14.75], "texture": "#1"},
				"south": {"uv": [13, 7.5, 14.75, 15], "texture": "#1"},
				"west": {"uv": [13.5, 7.25, 16, 14.75], "texture": "#1"},
				"up": {"uv": [14, 8.75, 16, 11.5], "texture": "#1"},
				"down": {"uv": [13, 9.5, 15, 12.25], "texture": "#1"}
			}
		},
		{
			"from": [7.22279, 6.36413, 7.47496],
			"to": [8.72279, 6.98913, 9.22496],
			"rotation": {"angle": 0, "axis": "x", "origin": [9.23577, 8.97146, 8.68663]},
			"faces": {
				"north": {"uv": [12.75, 7.75, 16, 9.75], "texture": "#1"},
				"east": {"uv": [12.75, 7.75, 14.125, 11.5], "rotation": 90, "texture": "#1"},
				"south": {"uv": [12.75, 7.75, 16, 9.25], "texture": "#1"},
				"west": {"uv": [12.75, 7.75, 14.125, 11.5], "rotation": 90, "texture": "#1"},
				"up": {"uv": [12.75, 7.75, 14.125, 11.5], "rotation": 90, "texture": "#1"},
				"down": {"uv": [12.75, 7.75, 14.125, 11.5], "rotation": 90, "texture": "#1"}
			}
		},
		{
			"from": [7.10981, 6.33913, 6.84867],
			"to": [7.65981, 7.01413, 7.79867],
			"rotation": {"angle": 22.5, "axis": "y", "origin": [8.69108, 6.62388, 7.55208]},
			"faces": {
				"north": {"uv": [13.75, 10, 15.3, 11.7], "texture": "#1"},
				"east": {"uv": [13.75, 9, 15.3, 11.45], "texture": "#1"},
				"south": {"uv": [13, 10, 14.55, 12.45], "texture": "#1"},
				"west": {"uv": [13.5, 9.25, 15.05, 11.7], "texture": "#1"},
				"up": {"uv": [14.25, 7.5, 15.8, 9.95], "texture": "#1"},
				"down": {"uv": [13.5, 8.75, 15.05, 11.2], "texture": "#1"}
			}
		},
		{
			"from": [7.20981, 6.36413, 6.39867],
			"to": [7.55981, 6.76413, 7.04867],
			"rotation": {"angle": 22.5, "axis": "y", "origin": [8.69108, 6.62388, 7.55208]},
			"faces": {
				"north": {"uv": [0, 14, 2, 16], "texture": "#1"},
				"east": {"uv": [2, 13, 4, 16], "texture": "#1"},
				"south": {"uv": [0, 14, 2, 16], "texture": "#1"},
				"west": {"uv": [2, 13, 4, 16], "texture": "#1"},
				"up": {"uv": [2, 13, 4, 16], "texture": "#1"},
				"down": {"uv": [2, 13, 4, 16], "texture": "#1"}
			}
		},
		{
			"from": [7.70981, 6.33913, 7.24867],
			"to": [8.25981, 7.03913, 8.19867],
			"rotation": {"angle": 0, "axis": "y", "origin": [9.29108, 6.62388, 7.95208]},
			"faces": {
				"north": {"uv": [13.25, 9.25, 14.8, 10.95], "texture": "#1"},
				"east": {"uv": [13.75, 9, 15.3, 11.45], "texture": "#1"},
				"south": {"uv": [13, 10, 14.55, 12.45], "texture": "#1"},
				"west": {"uv": [13.5, 9.25, 15.05, 11.7], "texture": "#1"},
				"up": {"uv": [13.5, 7.75, 15.05, 10.2], "texture": "#1"},
				"down": {"uv": [13.5, 8.75, 15.05, 11.2], "texture": "#1"}
			}
		},
		{
			"from": [7.80981, 6.36413, 6.79867],
			"to": [8.15981, 6.76413, 7.44867],
			"rotation": {"angle": 0, "axis": "y", "origin": [9.29108, 6.62388, 7.95208]},
			"faces": {
				"north": {"uv": [0, 14, 2, 16], "texture": "#1"},
				"east": {"uv": [2, 13, 4, 16], "texture": "#1"},
				"south": {"uv": [0, 14, 2, 16], "texture": "#1"},
				"west": {"uv": [2, 13, 4, 16], "texture": "#1"},
				"up": {"uv": [2, 13, 4, 16], "texture": "#1"},
				"down": {"uv": [2, 13, 4, 16], "texture": "#1"}
			}
		},
		{
			"from": [8.40981, 6.33913, 7.39867],
			"to": [8.95981, 7.01413, 8.34867],
			"rotation": {"angle": -22.5, "axis": "y", "origin": [8.69108, 6.62388, 7.55208]},
			"faces": {
				"north": {"uv": [13.5, 11.75, 15.05, 13.45], "texture": "#1"},
				"east": {"uv": [13.75, 9, 15.3, 11.45], "texture": "#1"},
				"south": {"uv": [13, 10, 14.55, 12.45], "texture": "#1"},
				"west": {"uv": [13.5, 9.25, 15.05, 11.7], "texture": "#1"},
				"up": {"uv": [12.75, 7.5, 14.3, 9.95], "texture": "#1"},
				"down": {"uv": [13.5, 8.75, 15.05, 11.2], "texture": "#1"}
			}
		},
		{
			"from": [8.50981, 6.36413, 6.94867],
			"to": [8.85981, 6.76413, 7.59867],
			"rotation": {"angle": -22.5, "axis": "y", "origin": [8.69108, 6.62388, 7.55208]},
			"faces": {
				"north": {"uv": [0, 14, 2, 16], "texture": "#1"},
				"east": {"uv": [2, 13, 4, 16], "texture": "#1"},
				"south": {"uv": [0, 14, 2, 16], "texture": "#1"},
				"west": {"uv": [2, 13, 4, 16], "texture": "#1"},
				"up": {"uv": [2, 13, 4, 16], "texture": "#1"},
				"down": {"uv": [2, 13, 4, 16], "texture": "#1"}
			}
		}
	],
	"display": {
		"thirdperson_righthand": {
			"rotation": [90, -10, 0],
			"translation": [-3.4, -1, -4.5],
			"scale": [2.17, 2.17, 2.17]
		},
		"thirdperson_lefthand": {
			"rotation": [90, -10, 0],
			"translation": [-3.4, -1, -4.5],
			"scale": [2.17, 2.17, 2.17]
		},
		"head": {
			"translation": [0, -9.75, 0],
			"scale": [3, 3, 3]
		}
	},
	"groups": [
		{
			"name": "leg",
			"origin": [8, 8, 8],
			"children": [0, 1, 2, 3, 4, 5, 6, 7, 8, 9]
		}
	]
}