{
	"credit": "Made with Blockbench",
	"textures": {
		"1": "w3e:spirits/rangespirit/legs1"
	},
	"elements": [
		{
			"from": [7.02721, 11.60514, 6.80059],
			"to": [9.02721, 16.20514, 9.05059],
			"rotation": {"angle": 22.5, "axis": "x", "origin": [8.52284, 13.8534, 8.04796]},
			"faces": {
				"north": {"uv": [6.5, 0, 3.25, 7.5], "texture": "#1"},
				"east": {"uv": [10.5, 0, 6.75, 7.5], "texture": "#1"},
				"south": {"uv": [10.5, 0, 7, 7.5], "texture": "#1"},
				"west": {"uv": [3.75, 0, 0, 7.5], "texture": "#1"},
				"up": {"uv": [10.5, 0, 7.5, 3.5], "texture": "#1"},
				"down": {"uv": [10.5, 0, 7.5, 3.5], "texture": "#1"}
			}
		},
		{
			"from": [7.27722, 8.5198, 9.35087],
			"to": [8.77722, 12.7698, 11.15087],
			"rotation": {"angle": -45, "axis": "x", "origin": [6.76423, 8.97146, 8.68663]},
			"faces": {
				"north": {"uv": [15.5, 0, 13, 7.25], "texture": "#1"},
				"east": {"uv": [16, 0, 13.5, 7.25], "texture": "#1"},
				"south": {"uv": [15.5, 0, 13, 7.25], "texture": "#1"},
				"west": {"uv": [16, 0, 13.5, 7.25], "texture": "#1"},
				"up": {"uv": [10.5, 0, 8, 7.25], "texture": "#1"},
				"down": {"uv": [15.75, 8.25, 13.25, 11.3], "texture": "#1"}
			}
		},
		{
			"from": [7.52721, 6.78869, 8.6816],
			"to": [8.52721, 11.28869, 10.1816],
			"rotation": {"angle": 22.5, "axis": "x", "origin": [6.76423, 8.97146, 8.68663]},
			"faces": {
				"north": {"uv": [15.25, 7.5, 13.75, 15], "texture": "#1"},
				"east": {"uv": [16, 7.25, 13.5, 14.75], "texture": "#1"},
				"south": {"uv": [14.75, 7.5, 13, 15], "texture": "#1"},
				"west": {"uv": [15.75, 7.25, 13.25, 14.75], "texture": "#1"},
				"up": {"uv": [16, 8.75, 14, 11.5], "texture": "#1"},
				"down": {"uv": [15, 9.5, 13, 12.25], "texture": "#1"}
			}
		},
		{
			"from": [7.27721, 6.36413, 7.47496],
			"to": [8.77721, 6.98913, 9.22496],
			"rotation": {"angle": 0, "axis": "x", "origin": [6.76423, 8.97146, 8.68663]},
			"faces": {
				"north": {"uv": [16, 7.75, 12.75, 9.75], "texture": "#1"},
				"east": {"uv": [12.75, 11.5, 14.125, 7.75], "rotation": 90, "texture": "#1"},
				"south": {"uv": [16, 7.75, 12.75, 9.25], "texture": "#1"},
				"west": {"uv": [12.75, 11.5, 14.125, 7.75], "rotation": 90, "texture": "#1"},
				"up": {"uv": [12.75, 11.5, 14.125, 7.75], "rotation": 90, "texture": "#1"},
				"down": {"uv": [12.75, 11.5, 14.125, 7.75], "rotation": 90, "texture": "#1"}
			}
		},
		{
			"from": [8.34019, 6.33913, 6.84867],
			"to": [8.89019, 7.01413, 7.79867],
			"rotation": {"angle": -22.5, "axis": "y", "origin": [7.30892, 6.62388, 7.55208]},
			"faces": {
				"north": {"uv": [15.3, 10, 13.75, 11.7], "texture": "#1"},
				"east": {"uv": [15.05, 9.25, 13.5, 11.7], "texture": "#1"},
				"south": {"uv": [14.55, 10, 13, 12.45], "texture": "#1"},
				"west": {"uv": [15.3, 9, 13.75, 11.45], "texture": "#1"},
				"up": {"uv": [15.8, 7.5, 14.25, 9.95], "texture": "#1"},
				"down": {"uv": [15.05, 8.75, 13.5, 11.2], "texture": "#1"}
			}
		},
		{
			"from": [8.44019, 6.36413, 6.39867],
			"to": [8.79019, 6.76413, 7.04867],
			"rotation": {"angle": -22.5, "axis": "y", "origin": [7.30892, 6.62388, 7.55208]},
			"faces": {
				"north": {"uv": [2, 14, 0, 16], "texture": "#1"},
				"east": {"uv": [4, 13, 2, 16], "texture": "#1"},
				"south": {"uv": [2, 14, 0, 16], "texture": "#1"},
				"west": {"uv": [4, 13, 2, 16], "texture": "#1"},
				"up": {"uv": [4, 13, 2, 16], "texture": "#1"},
				"down": {"uv": [4, 13, 2, 16], "texture": "#1"}
			}
		},
		{
			"from": [7.74019, 6.33913, 7.24867],
			"to": [8.29019, 7.03913, 8.19867],
			"rotation": {"angle": 0, "axis": "y", "origin": [6.70892, 6.62388, 7.95208]},
			"faces": {
				"north": {"uv": [14.8, 9.25, 13.25, 10.95], "texture": "#1"},
				"east": {"uv": [15.05, 9.25, 13.5, 11.7], "texture": "#1"},
				"south": {"uv": [14.55, 10, 13, 12.45], "texture": "#1"},
				"west": {"uv": [15.3, 9, 13.75, 11.45], "texture": "#1"},
				"up": {"uv": [15.05, 7.75, 13.5, 10.2], "texture": "#1"},
				"down": {"uv": [15.05, 8.75, 13.5, 11.2], "texture": "#1"}
			}
		},
		{
			"from": [7.84019, 6.36413, 6.79867],
			"to": [8.19019, 6.76413, 7.44867],
			"rotation": {"angle": 0, "axis": "y", "origin": [6.70892, 6.62388, 7.95208]},
			"faces": {
				"north": {"uv": [2, 14, 0, 16], "texture": "#1"},
				"east": {"uv": [4, 13, 2, 16], "texture": "#1"},
				"south": {"uv": [2, 14, 0, 16], "texture": "#1"},
				"west": {"uv": [4, 13, 2, 16], "texture": "#1"},
				"up": {"uv": [4, 13, 2, 16], "texture": "#1"},
				"down": {"uv": [4, 13, 2, 16], "texture": "#1"}
			}
		},
		{
			"from": [7.04019, 6.33913, 7.39867],
			"to": [7.59019, 7.01413, 8.34867],
			"rotation": {"angle": 22.5, "axis": "y", "origin": [7.30892, 6.62388, 7.55208]},
			"faces": {
				"north": {"uv": [15.05, 11.75, 13.5, 13.45], "texture": "#1"},
				"east": {"uv": [15.05, 9.25, 13.5, 11.7], "texture": "#1"},
				"south": {"uv": [14.55, 10, 13, 12.45], "texture": "#1"},
				"west": {"uv": [15.3, 9, 13.75, 11.45], "texture": "#1"},
				"up": {"uv": [14.3, 7.5, 12.75, 9.95], "texture": "#1"},
				"down": {"uv": [15.05, 8.75, 13.5, 11.2], "texture": "#1"}
			}
		},
		{
			"from": [7.14019, 6.36413, 6.94867],
			"to": [7.49019, 6.76413, 7.59867],
			"rotation": {"angle": 22.5, "axis": "y", "origin": [7.30892, 6.62388, 7.55208]},
			"faces": {
				"north": {"uv": [2, 14, 0, 16], "texture": "#1"},
				"east": {"uv": [4, 13, 2, 16], "texture": "#1"},
				"south": {"uv": [2, 14, 0, 16], "texture": "#1"},
				"west": {"uv": [4, 13, 2, 16], "texture": "#1"},
				"up": {"uv": [4, 13, 2, 16], "texture": "#1"},
				"down": {"uv": [4, 13, 2, 16], "texture": "#1"}
			}
		}
	],
	"display": {
		"thirdperson_righthand": {
			"rotation": [90, -10, 0],
			"translation": [-3.4, -1, -4.5],
			"scale": [2.17, 2.17, 2.17]
		},
		"thirdperson_lefthand": {
			"rotation": [90, -10, 0],
			"translation": [-3.4, -1, -4.5],
			"scale": [2.17, 2.17, 2.17]
		},
		"head": {
			"translation": [0, -9.75, 0],
			"scale": [3, 3, 3]
		}
	},
	"groups": [
		{
			"name": "leg",
			"origin": [8, 8, 8],
			"children": [0, 1, 2, 3, 4, 5, 6, 7, 8, 9]
		}
	]
}