{
	"credit": "Made with Blockbench",
	"textures": {
		"3": "w3e:spirits/rangespirit/tail1"
	},
	"elements": [
		{
			"from": [6.97765, 5.30884, 7.23069],
			"to": [9.02255, 7.27509, 9.24589],
			"rotation": {"angle": 22.5, "axis": "x", "origin": [8.0001, 6.51196, 8.29329]},
			"faces": {
				"north": {"uv": [0.25, 0.25, 4.109, 4.082], "rotation": 180, "texture": "#3"},
				"east": {"uv": [0.25, 0.25, 4.109, 4.082], "rotation": 90, "texture": "#3"},
				"south": {"uv": [0.25, 0.25, 4.109, 4.082], "rotation": 180, "texture": "#3"},
				"west": {"uv": [0.25, 0.25, 4.109, 4.082], "rotation": 270, "texture": "#3"},
				"up": {"uv": [0.25, 0.25, 4.109, 4.082], "rotation": 180, "texture": "#3"},
				"down": {"uv": [0.25, 0.25, 4.109, 4.082], "rotation": 180, "texture": "#3"}
			}
		},
		{
			"from": [7.11507, 5.84351, 5.90882],
			"to": [8.88497, 7.53476, 7.59402],
			"rotation": {"angle": 0, "axis": "x", "origin": [7.97252, 7.43164, 7.96142]},
			"faces": {
				"north": {"uv": [0.75, 1, 3.288, 3.609], "rotation": 90, "texture": "#3"},
				"east": {"uv": [0.75, 0, 3.538, 2.182], "rotation": 90, "texture": "#3"},
				"south": {"uv": [0.75, 0, 3.538, 2.182], "rotation": 90, "texture": "#3"},
				"west": {"uv": [0.75, 0, 3.538, 2.182], "rotation": 90, "texture": "#3"},
				"up": {"uv": [0.75, 0, 3.538, 2.182], "texture": "#3"},
				"down": {"uv": [0.75, 0, 3.538, 2.182], "texture": "#3"}
			}
		},
		{
			"from": [6.83465, 4.3696, 8.49444],
			"to": [9.16555, 6.76485, 11.26864],
			"rotation": {"angle": 22.5, "axis": "x", "origin": [8.0001, 4.99523, 9.81004]},
			"faces": {
				"north": {"uv": [0, 0, 3.427, 4.021], "rotation": 270, "texture": "#3"},
				"east": {"uv": [5, 0.5, 8.427, 4.521], "rotation": 90, "texture": "#3"},
				"south": {"uv": [0, 0, 3.427, 4.021], "rotation": 270, "texture": "#3"},
				"west": {"uv": [5.25, 0.5, 8.677, 4.521], "rotation": 270, "texture": "#3"},
				"up": {"uv": [5, 0.5, 8.427, 4.521], "texture": "#3"},
				"down": {"uv": [5, 0.5, 8.427, 4.521], "rotation": 180, "texture": "#3"}
			}
		},
		{
			"from": [6.54865, 3.59707, 10.82865],
			"to": [9.45155, 6.56432, 14.31785],
			"rotation": {"angle": 0, "axis": "x", "origin": [8.0001, 3.9367, 13.86025]},
			"faces": {
				"north": {"uv": [9, 0, 13.447, 4.389], "texture": "#3"},
				"east": {"uv": [9, 0, 13.447, 4.389], "rotation": 270, "texture": "#3"},
				"south": {"uv": [9, 0, 13.447, 4.389], "texture": "#3"},
				"west": {"uv": [9, 0, 13.447, 4.389], "rotation": 90, "texture": "#3"},
				"up": {"uv": [9, 0, 13.447, 4.389], "texture": "#3"},
				"down": {"uv": [9, 0, 13.447, 4.389], "texture": "#3"}
			}
		},
		{
			"from": [6.76315, 3.52557, 13.99665],
			"to": [9.23705, 6.06382, 15.89085],
			"rotation": {"angle": -22.5, "axis": "x", "origin": [8.0001, 3.9367, 13.86025]},
			"faces": {
				"north": {"uv": [9, 0.75, 12.807, 3.722], "rotation": 90, "texture": "#3"},
				"east": {"uv": [9.5, 0.75, 13.307, 3.722], "rotation": 90, "texture": "#3"},
				"south": {"uv": [9.5, 0.5, 13.307, 4.222], "rotation": 90, "texture": "#3"},
				"west": {"uv": [9.5, 0.75, 13.307, 3.722], "rotation": 90, "texture": "#3"},
				"up": {"uv": [9.25, 0.75, 13.057, 3.722], "texture": "#3"},
				"down": {"uv": [9.25, 0.75, 13.057, 3.722], "rotation": 180, "texture": "#3"}
			}
		},
		{
			"from": [7.04915, 3.81157, 15.40465],
			"to": [8.95105, 5.77782, 16.60585],
			"rotation": {"angle": -22.5, "axis": "x", "origin": [8.0001, 3.9367, 13.86025]},
			"faces": {
				"north": {"uv": [10, 1.25, 12.788, 3.592], "rotation": 90, "texture": "#3"},
				"east": {"uv": [10, 1.25, 12.788, 3.592], "rotation": 270, "texture": "#3"},
				"south": {"uv": [10, 1.25, 12.788, 3.592], "texture": "#3"},
				"west": {"uv": [10, 1.25, 12.788, 3.592], "rotation": 90, "texture": "#3"},
				"up": {"uv": [10, 1.25, 12.788, 3.592], "rotation": 180, "texture": "#3"},
				"down": {"uv": [10, 1.25, 12.788, 3.592], "texture": "#3"}
			}
		}
	],
	"display": {
		"thirdperson_righthand": {
			"rotation": [66, 1, 0]
		},
		"head": {
			"translation": [0, 0, 8],
			"scale": [4, 4, 4]
		}
	},
	"groups": [
		{
			"name": "tail",
			"origin": [7.99976, 8.45861, 7.88577],
			"children": [0, 1, 2, 3, 4, 5]
		}
	]
}