{
	"credit": "Made with Blockbench",
	"textures": {
		"0": "w3e:vehicle/wheelparts1",
		"particle": "w3e:vehicle/wheelparts1"
	},
	"elements": [
		{
			"name": "hexadecagon",
			"from": [3.25, 7.20541, 3.5],
			"to": [12.75, 8.99563, 12.5],
			"rotation": {"angle": -45, "axis": "x", "origin": [11, 8.10052, 8]},
			"faces": {
				"north": {"uv": [0, 0, 1, 1], "texture": "#0"},
				"east": {"uv": [0, 0, 1, 1], "texture": "#0"},
				"south": {"uv": [0, 0, 1, 1], "texture": "#0"},
				"west": {"uv": [0, 0, 1, 1], "texture": "#0"},
				"up": {"uv": [0, 0, 1, 1], "texture": "#0"},
				"down": {"uv": [0, 0, 1, 1], "texture": "#0"}
			}
		},
		{
			"name": "hexadecagon",
			"from": [3.25, 7.20541, 3.5],
			"to": [12.75, 8.99563, 12.5],
			"rotation": {"angle": -22.5, "axis": "x", "origin": [11, 8.10052, 8]},
			"faces": {
				"north": {"uv": [0, 0, 1, 1], "texture": "#0"},
				"east": {"uv": [0, 0, 1, 1], "texture": "#0"},
				"south": {"uv": [0, 0, 1, 1], "texture": "#0"},
				"west": {"uv": [0, 0, 1, 1], "texture": "#0"},
				"up": {"uv": [0, 0, 1, 1], "texture": "#0"},
				"down": {"uv": [0, 0, 1, 1], "texture": "#0"}
			}
		},
		{
			"name": "hexadecagon",
			"from": [3.25, 7.20541, 3.5],
			"to": [12.75, 8.99563, 12.5],
			"faces": {
				"north": {"uv": [0, 0, 1, 1], "texture": "#0"},
				"east": {"uv": [0, 0, 1, 1], "texture": "#0"},
				"south": {"uv": [0, 0, 1, 1], "texture": "#0"},
				"west": {"uv": [0, 0, 1, 1], "texture": "#0"},
				"up": {"uv": [0, 0, 1, 1], "texture": "#0"},
				"down": {"uv": [0, 0, 1, 1], "texture": "#0"}
			}
		},
		{
			"name": "hexadecagon",
			"from": [3.25, 7.20541, 3.5],
			"to": [12.75, 8.99563, 12.5],
			"rotation": {"angle": 22.5, "axis": "x", "origin": [11, 8.10052, 8]},
			"faces": {
				"north": {"uv": [0, 0, 1, 1], "texture": "#0"},
				"east": {"uv": [0, 0, 1, 1], "texture": "#0"},
				"south": {"uv": [0, 0, 1, 1], "texture": "#0"},
				"west": {"uv": [0, 0, 1, 1], "texture": "#0"},
				"up": {"uv": [0, 0, 1, 1], "texture": "#0"},
				"down": {"uv": [0, 0, 1, 1], "texture": "#0"}
			}
		},
		{
			"name": "hexadecagon",
			"from": [3.25, 7.20541, 3.5],
			"to": [12.75, 8.99563, 12.5],
			"rotation": {"angle": 45, "axis": "x", "origin": [11, 8.10052, 8]},
			"faces": {
				"north": {"uv": [0, 0, 1, 1], "texture": "#0"},
				"east": {"uv": [0, 0, 1, 1], "texture": "#0"},
				"south": {"uv": [0, 0, 1, 1], "texture": "#0"},
				"west": {"uv": [0, 0, 1, 1], "texture": "#0"},
				"up": {"uv": [0, 0, 1, 1], "texture": "#0"},
				"down": {"uv": [0, 0, 1, 1], "texture": "#0"}
			}
		},
		{
			"name": "hexadecagon",
			"from": [3.25, 3.60052, 7.10489],
			"to": [12.75, 12.60052, 8.89511],
			"rotation": {"angle": -22.5, "axis": "x", "origin": [11, 8.10052, 8]},
			"faces": {
				"north": {"uv": [0, 0, 1, 1], "texture": "#0"},
				"east": {"uv": [0, 0, 1, 1], "texture": "#0"},
				"south": {"uv": [0, 0, 1, 1], "texture": "#0"},
				"west": {"uv": [0, 0, 1, 1], "texture": "#0"},
				"up": {"uv": [0, 0, 1, 1], "texture": "#0"},
				"down": {"uv": [0, 0, 1, 1], "texture": "#0"}
			}
		},
		{
			"name": "hexadecagon",
			"from": [3.25, 3.60052, 7.10489],
			"to": [12.75, 12.60052, 8.89511],
			"faces": {
				"north": {"uv": [0, 0, 1, 1], "texture": "#0"},
				"east": {"uv": [0, 0, 1, 1], "texture": "#0"},
				"south": {"uv": [0, 0, 1, 1], "texture": "#0"},
				"west": {"uv": [0, 0, 1, 1], "texture": "#0"},
				"up": {"uv": [0, 0, 1, 1], "texture": "#0"},
				"down": {"uv": [0, 0, 1, 1], "texture": "#0"}
			}
		},
		{
			"name": "hexadecagon",
			"from": [3.25, 3.60052, 7.10489],
			"to": [12.75, 12.60052, 8.89511],
			"rotation": {"angle": 22.5, "axis": "x", "origin": [11, 8.10052, 8]},
			"faces": {
				"north": {"uv": [0, 0, 1, 1], "texture": "#0"},
				"east": {"uv": [0, 0, 1, 1], "texture": "#0"},
				"south": {"uv": [0, 0, 1, 1], "texture": "#0"},
				"west": {"uv": [0, 0, 1, 1], "texture": "#0"},
				"up": {"uv": [0, 0, 1, 1], "texture": "#0"},
				"down": {"uv": [0, 0, 1, 1], "texture": "#0"}
			}
		},
		{
			"name": "hexadecagon",
			"from": [3.05, 7.0065, 2.5],
			"to": [12.95, 9.19454, 3.5],
			"rotation": {"angle": -45, "axis": "x", "origin": [11, 8.10052, 8]},
			"faces": {
				"north": {"uv": [4, 0, 6, 1.5], "texture": "#0"},
				"east": {"uv": [4, 0, 6, 1.5], "texture": "#0"},
				"south": {"uv": [4, 0, 6, 1.5], "texture": "#0"},
				"west": {"uv": [4, 0, 6, 1.5], "texture": "#0"},
				"up": {"uv": [4, 0, 6, 1.5], "texture": "#0"},
				"down": {"uv": [4, 0, 6, 1.5], "texture": "#0"}
			}
		},
		{
			"name": "hexadecagon",
			"from": [3.05, 7.0065, 2.5],
			"to": [12.95, 9.19454, 3.5],
			"rotation": {"angle": -22.5, "axis": "x", "origin": [11, 8.10052, 8]},
			"faces": {
				"north": {"uv": [4, 0, 6, 2], "texture": "#0"},
				"east": {"uv": [4, 0, 6, 2], "texture": "#0"},
				"south": {"uv": [4, 0, 6, 2], "texture": "#0"},
				"west": {"uv": [4, 0, 6, 2], "texture": "#0"},
				"up": {"uv": [4, 0, 6, 2], "texture": "#0"},
				"down": {"uv": [4, 0, 6, 2], "texture": "#0"}
			}
		},
		{
			"name": "hexadecagon",
			"from": [3.05, 7.0065, 2.5],
			"to": [12.95, 9.19454, 3.5],
			"faces": {
				"north": {"uv": [4, 0, 6, 2], "texture": "#0"},
				"east": {"uv": [4, 0, 6, 2], "texture": "#0"},
				"south": {"uv": [4, 0, 6, 2], "texture": "#0"},
				"west": {"uv": [4, 0, 6, 2], "texture": "#0"},
				"up": {"uv": [4, 0, 6, 2], "texture": "#0"},
				"down": {"uv": [4, 0, 6, 2], "texture": "#0"}
			}
		},
		{
			"name": "hexadecagon",
			"from": [3.05, 7.0065, 2.5],
			"to": [12.95, 9.19454, 3.5],
			"rotation": {"angle": 22.5, "axis": "x", "origin": [11, 8.10052, 8]},
			"faces": {
				"north": {"uv": [4, 0, 6, 2], "texture": "#0"},
				"east": {"uv": [4, 0, 6, 2], "texture": "#0"},
				"south": {"uv": [4, 0, 6, 2], "texture": "#0"},
				"west": {"uv": [4, 0, 6, 2], "texture": "#0"},
				"up": {"uv": [4, 0, 6, 2], "texture": "#0"},
				"down": {"uv": [4, 0, 6, 2], "texture": "#0"}
			}
		},
		{
			"name": "hexadecagon",
			"from": [3.05, 7.0065, 2.5],
			"to": [12.95, 9.19454, 3.5],
			"rotation": {"angle": 45, "axis": "x", "origin": [11, 8.10052, 8]},
			"faces": {
				"north": {"uv": [4, 0, 6, 2], "texture": "#0"},
				"east": {"uv": [4, 0, 6, 2], "texture": "#0"},
				"south": {"uv": [4, 0, 6, 2], "texture": "#0"},
				"west": {"uv": [4, 0, 6, 2], "texture": "#0"},
				"up": {"uv": [4, 0, 6, 2], "texture": "#0"},
				"down": {"uv": [4, 0, 6, 2], "texture": "#0"}
			}
		},
		{
			"name": "hexadecagon",
			"from": [3.05, 7.0065, 12.5],
			"to": [12.95, 9.19454, 13.5],
			"rotation": {"angle": -45, "axis": "x", "origin": [11, 8.10052, 8]},
			"faces": {
				"north": {"uv": [4, 0, 6, 1.5], "texture": "#0"},
				"east": {"uv": [4, 0, 6, 1.5], "texture": "#0"},
				"south": {"uv": [4, 0, 6, 1.5], "texture": "#0"},
				"west": {"uv": [4, 0, 6, 1.5], "texture": "#0"},
				"up": {"uv": [4, 0, 6, 1.5], "texture": "#0"},
				"down": {"uv": [4, 0, 6, 1.5], "texture": "#0"}
			}
		},
		{
			"name": "hexadecagon",
			"from": [3.05, 7.0065, 12.5],
			"to": [12.95, 9.19454, 13.5],
			"rotation": {"angle": -22.5, "axis": "x", "origin": [11, 8.10052, 8]},
			"faces": {
				"north": {"uv": [4, 0, 6, 2], "texture": "#0"},
				"east": {"uv": [4, 0, 6, 2], "texture": "#0"},
				"south": {"uv": [4, 0, 6, 2], "texture": "#0"},
				"west": {"uv": [4, 0, 6, 2], "texture": "#0"},
				"up": {"uv": [4, 0, 6, 2], "texture": "#0"},
				"down": {"uv": [4, 0, 6, 2], "texture": "#0"}
			}
		},
		{
			"name": "hexadecagon",
			"from": [3.05, 7.0065, 12.5],
			"to": [12.95, 9.19454, 13.5],
			"faces": {
				"north": {"uv": [4, 0, 6, 2], "texture": "#0"},
				"east": {"uv": [4, 0, 6, 2], "texture": "#0"},
				"south": {"uv": [4, 0, 6, 2], "texture": "#0"},
				"west": {"uv": [4, 0, 6, 2], "texture": "#0"},
				"up": {"uv": [4, 0, 6, 2], "texture": "#0"},
				"down": {"uv": [4, 0, 6, 2], "texture": "#0"}
			}
		},
		{
			"name": "hexadecagon",
			"from": [3.05, 7.0065, 12.5],
			"to": [12.95, 9.19454, 13.5],
			"rotation": {"angle": 22.5, "axis": "x", "origin": [11, 8.10052, 8]},
			"faces": {
				"north": {"uv": [4, 0, 6, 2], "texture": "#0"},
				"east": {"uv": [4, 0, 6, 2], "texture": "#0"},
				"south": {"uv": [4, 0, 6, 2], "texture": "#0"},
				"west": {"uv": [4, 0, 6, 2], "texture": "#0"},
				"up": {"uv": [4, 0, 6, 2], "texture": "#0"},
				"down": {"uv": [4, 0, 6, 2], "texture": "#0"}
			}
		},
		{
			"name": "hexadecagon",
			"from": [3.05, 7.0065, 12.5],
			"to": [12.95, 9.19454, 13.5],
			"rotation": {"angle": 45, "axis": "x", "origin": [11, 8.10052, 8]},
			"faces": {
				"north": {"uv": [4, 0, 6, 2], "texture": "#0"},
				"east": {"uv": [4, 0, 6, 2], "texture": "#0"},
				"south": {"uv": [4, 0, 6, 2], "texture": "#0"},
				"west": {"uv": [4, 0, 6, 2], "texture": "#0"},
				"up": {"uv": [4, 0, 6, 2], "texture": "#0"},
				"down": {"uv": [4, 0, 6, 2], "texture": "#0"}
			}
		},
		{
			"name": "hexadecagon",
			"from": [3.05, 2.60052, 6.90598],
			"to": [12.95, 3.60052, 9.09402],
			"rotation": {"angle": -22.5, "axis": "x", "origin": [11, 8.10052, 8]},
			"faces": {
				"north": {"uv": [4, 0, 6, 2], "texture": "#0"},
				"east": {"uv": [4, 0, 6, 2], "texture": "#0"},
				"south": {"uv": [4, 0, 6, 2], "texture": "#0"},
				"west": {"uv": [4, 0, 6, 2], "texture": "#0"},
				"up": {"uv": [4, 0, 6, 2], "texture": "#0"},
				"down": {"uv": [4, 0, 6, 2], "texture": "#0"}
			}
		},
		{
			"name": "hexadecagon",
			"from": [3.05, 2.60052, 6.90598],
			"to": [12.95, 3.60052, 9.09402],
			"faces": {
				"north": {"uv": [4, 0, 6, 2], "texture": "#0"},
				"east": {"uv": [4, 0, 6, 2], "texture": "#0"},
				"south": {"uv": [4, 0, 6, 2], "texture": "#0"},
				"west": {"uv": [4, 0, 6, 2], "texture": "#0"},
				"up": {"uv": [4, 0, 6, 2], "texture": "#0"},
				"down": {"uv": [4, 0, 6, 2], "texture": "#0"}
			}
		},
		{
			"name": "hexadecagon",
			"from": [3.05, 2.60052, 6.90598],
			"to": [12.95, 3.60052, 9.09402],
			"rotation": {"angle": 22.5, "axis": "x", "origin": [11, 8.10052, 8]},
			"faces": {
				"north": {"uv": [4, 0, 6, 1.5], "texture": "#0"},
				"east": {"uv": [4, 0, 6, 1.5], "texture": "#0"},
				"south": {"uv": [4, 0, 6, 1.5], "texture": "#0"},
				"west": {"uv": [4, 0, 6, 1.5], "texture": "#0"},
				"up": {"uv": [4, 0, 6, 1.5], "texture": "#0"},
				"down": {"uv": [4, 0, 6, 1.5], "texture": "#0"}
			}
		},
		{
			"name": "hexadecagon",
			"from": [3.05, 12.60052, 6.90598],
			"to": [12.95, 13.60052, 9.09402],
			"rotation": {"angle": -22.5, "axis": "x", "origin": [11, 8.10052, 8]},
			"faces": {
				"north": {"uv": [4, 0, 6, 2], "texture": "#0"},
				"east": {"uv": [4, 0, 6, 2], "texture": "#0"},
				"south": {"uv": [4, 0, 6, 2], "texture": "#0"},
				"west": {"uv": [4, 0, 6, 2], "texture": "#0"},
				"up": {"uv": [4, 0, 6, 2], "texture": "#0"},
				"down": {"uv": [4, 0, 6, 2], "texture": "#0"}
			}
		},
		{
			"name": "hexadecagon",
			"from": [3.05, 12.60052, 6.90598],
			"to": [12.95, 13.60052, 9.09402],
			"faces": {
				"north": {"uv": [4, 0, 6, 2], "texture": "#0"},
				"east": {"uv": [4, 0, 6, 2], "texture": "#0"},
				"south": {"uv": [4, 0, 6, 2], "texture": "#0"},
				"west": {"uv": [4, 0, 6, 2], "texture": "#0"},
				"up": {"uv": [4, 0, 6, 2], "texture": "#0"},
				"down": {"uv": [4, 0, 6, 2], "texture": "#0"}
			}
		},
		{
			"name": "hexadecagon",
			"from": [3.05, 12.60052, 6.90598],
			"to": [12.95, 13.60052, 9.09402],
			"rotation": {"angle": 22.5, "axis": "x", "origin": [11, 8.10052, 8]},
			"faces": {
				"north": {"uv": [4, 0, 6, 1.5], "texture": "#0"},
				"east": {"uv": [4, 0, 6, 1.5], "texture": "#0"},
				"south": {"uv": [4, 0, 6, 1.5], "texture": "#0"},
				"west": {"uv": [4, 0, 6, 1.5], "texture": "#0"},
				"up": {"uv": [4, 0, 6, 1.5], "texture": "#0"},
				"down": {"uv": [4, 0, 6, 1.5], "texture": "#0"}
			}
		},
		{
			"name": "hexadecagon",
			"from": [3, 7.55487, 4],
			"to": [13, 8.64617, 5],
			"rotation": {"angle": -45, "axis": "x", "origin": [11, 8.10052, 8]},
			"faces": {
				"north": {"uv": [4, 0, 6, 2], "texture": "#0"},
				"east": {"uv": [4, 0, 6, 2], "texture": "#0"},
				"south": {"uv": [4, 0, 6, 2], "texture": "#0"},
				"west": {"uv": [4, 0, 6, 2], "texture": "#0"},
				"up": {"uv": [4, 0, 6, 2], "texture": "#0"},
				"down": {"uv": [4, 0, 6, 2], "texture": "#0"}
			}
		},
		{
			"name": "hexadecagon",
			"from": [3, 7.55487, 4],
			"to": [13, 8.64617, 5],
			"faces": {
				"north": {"uv": [4, 0, 6, 2], "texture": "#0"},
				"east": {"uv": [4, 0, 6, 2], "texture": "#0"},
				"south": {"uv": [4, 0, 6, 2], "texture": "#0"},
				"west": {"uv": [4, 0, 6, 2], "texture": "#0"},
				"up": {"uv": [4, 0, 6, 2], "texture": "#0"},
				"down": {"uv": [4, 0, 6, 2], "texture": "#0"}
			}
		},
		{
			"name": "hexadecagon",
			"from": [3, 7.55487, 4],
			"to": [13, 8.64617, 5],
			"rotation": {"angle": 45, "axis": "x", "origin": [11, 8.10052, 8]},
			"faces": {
				"north": {"uv": [4, 0, 6, 2], "texture": "#0"},
				"east": {"uv": [4, 0, 6, 2], "texture": "#0"},
				"south": {"uv": [4, 0, 6, 2], "texture": "#0"},
				"west": {"uv": [4, 0, 6, 2], "texture": "#0"},
				"up": {"uv": [4, 0, 6, 2], "texture": "#0"},
				"down": {"uv": [4, 0, 6, 2], "texture": "#0"}
			}
		},
		{
			"name": "hexadecagon",
			"from": [3, 7.55487, 11],
			"to": [13, 8.64617, 12],
			"rotation": {"angle": -45, "axis": "x", "origin": [11, 8.10052, 8]},
			"faces": {
				"north": {"uv": [4, 0, 6, 2], "texture": "#0"},
				"east": {"uv": [4, 0, 6, 2], "texture": "#0"},
				"south": {"uv": [4, 0, 6, 2], "texture": "#0"},
				"west": {"uv": [4, 0, 6, 2], "texture": "#0"},
				"up": {"uv": [4, 0, 6, 2], "texture": "#0"},
				"down": {"uv": [4, 0, 6, 2], "texture": "#0"}
			}
		},
		{
			"name": "hexadecagon",
			"from": [3, 7.55487, 11],
			"to": [13, 8.64617, 12],
			"faces": {
				"north": {"uv": [4, 0, 6, 2], "texture": "#0"},
				"east": {"uv": [4, 0, 6, 2], "texture": "#0"},
				"south": {"uv": [4, 0, 6, 2], "texture": "#0"},
				"west": {"uv": [4, 0, 6, 2], "texture": "#0"},
				"up": {"uv": [4, 0, 6, 2], "texture": "#0"},
				"down": {"uv": [4, 0, 6, 2], "texture": "#0"}
			}
		},
		{
			"name": "hexadecagon",
			"from": [3, 7.55487, 11],
			"to": [13, 8.64617, 12],
			"rotation": {"angle": 45, "axis": "x", "origin": [11, 8.10052, 8]},
			"faces": {
				"north": {"uv": [4, 0, 6, 2], "texture": "#0"},
				"east": {"uv": [4, 0, 6, 2], "texture": "#0"},
				"south": {"uv": [4, 0, 6, 2], "texture": "#0"},
				"west": {"uv": [4, 0, 6, 2], "texture": "#0"},
				"up": {"uv": [4, 0, 6, 2], "texture": "#0"},
				"down": {"uv": [4, 0, 6, 2], "texture": "#0"}
			}
		},
		{
			"name": "hexadecagon",
			"from": [3, 4.10052, 7.45435],
			"to": [13, 5.10052, 8.54565],
			"faces": {
				"north": {"uv": [4, 0, 6, 2], "texture": "#0"},
				"east": {"uv": [4, 0, 6, 2], "texture": "#0"},
				"south": {"uv": [4, 0, 6, 2], "texture": "#0"},
				"west": {"uv": [4, 0, 6, 2], "texture": "#0"},
				"up": {"uv": [4, 0, 6, 2], "texture": "#0"},
				"down": {"uv": [4, 0, 6, 2], "texture": "#0"}
			}
		},
		{
			"name": "hexadecagon",
			"from": [3, 11.10052, 7.45435],
			"to": [13, 12.10052, 8.54565],
			"faces": {
				"north": {"uv": [4, 0, 6, 2], "texture": "#0"},
				"east": {"uv": [4, 0, 6, 2], "texture": "#0"},
				"south": {"uv": [4, 0, 6, 2], "texture": "#0"},
				"west": {"uv": [4, 0, 6, 2], "texture": "#0"},
				"up": {"uv": [4, 0, 6, 2], "texture": "#0"},
				"down": {"uv": [4, 0, 6, 2], "texture": "#0"}
			}
		},
		{
			"name": "hexadecagon",
			"from": [3, 6.1114, -2],
			"to": [13, 10.08964, 1],
			"rotation": {"angle": -45, "axis": "x", "origin": [8, 8.10052, 8]},
			"faces": {
				"north": {"uv": [0, 0, 1, 1], "texture": "#0"},
				"east": {"uv": [0, 0, 1, 1], "texture": "#0"},
				"south": {"uv": [0, 0, 1, 1], "texture": "#0"},
				"west": {"uv": [0, 0, 1, 1], "texture": "#0"},
				"up": {"uv": [0, 0, 1, 1], "texture": "#0"},
				"down": {"uv": [0, 0, 1, 1], "texture": "#0"}
			}
		},
		{
			"name": "hexadecagon",
			"from": [3, 6.1114, -2],
			"to": [13, 10.08964, 1],
			"rotation": {"angle": -22.5, "axis": "x", "origin": [8, 8.10052, 8]},
			"faces": {
				"north": {"uv": [0, 0, 1, 1], "texture": "#0"},
				"east": {"uv": [0, 0, 1, 1], "texture": "#0"},
				"south": {"uv": [0, 0, 1, 1], "texture": "#0"},
				"west": {"uv": [0, 0, 1, 1], "texture": "#0"},
				"up": {"uv": [0, 0, 1, 1], "texture": "#0"},
				"down": {"uv": [0, 0, 1, 1], "texture": "#0"}
			}
		},
		{
			"name": "hexadecagon",
			"from": [3, 6.1114, -2],
			"to": [13, 10.08964, 1],
			"faces": {
				"north": {"uv": [0, 0, 1, 1], "texture": "#0"},
				"east": {"uv": [0, 0, 1, 1], "texture": "#0"},
				"south": {"uv": [0, 0, 1, 1], "texture": "#0"},
				"west": {"uv": [0, 0, 1, 1], "texture": "#0"},
				"up": {"uv": [0, 0, 1, 1], "texture": "#0"},
				"down": {"uv": [0, 0, 1, 1], "texture": "#0"}
			}
		},
		{
			"name": "hexadecagon",
			"from": [3, 6.1114, -2],
			"to": [13, 10.08964, 1],
			"rotation": {"angle": 22.5, "axis": "x", "origin": [8, 8.10052, 8]},
			"faces": {
				"north": {"uv": [0, 0, 1, 1], "texture": "#0"},
				"east": {"uv": [0, 0, 1, 1], "texture": "#0"},
				"south": {"uv": [0, 0, 1, 1], "texture": "#0"},
				"west": {"uv": [0, 0, 1, 1], "texture": "#0"},
				"up": {"uv": [0, 0, 1, 1], "texture": "#0"},
				"down": {"uv": [0, 0, 1, 1], "texture": "#0"}
			}
		},
		{
			"name": "hexadecagon",
			"from": [3, 6.1114, -2],
			"to": [13, 10.08964, 1],
			"rotation": {"angle": 45, "axis": "x", "origin": [8, 8.10052, 8]},
			"faces": {
				"north": {"uv": [0, 0, 1, 1], "texture": "#0"},
				"east": {"uv": [0, 0, 1, 1], "texture": "#0"},
				"south": {"uv": [0, 0, 1, 1], "texture": "#0"},
				"west": {"uv": [0, 0, 1, 1], "texture": "#0"},
				"up": {"uv": [0, 0, 1, 1], "texture": "#0"},
				"down": {"uv": [0, 0, 1, 1], "texture": "#0"}
			}
		},
		{
			"name": "hexadecagon",
			"from": [3, 6.1114, 15],
			"to": [13, 10.08964, 18],
			"rotation": {"angle": -45, "axis": "x", "origin": [8, 8.10052, 8]},
			"faces": {
				"north": {"uv": [0, 0, 1, 1], "texture": "#0"},
				"east": {"uv": [0, 0, 1, 1], "texture": "#0"},
				"south": {"uv": [0, 0, 1, 1], "texture": "#0"},
				"west": {"uv": [0, 0, 1, 1], "texture": "#0"},
				"up": {"uv": [0, 0, 1, 1], "texture": "#0"},
				"down": {"uv": [0, 0, 1, 1], "texture": "#0"}
			}
		},
		{
			"name": "hexadecagon",
			"from": [3, 6.1114, 15],
			"to": [13, 10.08964, 18],
			"rotation": {"angle": -22.5, "axis": "x", "origin": [8, 8.10052, 8]},
			"faces": {
				"north": {"uv": [0, 0, 1, 1], "texture": "#0"},
				"east": {"uv": [0, 0, 1, 1], "texture": "#0"},
				"south": {"uv": [0, 0, 1, 1], "texture": "#0"},
				"west": {"uv": [0, 0, 1, 1], "texture": "#0"},
				"up": {"uv": [0, 0, 1, 1], "texture": "#0"},
				"down": {"uv": [0, 0, 1, 1], "texture": "#0"}
			}
		},
		{
			"name": "hexadecagon",
			"from": [3, 6.1114, 15],
			"to": [13, 10.08964, 18],
			"faces": {
				"north": {"uv": [0, 0, 1, 1], "texture": "#0"},
				"east": {"uv": [0, 0, 1, 1], "texture": "#0"},
				"south": {"uv": [0, 0, 1, 1], "texture": "#0"},
				"west": {"uv": [0, 0, 1, 1], "texture": "#0"},
				"up": {"uv": [0, 0, 1, 1], "texture": "#0"},
				"down": {"uv": [0, 0, 1, 1], "texture": "#0"}
			}
		},
		{
			"name": "hexadecagon",
			"from": [3, 6.1114, 15],
			"to": [13, 10.08964, 18],
			"rotation": {"angle": 22.5, "axis": "x", "origin": [8, 8.10052, 8]},
			"faces": {
				"north": {"uv": [0, 0, 1, 1], "texture": "#0"},
				"east": {"uv": [0, 0, 1, 1], "texture": "#0"},
				"south": {"uv": [0, 0, 1, 1], "texture": "#0"},
				"west": {"uv": [0, 0, 1, 1], "texture": "#0"},
				"up": {"uv": [0, 0, 1, 1], "texture": "#0"},
				"down": {"uv": [0, 0, 1, 1], "texture": "#0"}
			}
		},
		{
			"name": "hexadecagon",
			"from": [3, 6.1114, 15],
			"to": [13, 10.08964, 18],
			"rotation": {"angle": 45, "axis": "x", "origin": [8, 8.10052, 8]},
			"faces": {
				"north": {"uv": [0, 0, 1, 1], "texture": "#0"},
				"east": {"uv": [0, 0, 1, 1], "texture": "#0"},
				"south": {"uv": [0, 0, 1, 1], "texture": "#0"},
				"west": {"uv": [0, 0, 1, 1], "texture": "#0"},
				"up": {"uv": [0, 0, 1, 1], "texture": "#0"},
				"down": {"uv": [0, 0, 1, 1], "texture": "#0"}
			}
		},
		{
			"name": "hexadecagon",
			"from": [3, -1.89948, 6.01088],
			"to": [13, 1.10052, 9.98912],
			"rotation": {"angle": -22.5, "axis": "x", "origin": [8, 8.10052, 8]},
			"faces": {
				"north": {"uv": [0, 0, 1, 1], "texture": "#0"},
				"east": {"uv": [0, 0, 1, 1], "texture": "#0"},
				"south": {"uv": [0, 0, 1, 1], "texture": "#0"},
				"west": {"uv": [0, 0, 1, 1], "texture": "#0"},
				"up": {"uv": [0, 0, 1, 1], "texture": "#0"},
				"down": {"uv": [0, 0, 1, 1], "texture": "#0"}
			}
		},
		{
			"name": "hexadecagon",
			"from": [3, -1.89948, 6.01088],
			"to": [13, 1.10052, 9.98912],
			"faces": {
				"north": {"uv": [0, 0, 1, 1], "texture": "#0"},
				"east": {"uv": [0, 0, 1, 1], "texture": "#0"},
				"south": {"uv": [0, 0, 1, 1], "texture": "#0"},
				"west": {"uv": [0, 0, 1, 1], "texture": "#0"},
				"up": {"uv": [0, 0, 1, 1], "texture": "#0"},
				"down": {"uv": [0, 0, 1, 1], "texture": "#0"}
			}
		},
		{
			"name": "hexadecagon",
			"from": [3, -1.89948, 6.01088],
			"to": [13, 1.10052, 9.98912],
			"rotation": {"angle": 22.5, "axis": "x", "origin": [8, 8.10052, 8]},
			"faces": {
				"north": {"uv": [0, 0, 1, 1], "texture": "#0"},
				"east": {"uv": [0, 0, 1, 1], "texture": "#0"},
				"south": {"uv": [0, 0, 1, 1], "texture": "#0"},
				"west": {"uv": [0, 0, 1, 1], "texture": "#0"},
				"up": {"uv": [0, 0, 1, 1], "texture": "#0"},
				"down": {"uv": [0, 0, 1, 1], "texture": "#0"}
			}
		},
		{
			"name": "hexadecagon",
			"from": [3, 15.10052, 6.01088],
			"to": [13, 18.10052, 9.98912],
			"rotation": {"angle": -22.5, "axis": "x", "origin": [8, 8.10052, 8]},
			"faces": {
				"north": {"uv": [0, 0, 1, 1], "texture": "#0"},
				"east": {"uv": [0, 0, 1, 1], "texture": "#0"},
				"south": {"uv": [0, 0, 1, 1], "texture": "#0"},
				"west": {"uv": [0, 0, 1, 1], "texture": "#0"},
				"up": {"uv": [0, 0, 1, 1], "texture": "#0"},
				"down": {"uv": [0, 0, 1, 1], "texture": "#0"}
			}
		},
		{
			"name": "hexadecagon",
			"from": [3, 15.10052, 6.01088],
			"to": [13, 18.10052, 9.98912],
			"faces": {
				"north": {"uv": [0, 0, 1, 1], "texture": "#0"},
				"east": {"uv": [0, 0, 1, 1], "texture": "#0"},
				"south": {"uv": [0, 0, 1, 1], "texture": "#0"},
				"west": {"uv": [0, 0, 1, 1], "texture": "#0"},
				"up": {"uv": [0, 0, 1, 1], "texture": "#0"},
				"down": {"uv": [0, 0, 1, 1], "texture": "#0"}
			}
		},
		{
			"name": "hexadecagon",
			"from": [3, 15.10052, 6.01088],
			"to": [13, 18.10052, 9.98912],
			"rotation": {"angle": 22.5, "axis": "x", "origin": [8, 8.10052, 8]},
			"faces": {
				"north": {"uv": [0, 0, 1, 1], "texture": "#0"},
				"east": {"uv": [0, 0, 1, 1], "texture": "#0"},
				"south": {"uv": [0, 0, 1, 1], "texture": "#0"},
				"west": {"uv": [0, 0, 1, 1], "texture": "#0"},
				"up": {"uv": [0, 0, 1, 1], "texture": "#0"},
				"down": {"uv": [0, 0, 1, 1], "texture": "#0"}
			}
		},
		{
			"name": "hexadecagon",
			"from": [3.25, 6.6114, 17.25],
			"to": [12.75, 9.58964, 19.25],
			"faces": {
				"north": {"uv": [0, 2, 2, 4], "texture": "#0"},
				"east": {"uv": [0, 2, 2, 4], "texture": "#0"},
				"south": {"uv": [0, 2, 2, 4], "texture": "#0"},
				"west": {"uv": [0, 2, 2, 4], "texture": "#0"},
				"up": {"uv": [0, 2, 2, 4], "texture": "#0"},
				"down": {"uv": [0, 2, 2, 4], "texture": "#0"}
			}
		},
		{
			"name": "hexadecagon",
			"from": [3.25, -3.14948, 6.01088],
			"to": [12.75, -1.14948, 9.98912],
			"rotation": {"angle": 22.5, "axis": "x", "origin": [8, 8.10052, 8]},
			"faces": {
				"north": {"uv": [0, 2, 2, 4], "rotation": 180, "texture": "#0"},
				"east": {"uv": [0, 2, 2, 4], "rotation": 270, "texture": "#0"},
				"south": {"uv": [0, 2, 2, 4], "texture": "#0"},
				"west": {"uv": [0, 2, 2, 4], "rotation": 90, "texture": "#0"},
				"up": {"uv": [0, 2, 2, 4], "rotation": 180, "texture": "#0"},
				"down": {"uv": [0, 2, 2, 4], "texture": "#0"}
			}
		},
		{
			"name": "hexadecagon",
			"from": [3.25, 6.6114, -3.25],
			"to": [12.75, 9.58964, -1.25],
			"faces": {
				"north": {"uv": [2, 2, 0, 4], "texture": "#0"},
				"east": {"uv": [2, 2, 0, 4], "texture": "#0"},
				"south": {"uv": [2, 2, 0, 4], "texture": "#0"},
				"west": {"uv": [2, 2, 0, 4], "texture": "#0"},
				"up": {"uv": [0, 4, 2, 2], "texture": "#0"},
				"down": {"uv": [0, 4, 2, 2], "texture": "#0"}
			}
		},
		{
			"name": "hexadecagon",
			"from": [3.25, -3.14948, 6.51088],
			"to": [12.75, -1.14948, 9.48912],
			"faces": {
				"north": {"uv": [0, 2, 2, 4], "rotation": 180, "texture": "#0"},
				"east": {"uv": [0, 2, 2, 4], "rotation": 270, "texture": "#0"},
				"south": {"uv": [0, 2, 2, 4], "texture": "#0"},
				"west": {"uv": [0, 2, 2, 4], "rotation": 90, "texture": "#0"},
				"up": {"uv": [0, 2, 2, 4], "rotation": 180, "texture": "#0"},
				"down": {"uv": [0, 2, 2, 4], "texture": "#0"}
			}
		},
		{
			"name": "hexadecagon",
			"from": [3.25, 17.35052, 6.51088],
			"to": [12.75, 19.35052, 9.48912],
			"faces": {
				"north": {"uv": [0, 4, 2, 2], "rotation": 180, "texture": "#0"},
				"east": {"uv": [2, 2, 0, 4], "rotation": 270, "texture": "#0"},
				"south": {"uv": [0, 4, 2, 2], "texture": "#0"},
				"west": {"uv": [2, 2, 0, 4], "rotation": 90, "texture": "#0"},
				"up": {"uv": [2, 2, 0, 4], "rotation": 180, "texture": "#0"},
				"down": {"uv": [2, 2, 0, 4], "texture": "#0"}
			}
		},
		{
			"name": "hexadecagon",
			"from": [3.25, 6.6114, 17.25],
			"to": [12.75, 9.58964, 19.25],
			"rotation": {"angle": 22.5, "axis": "x", "origin": [8, 8.10052, 8]},
			"faces": {
				"north": {"uv": [0, 2, 2, 4], "texture": "#0"},
				"east": {"uv": [0, 2, 2, 4], "texture": "#0"},
				"south": {"uv": [0, 2, 2, 4], "texture": "#0"},
				"west": {"uv": [0, 2, 2, 4], "texture": "#0"},
				"up": {"uv": [0, 2, 2, 4], "texture": "#0"},
				"down": {"uv": [0, 2, 2, 4], "texture": "#0"}
			}
		},
		{
			"name": "hexadecagon",
			"from": [3.25, 6.6114, -3.25],
			"to": [12.75, 9.58964, -1.25],
			"rotation": {"angle": 22.5, "axis": "x", "origin": [8, 8.10052, 8]},
			"faces": {
				"north": {"uv": [2, 2, 0, 4], "texture": "#0"},
				"east": {"uv": [2, 2, 0, 4], "texture": "#0"},
				"south": {"uv": [2, 2, 0, 4], "texture": "#0"},
				"west": {"uv": [2, 2, 0, 4], "texture": "#0"},
				"up": {"uv": [0, 4, 2, 2], "texture": "#0"},
				"down": {"uv": [0, 4, 2, 2], "texture": "#0"}
			}
		},
		{
			"name": "hexadecagon",
			"from": [3.25, -2.14948, 6.51088],
			"to": [12.75, -1.14948, 9.48912],
			"rotation": {"angle": 22.5, "axis": "x", "origin": [8, 8.10052, 8]},
			"faces": {
				"north": {"uv": [0, 2, 2, 4], "rotation": 180, "texture": "#0"},
				"east": {"uv": [0, 2, 2, 4], "rotation": 270, "texture": "#0"},
				"south": {"uv": [0, 2, 2, 4], "texture": "#0"},
				"west": {"uv": [0, 2, 2, 4], "rotation": 90, "texture": "#0"},
				"up": {"uv": [0, 2, 2, 4], "rotation": 180, "texture": "#0"},
				"down": {"uv": [0, 2, 2, 4], "texture": "#0"}
			}
		},
		{
			"name": "hexadecagon",
			"from": [3.25, 17.35052, 6.51088],
			"to": [12.75, 19.35052, 9.48912],
			"rotation": {"angle": 22.5, "axis": "x", "origin": [8, 8.10052, 8]},
			"faces": {
				"north": {"uv": [0, 4, 2, 2], "rotation": 180, "texture": "#0"},
				"east": {"uv": [2, 2, 0, 4], "rotation": 270, "texture": "#0"},
				"south": {"uv": [0, 4, 2, 2], "texture": "#0"},
				"west": {"uv": [2, 2, 0, 4], "rotation": 90, "texture": "#0"},
				"up": {"uv": [2, 2, 0, 4], "rotation": 180, "texture": "#0"},
				"down": {"uv": [2, 2, 0, 4], "texture": "#0"}
			}
		},
		{
			"name": "hexadecagon",
			"from": [3.25, 6.6114, 17.25],
			"to": [12.75, 9.58964, 19.25],
			"rotation": {"angle": 45, "axis": "x", "origin": [8, 8.10052, 8]},
			"faces": {
				"north": {"uv": [0, 2, 2, 4], "texture": "#0"},
				"east": {"uv": [0, 2, 2, 4], "texture": "#0"},
				"south": {"uv": [0, 2, 2, 4], "texture": "#0"},
				"west": {"uv": [0, 2, 2, 4], "texture": "#0"},
				"up": {"uv": [0, 2, 2, 4], "texture": "#0"},
				"down": {"uv": [0, 2, 2, 4], "texture": "#0"}
			}
		},
		{
			"name": "hexadecagon",
			"from": [3.25, 6.6114, -3.25],
			"to": [12.75, 9.58964, -1.25],
			"rotation": {"angle": 45, "axis": "x", "origin": [8, 8.10052, 8]},
			"faces": {
				"north": {"uv": [2, 2, 0, 4], "texture": "#0"},
				"east": {"uv": [2, 2, 0, 4], "texture": "#0"},
				"south": {"uv": [2, 2, 0, 4], "texture": "#0"},
				"west": {"uv": [2, 2, 0, 4], "texture": "#0"},
				"up": {"uv": [0, 4, 2, 2], "texture": "#0"},
				"down": {"uv": [0, 4, 2, 2], "texture": "#0"}
			}
		},
		{
			"name": "hexadecagon",
			"from": [3.25, -3.14948, 6.51088],
			"to": [12.75, -1.14948, 9.48912],
			"rotation": {"angle": 45, "axis": "x", "origin": [8, 8.10052, 8]},
			"faces": {
				"north": {"uv": [0, 2, 2, 4], "rotation": 180, "texture": "#0"},
				"east": {"uv": [0, 2, 2, 4], "rotation": 270, "texture": "#0"},
				"south": {"uv": [0, 2, 2, 4], "texture": "#0"},
				"west": {"uv": [0, 2, 2, 4], "rotation": 90, "texture": "#0"},
				"up": {"uv": [0, 2, 2, 4], "rotation": 180, "texture": "#0"},
				"down": {"uv": [0, 2, 2, 4], "texture": "#0"}
			}
		},
		{
			"name": "hexadecagon",
			"from": [3.25, 17.35052, 6.51088],
			"to": [12.75, 19.35052, 9.48912],
			"rotation": {"angle": 45, "axis": "x", "origin": [8, 8.10052, 8]},
			"faces": {
				"north": {"uv": [0, 4, 2, 2], "rotation": 180, "texture": "#0"},
				"east": {"uv": [2, 2, 0, 4], "rotation": 270, "texture": "#0"},
				"south": {"uv": [0, 4, 2, 2], "texture": "#0"},
				"west": {"uv": [2, 2, 0, 4], "rotation": 90, "texture": "#0"},
				"up": {"uv": [2, 2, 0, 4], "rotation": 180, "texture": "#0"},
				"down": {"uv": [2, 2, 0, 4], "texture": "#0"}
			}
		},
		{
			"name": "hexadecagon",
			"from": [3.25, -3.14948, 6.51088],
			"to": [12.75, -1.14948, 9.48912],
			"rotation": {"angle": -22.5, "axis": "x", "origin": [8, 8.10052, 8]},
			"faces": {
				"north": {"uv": [0, 2, 2, 4], "rotation": 180, "texture": "#0"},
				"east": {"uv": [0, 2, 2, 4], "rotation": 270, "texture": "#0"},
				"south": {"uv": [0, 2, 2, 4], "texture": "#0"},
				"west": {"uv": [0, 2, 2, 4], "rotation": 90, "texture": "#0"},
				"up": {"uv": [0, 2, 2, 4], "rotation": 180, "texture": "#0"},
				"down": {"uv": [0, 2, 2, 4], "texture": "#0"}
			}
		},
		{
			"name": "hexadecagon",
			"from": [3.25, 17.35052, 6.51088],
			"to": [12.75, 19.35052, 9.48912],
			"rotation": {"angle": -22.5, "axis": "x", "origin": [8, 8.10052, 8]},
			"faces": {
				"north": {"uv": [0, 4, 2, 2], "rotation": 180, "texture": "#0"},
				"east": {"uv": [2, 2, 0, 4], "rotation": 270, "texture": "#0"},
				"south": {"uv": [0, 4, 2, 2], "texture": "#0"},
				"west": {"uv": [2, 2, 0, 4], "rotation": 90, "texture": "#0"},
				"up": {"uv": [2, 2, 0, 4], "rotation": 180, "texture": "#0"},
				"down": {"uv": [2, 2, 0, 4], "texture": "#0"}
			}
		},
		{
			"name": "hexadecagon",
			"from": [3.25, 6.6114, -3.25],
			"to": [12.75, 9.58964, -1.25],
			"rotation": {"angle": -22.5, "axis": "x", "origin": [8, 8.10052, 8]},
			"faces": {
				"north": {"uv": [0, 2, 2, 4], "rotation": 180, "texture": "#0"},
				"east": {"uv": [0, 2, 2, 4], "rotation": 180, "texture": "#0"},
				"south": {"uv": [0, 2, 2, 4], "rotation": 180, "texture": "#0"},
				"west": {"uv": [0, 2, 2, 4], "rotation": 180, "texture": "#0"},
				"up": {"uv": [0, 2, 2, 4], "texture": "#0"},
				"down": {"uv": [0, 2, 2, 4], "texture": "#0"}
			}
		},
		{
			"name": "hexadecagon",
			"from": [3.25, 6.6114, 17.25],
			"to": [12.75, 9.58964, 19.25],
			"rotation": {"angle": -22.5, "axis": "x", "origin": [8, 8.10052, 8]},
			"faces": {
				"north": {"uv": [2, 2, 0, 4], "rotation": 180, "texture": "#0"},
				"east": {"uv": [2, 2, 0, 4], "rotation": 180, "texture": "#0"},
				"south": {"uv": [2, 2, 0, 4], "rotation": 180, "texture": "#0"},
				"west": {"uv": [2, 2, 0, 4], "rotation": 180, "texture": "#0"},
				"up": {"uv": [0, 4, 2, 2], "texture": "#0"},
				"down": {"uv": [0, 4, 2, 2], "texture": "#0"}
			}
		},
		{
			"name": "hexadecagon",
			"from": [4, 6.60868, 0.5],
			"to": [12, 9.59236, 3.5],
			"rotation": {"angle": -45, "axis": "x", "origin": [8, 8.10052, 8]},
			"faces": {
				"north": {"uv": [2, 0, 4, 2], "texture": "#0"},
				"east": {"uv": [2, 0, 4, 2], "texture": "#0"},
				"south": {"uv": [2, 0, 4, 2], "texture": "#0"},
				"west": {"uv": [2, 0, 4, 2], "texture": "#0"},
				"up": {"uv": [2, 0, 4, 2], "texture": "#0"},
				"down": {"uv": [2, 0, 4, 2], "texture": "#0"}
			}
		},
		{
			"name": "hexadecagon",
			"from": [4, 6.60868, 0.5],
			"to": [12, 9.59236, 3.5],
			"rotation": {"angle": -22.5, "axis": "x", "origin": [8, 8.10052, 8]},
			"faces": {
				"north": {"uv": [2, 0, 4, 2], "texture": "#0"},
				"east": {"uv": [2, 0, 4, 2], "texture": "#0"},
				"south": {"uv": [2, 0, 4, 2], "texture": "#0"},
				"west": {"uv": [2, 0, 4, 2], "texture": "#0"},
				"up": {"uv": [2, 0, 4, 2], "texture": "#0"},
				"down": {"uv": [2, 0, 4, 2], "texture": "#0"}
			}
		},
		{
			"name": "hexadecagon",
			"from": [4, 6.60868, 0.5],
			"to": [12, 9.59236, 3.5],
			"faces": {
				"north": {"uv": [2, 0, 4, 2], "texture": "#0"},
				"east": {"uv": [2, 0, 4, 2], "texture": "#0"},
				"south": {"uv": [2, 0, 4, 2], "texture": "#0"},
				"west": {"uv": [2, 0, 4, 2], "texture": "#0"},
				"up": {"uv": [2, 0, 4, 2], "texture": "#0"},
				"down": {"uv": [2, 0, 4, 2], "texture": "#0"}
			}
		},
		{
			"name": "hexadecagon",
			"from": [4, 6.60868, 0.5],
			"to": [12, 9.59236, 3.5],
			"rotation": {"angle": 22.5, "axis": "x", "origin": [8, 8.10052, 8]},
			"faces": {
				"north": {"uv": [2, 0, 4, 2], "texture": "#0"},
				"east": {"uv": [2, 0, 4, 2], "texture": "#0"},
				"south": {"uv": [2, 0, 4, 2], "texture": "#0"},
				"west": {"uv": [2, 0, 4, 2], "texture": "#0"},
				"up": {"uv": [2, 0, 4, 2], "texture": "#0"},
				"down": {"uv": [2, 0, 4, 2], "texture": "#0"}
			}
		},
		{
			"name": "hexadecagon",
			"from": [4, 6.60868, 0.5],
			"to": [12, 9.59236, 3.5],
			"rotation": {"angle": 45, "axis": "x", "origin": [8, 8.10052, 8]},
			"faces": {
				"north": {"uv": [2, 0, 4, 2], "texture": "#0"},
				"east": {"uv": [2, 0, 4, 2], "texture": "#0"},
				"south": {"uv": [2, 0, 4, 2], "texture": "#0"},
				"west": {"uv": [2, 0, 4, 2], "texture": "#0"},
				"up": {"uv": [2, 0, 4, 2], "texture": "#0"},
				"down": {"uv": [2, 0, 4, 2], "texture": "#0"}
			}
		},
		{
			"name": "hexadecagon",
			"from": [4, 6.60868, 12.5],
			"to": [12, 9.59236, 15.5],
			"rotation": {"angle": -45, "axis": "x", "origin": [8, 8.10052, 8]},
			"faces": {
				"north": {"uv": [2, 0, 4, 2], "texture": "#0"},
				"east": {"uv": [2, 0, 4, 2], "texture": "#0"},
				"south": {"uv": [2, 0, 4, 2], "texture": "#0"},
				"west": {"uv": [2, 0, 4, 2], "texture": "#0"},
				"up": {"uv": [2, 0, 4, 2], "texture": "#0"},
				"down": {"uv": [2, 0, 4, 2], "texture": "#0"}
			}
		},
		{
			"name": "hexadecagon",
			"from": [4, 6.60868, 12.5],
			"to": [12, 9.59236, 15.5],
			"rotation": {"angle": -22.5, "axis": "x", "origin": [8, 8.10052, 8]},
			"faces": {
				"north": {"uv": [2, 0, 4, 2], "texture": "#0"},
				"east": {"uv": [2, 0, 4, 2], "texture": "#0"},
				"south": {"uv": [2, 0, 4, 2], "texture": "#0"},
				"west": {"uv": [2, 0, 4, 2], "texture": "#0"},
				"up": {"uv": [2, 0, 4, 2], "texture": "#0"},
				"down": {"uv": [2, 0, 4, 2], "texture": "#0"}
			}
		},
		{
			"name": "hexadecagon",
			"from": [4, 6.60868, 12.5],
			"to": [12, 9.59236, 15.5],
			"faces": {
				"north": {"uv": [2, 0, 4, 2], "texture": "#0"},
				"east": {"uv": [2, 0, 4, 2], "texture": "#0"},
				"south": {"uv": [2, 0, 4, 2], "texture": "#0"},
				"west": {"uv": [2, 0, 4, 2], "texture": "#0"},
				"up": {"uv": [2, 0, 4, 2], "texture": "#0"},
				"down": {"uv": [2, 0, 4, 2], "texture": "#0"}
			}
		},
		{
			"name": "hexadecagon",
			"from": [4, 6.60868, 12.5],
			"to": [12, 9.59236, 15.5],
			"rotation": {"angle": 22.5, "axis": "x", "origin": [8, 8.10052, 8]},
			"faces": {
				"north": {"uv": [2, 0, 4, 2], "texture": "#0"},
				"east": {"uv": [2, 0, 4, 2], "texture": "#0"},
				"south": {"uv": [2, 0, 4, 2], "texture": "#0"},
				"west": {"uv": [2, 0, 4, 2], "texture": "#0"},
				"up": {"uv": [2, 0, 4, 2], "texture": "#0"},
				"down": {"uv": [2, 0, 4, 2], "texture": "#0"}
			}
		},
		{
			"name": "hexadecagon",
			"from": [4, 6.60868, 12.5],
			"to": [12, 9.59236, 15.5],
			"rotation": {"angle": 45, "axis": "x", "origin": [8, 8.10052, 8]},
			"faces": {
				"north": {"uv": [2, 0, 4, 2], "texture": "#0"},
				"east": {"uv": [2, 0, 4, 2], "texture": "#0"},
				"south": {"uv": [2, 0, 4, 2], "texture": "#0"},
				"west": {"uv": [2, 0, 4, 2], "texture": "#0"},
				"up": {"uv": [2, 0, 4, 2], "texture": "#0"},
				"down": {"uv": [2, 0, 4, 2], "texture": "#0"}
			}
		},
		{
			"name": "hexadecagon",
			"from": [4, 0.60052, 6.50816],
			"to": [12, 3.60052, 9.49184],
			"rotation": {"angle": -22.5, "axis": "x", "origin": [8, 8.10052, 8]},
			"faces": {
				"north": {"uv": [2, 0, 4, 2], "texture": "#0"},
				"east": {"uv": [2, 0, 4, 2], "texture": "#0"},
				"south": {"uv": [2, 0, 4, 2], "texture": "#0"},
				"west": {"uv": [2, 0, 4, 2], "texture": "#0"},
				"up": {"uv": [2, 0, 4, 2], "texture": "#0"},
				"down": {"uv": [2, 0, 4, 2], "texture": "#0"}
			}
		},
		{
			"name": "hexadecagon",
			"from": [4, 0.60052, 6.50816],
			"to": [12, 3.60052, 9.49184],
			"faces": {
				"north": {"uv": [2, 0, 4, 2], "texture": "#0"},
				"east": {"uv": [2, 0, 4, 2], "texture": "#0"},
				"south": {"uv": [2, 0, 4, 2], "texture": "#0"},
				"west": {"uv": [2, 0, 4, 2], "texture": "#0"},
				"up": {"uv": [2, 0, 4, 2], "texture": "#0"},
				"down": {"uv": [2, 0, 4, 2], "texture": "#0"}
			}
		},
		{
			"name": "hexadecagon",
			"from": [4, 0.60052, 6.50816],
			"to": [12, 3.60052, 9.49184],
			"rotation": {"angle": 22.5, "axis": "x", "origin": [8, 8.10052, 8]},
			"faces": {
				"north": {"uv": [2, 0, 4, 2], "texture": "#0"},
				"east": {"uv": [2, 0, 4, 2], "texture": "#0"},
				"south": {"uv": [2, 0, 4, 2], "texture": "#0"},
				"west": {"uv": [2, 0, 4, 2], "texture": "#0"},
				"up": {"uv": [2, 0, 4, 2], "texture": "#0"},
				"down": {"uv": [2, 0, 4, 2], "texture": "#0"}
			}
		},
		{
			"name": "hexadecagon",
			"from": [4, 12.60052, 6.50816],
			"to": [12, 15.60052, 9.49184],
			"rotation": {"angle": -22.5, "axis": "x", "origin": [8, 8.10052, 8]},
			"faces": {
				"north": {"uv": [2, 0, 4, 2], "texture": "#0"},
				"east": {"uv": [2, 0, 4, 2], "texture": "#0"},
				"south": {"uv": [2, 0, 4, 2], "texture": "#0"},
				"west": {"uv": [2, 0, 4, 2], "texture": "#0"},
				"up": {"uv": [2, 0, 4, 2], "texture": "#0"},
				"down": {"uv": [2, 0, 4, 2], "texture": "#0"}
			}
		},
		{
			"name": "hexadecagon",
			"from": [4, 12.60052, 6.50816],
			"to": [12, 15.60052, 9.49184],
			"faces": {
				"north": {"uv": [2, 0, 4, 2], "texture": "#0"},
				"east": {"uv": [2, 0, 4, 2], "texture": "#0"},
				"south": {"uv": [2, 0, 4, 2], "texture": "#0"},
				"west": {"uv": [2, 0, 4, 2], "texture": "#0"},
				"up": {"uv": [2, 0, 4, 2], "texture": "#0"},
				"down": {"uv": [2, 0, 4, 2], "texture": "#0"}
			}
		},
		{
			"name": "hexadecagon",
			"from": [4, 12.60052, 6.50816],
			"to": [12, 15.60052, 9.49184],
			"rotation": {"angle": 22.5, "axis": "x", "origin": [8, 8.10052, 8]},
			"faces": {
				"north": {"uv": [2, 0, 4, 2], "texture": "#0"},
				"east": {"uv": [2, 0, 4, 2], "texture": "#0"},
				"south": {"uv": [2, 0, 4, 2], "texture": "#0"},
				"west": {"uv": [2, 0, 4, 2], "texture": "#0"},
				"up": {"uv": [2, 0, 4, 2], "texture": "#0"},
				"down": {"uv": [2, 0, 4, 2], "texture": "#0"}
			}
		},
		{
			"name": "hexadecagon",
			"from": [2.75, 6.60868, 0.5],
			"to": [13.25, 9.59236, 1.5],
			"rotation": {"angle": -45, "axis": "x", "origin": [12.25, 8.10052, 8]},
			"faces": {
				"north": {"uv": [2, 0, 4, 2], "texture": "#0"},
				"east": {"uv": [2, 0, 4, 2], "texture": "#0"},
				"south": {"uv": [2, 0, 4, 2], "texture": "#0"},
				"west": {"uv": [2, 0, 4, 2], "texture": "#0"},
				"up": {"uv": [2, 0, 4, 2], "texture": "#0"},
				"down": {"uv": [2, 0, 4, 2], "texture": "#0"}
			}
		},
		{
			"name": "hexadecagon",
			"from": [2.75, 6.60868, 0.5],
			"to": [13.25, 9.59236, 1.5],
			"rotation": {"angle": -22.5, "axis": "x", "origin": [12.25, 8.10052, 8]},
			"faces": {
				"north": {"uv": [2, 0, 4, 2], "texture": "#0"},
				"east": {"uv": [2, 0, 4, 2], "texture": "#0"},
				"south": {"uv": [2, 0, 4, 2], "texture": "#0"},
				"west": {"uv": [2, 0, 4, 2], "texture": "#0"},
				"up": {"uv": [2, 0, 4, 2], "texture": "#0"},
				"down": {"uv": [2, 0, 4, 2], "texture": "#0"}
			}
		},
		{
			"name": "hexadecagon",
			"from": [2.75, 6.60868, 0.5],
			"to": [13.25, 9.59236, 1.5],
			"faces": {
				"north": {"uv": [2, 0, 4, 2], "texture": "#0"},
				"east": {"uv": [2, 0, 4, 2], "texture": "#0"},
				"south": {"uv": [2, 0, 4, 2], "texture": "#0"},
				"west": {"uv": [2, 0, 4, 2], "texture": "#0"},
				"up": {"uv": [2, 0, 4, 2], "texture": "#0"},
				"down": {"uv": [2, 0, 4, 2], "texture": "#0"}
			}
		},
		{
			"name": "hexadecagon",
			"from": [2.75, 6.60868, 0.5],
			"to": [13.25, 9.59236, 1.5],
			"rotation": {"angle": 22.5, "axis": "x", "origin": [12.25, 8.10052, 8]},
			"faces": {
				"north": {"uv": [2, 0, 4, 2], "texture": "#0"},
				"east": {"uv": [2, 0, 4, 2], "texture": "#0"},
				"south": {"uv": [2, 0, 4, 2], "texture": "#0"},
				"west": {"uv": [2, 0, 4, 2], "texture": "#0"},
				"up": {"uv": [2, 0, 4, 2], "texture": "#0"},
				"down": {"uv": [2, 0, 4, 2], "texture": "#0"}
			}
		},
		{
			"name": "hexadecagon",
			"from": [2.75, 6.60868, 0.5],
			"to": [13.25, 9.59236, 1.5],
			"rotation": {"angle": 45, "axis": "x", "origin": [12.25, 8.10052, 8]},
			"faces": {
				"north": {"uv": [2, 0, 4, 2], "texture": "#0"},
				"east": {"uv": [2, 0, 4, 2], "texture": "#0"},
				"south": {"uv": [2, 0, 4, 2], "texture": "#0"},
				"west": {"uv": [2, 0, 4, 2], "texture": "#0"},
				"up": {"uv": [2, 0, 4, 2], "texture": "#0"},
				"down": {"uv": [2, 0, 4, 2], "texture": "#0"}
			}
		},
		{
			"name": "hexadecagon",
			"from": [2.75, 6.60868, 14.5],
			"to": [13.25, 9.59236, 15.5],
			"rotation": {"angle": -45, "axis": "x", "origin": [12.25, 8.10052, 8]},
			"faces": {
				"north": {"uv": [2, 0, 4, 2], "texture": "#0"},
				"east": {"uv": [2, 0, 4, 2], "texture": "#0"},
				"south": {"uv": [2, 0, 4, 2], "texture": "#0"},
				"west": {"uv": [2, 0, 4, 2], "texture": "#0"},
				"up": {"uv": [2, 0, 4, 2], "texture": "#0"},
				"down": {"uv": [2, 0, 4, 2], "texture": "#0"}
			}
		},
		{
			"name": "hexadecagon",
			"from": [2.75, 6.60868, 14.5],
			"to": [13.25, 9.59236, 15.5],
			"rotation": {"angle": -22.5, "axis": "x", "origin": [12.25, 8.10052, 8]},
			"faces": {
				"north": {"uv": [2, 0, 4, 2], "texture": "#0"},
				"east": {"uv": [2, 0, 4, 2], "texture": "#0"},
				"south": {"uv": [2, 0, 4, 2], "texture": "#0"},
				"west": {"uv": [2, 0, 4, 2], "texture": "#0"},
				"up": {"uv": [2, 0, 4, 2], "texture": "#0"},
				"down": {"uv": [2, 0, 4, 2], "texture": "#0"}
			}
		},
		{
			"name": "hexadecagon",
			"from": [2.75, 6.60868, 14.5],
			"to": [13.25, 9.59236, 15.5],
			"faces": {
				"north": {"uv": [2, 0, 4, 2], "texture": "#0"},
				"east": {"uv": [2, 0, 4, 2], "texture": "#0"},
				"south": {"uv": [2, 0, 4, 2], "texture": "#0"},
				"west": {"uv": [2, 0, 4, 2], "texture": "#0"},
				"up": {"uv": [2, 0, 4, 2], "texture": "#0"},
				"down": {"uv": [2, 0, 4, 2], "texture": "#0"}
			}
		},
		{
			"name": "hexadecagon",
			"from": [2.75, 6.60868, 14.5],
			"to": [13.25, 9.59236, 15.5],
			"rotation": {"angle": 22.5, "axis": "x", "origin": [12.25, 8.10052, 8]},
			"faces": {
				"north": {"uv": [2, 0, 4, 2], "texture": "#0"},
				"east": {"uv": [2, 0, 4, 2], "texture": "#0"},
				"south": {"uv": [2, 0, 4, 2], "texture": "#0"},
				"west": {"uv": [2, 0, 4, 2], "texture": "#0"},
				"up": {"uv": [2, 0, 4, 2], "texture": "#0"},
				"down": {"uv": [2, 0, 4, 2], "texture": "#0"}
			}
		},
		{
			"name": "hexadecagon",
			"from": [2.75, 6.60868, 14.5],
			"to": [13.25, 9.59236, 15.5],
			"rotation": {"angle": 45, "axis": "x", "origin": [12.25, 8.10052, 8]},
			"faces": {
				"north": {"uv": [2, 0, 4, 2], "texture": "#0"},
				"east": {"uv": [2, 0, 4, 2], "texture": "#0"},
				"south": {"uv": [2, 0, 4, 2], "texture": "#0"},
				"west": {"uv": [2, 0, 4, 2], "texture": "#0"},
				"up": {"uv": [2, 0, 4, 2], "texture": "#0"},
				"down": {"uv": [2, 0, 4, 2], "texture": "#0"}
			}
		},
		{
			"name": "hexadecagon",
			"from": [2.75, 0.60052, 6.50816],
			"to": [13.25, 1.60052, 9.49184],
			"rotation": {"angle": -22.5, "axis": "x", "origin": [12.25, 8.10052, 8]},
			"faces": {
				"north": {"uv": [2, 0, 4, 2], "texture": "#0"},
				"east": {"uv": [2, 0, 4, 2], "texture": "#0"},
				"south": {"uv": [2, 0, 4, 2], "texture": "#0"},
				"west": {"uv": [2, 0, 4, 2], "texture": "#0"},
				"up": {"uv": [2, 0, 4, 2], "texture": "#0"},
				"down": {"uv": [2, 0, 4, 2], "texture": "#0"}
			}
		},
		{
			"name": "hexadecagon",
			"from": [2.75, 0.60052, 6.50816],
			"to": [13.25, 1.60052, 9.49184],
			"faces": {
				"north": {"uv": [2, 0, 4, 2], "texture": "#0"},
				"east": {"uv": [2, 0, 4, 2], "texture": "#0"},
				"south": {"uv": [2, 0, 4, 2], "texture": "#0"},
				"west": {"uv": [2, 0, 4, 2], "texture": "#0"},
				"up": {"uv": [2, 0, 4, 2], "texture": "#0"},
				"down": {"uv": [2, 0, 4, 2], "texture": "#0"}
			}
		},
		{
			"name": "hexadecagon",
			"from": [2.75, 0.60052, 6.50816],
			"to": [13.25, 1.60052, 9.49184],
			"rotation": {"angle": 22.5, "axis": "x", "origin": [12.25, 8.10052, 8]},
			"faces": {
				"north": {"uv": [2, 0, 4, 2], "texture": "#0"},
				"east": {"uv": [2, 0, 4, 2], "texture": "#0"},
				"south": {"uv": [2, 0, 4, 2], "texture": "#0"},
				"west": {"uv": [2, 0, 4, 2], "texture": "#0"},
				"up": {"uv": [2, 0, 4, 2], "texture": "#0"},
				"down": {"uv": [2, 0, 4, 2], "texture": "#0"}
			}
		},
		{
			"name": "hexadecagon",
			"from": [2.75, 14.60052, 6.50816],
			"to": [13.25, 15.60052, 9.49184],
			"rotation": {"angle": -22.5, "axis": "x", "origin": [12.25, 8.10052, 8]},
			"faces": {
				"north": {"uv": [2, 0, 4, 2], "texture": "#0"},
				"east": {"uv": [2, 0, 4, 2], "texture": "#0"},
				"south": {"uv": [2, 0, 4, 2], "texture": "#0"},
				"west": {"uv": [2, 0, 4, 2], "texture": "#0"},
				"up": {"uv": [2, 0, 4, 2], "texture": "#0"},
				"down": {"uv": [2, 0, 4, 2], "texture": "#0"}
			}
		},
		{
			"name": "hexadecagon",
			"from": [2.75, 14.60052, 6.50816],
			"to": [13.25, 15.60052, 9.49184],
			"faces": {
				"north": {"uv": [2, 0, 4, 2], "texture": "#0"},
				"east": {"uv": [2, 0, 4, 2], "texture": "#0"},
				"south": {"uv": [2, 0, 4, 2], "texture": "#0"},
				"west": {"uv": [2, 0, 4, 2], "texture": "#0"},
				"up": {"uv": [2, 0, 4, 2], "texture": "#0"},
				"down": {"uv": [2, 0, 4, 2], "texture": "#0"}
			}
		},
		{
			"name": "hexadecagon",
			"from": [2.75, 14.60052, 6.50816],
			"to": [13.25, 15.60052, 9.49184],
			"rotation": {"angle": 22.5, "axis": "x", "origin": [12.25, 8.10052, 8]},
			"faces": {
				"north": {"uv": [2, 0, 4, 2], "texture": "#0"},
				"east": {"uv": [2, 0, 4, 2], "texture": "#0"},
				"south": {"uv": [2, 0, 4, 2], "texture": "#0"},
				"west": {"uv": [2, 0, 4, 2], "texture": "#0"},
				"up": {"uv": [2, 0, 4, 2], "texture": "#0"},
				"down": {"uv": [2, 0, 4, 2], "texture": "#0"}
			}
		}
	],
	"display": {
		"head": {
			"translation": [0, -6.5, 0],
			"scale": [3.25, 3.25, 3.25]
		}
	},
	"groups": [
		{
			"name": "hexadecagon",
			"origin": [8, 8, 8],
			"children": [0, 1, 2, 3, 4, 5, 6, 7]
		},
		{
			"name": "hexadecagon",
			"origin": [8, 8, 8],
			"children": [8, 9, 10, 11, 12, 13, 14, 15, 16, 17, 18, 19, 20, 21, 22, 23]
		},
		{
			"name": "hexadecagon",
			"origin": [8, 8, 8],
			"children": [24, 25, 26, 27, 28, 29, 30, 31]
		},
		{
			"name": "hexadecagon",
			"origin": [8, 8, 8],
			"children": [32, 33, 34, 35, 36, 37, 38, 39, 40, 41, 42, 43, 44, 45, 46, 47, 48, 49, 50, 51, 52, 53, 54, 55, 56, 57, 58, 59, 60, 61, 62, 63, 64]
		},
		{
			"name": "hexadecagon",
			"origin": [8, 8, 8],
			"children": [65, 66, 67, 68, 69, 70, 71, 72, 73, 74, 75, 76, 77, 78, 79, 80]
		},
		{
			"name": "hexadecagon",
			"origin": [8, 8, 8],
			"children": [81, 82, 83, 84, 85, 86, 87, 88, 89, 90, 91, 92, 93, 94, 95, 96]
		}
	]
}