{
	"credit": "Made with Blockbench",
	"textures": {
		"3": "w3e:vehicle/wheelparts1",
		"particle": "w3e:vehicle/wheelparts1"
	},
	"elements": [
		{
			"name": "hexadecagon",
			"from": [4.75, 7.10489, 3.5],
			"to": [11.25, 8.89511, 12.5],
			"rotation": {"angle": -45, "axis": "x", "origin": [11, 8, 8]},
			"faces": {
				"north": {"uv": [2, 0, 4, 2], "texture": "#3"},
				"east": {"uv": [2, 0, 4, 2], "texture": "#3"},
				"south": {"uv": [2, 0, 4, 2], "texture": "#3"},
				"west": {"uv": [2, 0, 4, 2], "texture": "#3"},
				"up": {"uv": [2, 0, 4, 2], "texture": "#3"},
				"down": {"uv": [2, 0, 4, 2], "texture": "#3"}
			}
		},
		{
			"name": "hexadecagon",
			"from": [4.75, 7.10489, 3.5],
			"to": [11.25, 8.89511, 12.5],
			"rotation": {"angle": -22.5, "axis": "x", "origin": [11, 8, 8]},
			"faces": {
				"north": {"uv": [2, 0, 4, 2], "texture": "#3"},
				"east": {"uv": [2, 0, 4, 2], "texture": "#3"},
				"south": {"uv": [2, 0, 4, 2], "texture": "#3"},
				"west": {"uv": [2, 0, 4, 2], "texture": "#3"},
				"up": {"uv": [2, 0, 4, 2], "texture": "#3"},
				"down": {"uv": [2, 0, 4, 2], "texture": "#3"}
			}
		},
		{
			"name": "hexadecagon",
			"from": [4.75, 7.10489, 3.5],
			"to": [11.25, 8.89511, 12.5],
			"faces": {
				"north": {"uv": [2, 0, 4, 2], "texture": "#3"},
				"east": {"uv": [2, 0, 4, 2], "texture": "#3"},
				"south": {"uv": [2, 0, 4, 2], "texture": "#3"},
				"west": {"uv": [2, 0, 4, 2], "texture": "#3"},
				"up": {"uv": [2, 0, 4, 2], "texture": "#3"},
				"down": {"uv": [2, 0, 4, 2], "texture": "#3"}
			}
		},
		{
			"name": "hexadecagon",
			"from": [4.75, 7.10489, 3.5],
			"to": [11.25, 8.89511, 12.5],
			"rotation": {"angle": 22.5, "axis": "x", "origin": [11, 8, 8]},
			"faces": {
				"north": {"uv": [2, 0, 4, 2], "texture": "#3"},
				"east": {"uv": [2, 0, 4, 2], "texture": "#3"},
				"south": {"uv": [2, 0, 4, 2], "texture": "#3"},
				"west": {"uv": [2, 0, 4, 2], "texture": "#3"},
				"up": {"uv": [2, 0, 4, 2], "texture": "#3"},
				"down": {"uv": [2, 0, 4, 2], "texture": "#3"}
			}
		},
		{
			"name": "hexadecagon",
			"from": [4.75, 7.10489, 3.5],
			"to": [11.25, 8.89511, 12.5],
			"rotation": {"angle": 45, "axis": "x", "origin": [11, 8, 8]},
			"faces": {
				"north": {"uv": [2, 0, 4, 2], "texture": "#3"},
				"east": {"uv": [2, 0, 4, 2], "texture": "#3"},
				"south": {"uv": [2, 0, 4, 2], "texture": "#3"},
				"west": {"uv": [2, 0, 4, 2], "texture": "#3"},
				"up": {"uv": [2, 0, 4, 2], "texture": "#3"},
				"down": {"uv": [2, 0, 4, 2], "texture": "#3"}
			}
		},
		{
			"name": "hexadecagon",
			"from": [4.75, 3.5, 7.10489],
			"to": [11.25, 12.5, 8.89511],
			"rotation": {"angle": -22.5, "axis": "x", "origin": [11, 8, 8]},
			"faces": {
				"north": {"uv": [2, 0, 4, 2], "texture": "#3"},
				"east": {"uv": [2, 0, 4, 2], "texture": "#3"},
				"south": {"uv": [2, 0, 4, 2], "texture": "#3"},
				"west": {"uv": [2, 0, 4, 2], "texture": "#3"},
				"up": {"uv": [2, 0, 4, 2], "texture": "#3"},
				"down": {"uv": [2, 0, 4, 2], "texture": "#3"}
			}
		},
		{
			"name": "hexadecagon",
			"from": [4.75, 3.5, 7.10489],
			"to": [11.25, 12.5, 8.89511],
			"faces": {
				"north": {"uv": [2, 0, 4, 2], "texture": "#3"},
				"east": {"uv": [2, 0, 4, 2], "texture": "#3"},
				"south": {"uv": [2, 0, 4, 2], "texture": "#3"},
				"west": {"uv": [2, 0, 4, 2], "texture": "#3"},
				"up": {"uv": [2, 0, 4, 2], "texture": "#3"},
				"down": {"uv": [2, 0, 4, 2], "texture": "#3"}
			}
		},
		{
			"name": "hexadecagon",
			"from": [4.75, 3.5, 7.10489],
			"to": [11.25, 12.5, 8.89511],
			"rotation": {"angle": 22.5, "axis": "x", "origin": [11, 8, 8]},
			"faces": {
				"north": {"uv": [2, 0, 4, 2], "texture": "#3"},
				"east": {"uv": [2, 0, 4, 2], "texture": "#3"},
				"south": {"uv": [2, 0, 4, 2], "texture": "#3"},
				"west": {"uv": [2, 0, 4, 2], "texture": "#3"},
				"up": {"uv": [2, 0, 4, 2], "texture": "#3"},
				"down": {"uv": [2, 0, 4, 2], "texture": "#3"}
			}
		},
		{
			"name": "hexadecagon",
			"from": [4.55, 6.90598, 2.5],
			"to": [11.45, 9.09402, 3.5],
			"rotation": {"angle": -45, "axis": "x", "origin": [11, 8, 8]},
			"faces": {
				"north": {"uv": [1.25, 1.25, 1.75, 1.75], "texture": "#3"},
				"east": {"uv": [1.25, 1.25, 1.75, 1.75], "texture": "#3"},
				"south": {"uv": [1.25, 1.25, 1.75, 1.75], "texture": "#3"},
				"west": {"uv": [0, 0, 2, 2], "texture": "#3"},
				"up": {"uv": [1.25, 1.25, 1.75, 1.75], "texture": "#3"},
				"down": {"uv": [1.25, 1.25, 1.75, 1.75], "texture": "#3"}
			}
		},
		{
			"name": "hexadecagon",
			"from": [4.55, 6.90598, 2.5],
			"to": [11.45, 9.09402, 3.5],
			"rotation": {"angle": -22.5, "axis": "x", "origin": [11, 8, 8]},
			"faces": {
				"north": {"uv": [1.25, 1.25, 1.75, 1.75], "texture": "#3"},
				"east": {"uv": [1.25, 1.25, 1.75, 1.75], "texture": "#3"},
				"south": {"uv": [1.25, 1.25, 1.75, 1.75], "texture": "#3"},
				"west": {"uv": [0, 0, 2, 2], "texture": "#3"},
				"up": {"uv": [1.25, 1.25, 1.75, 1.75], "texture": "#3"},
				"down": {"uv": [1.25, 1.25, 1.75, 1.75], "texture": "#3"}
			}
		},
		{
			"name": "hexadecagon",
			"from": [4.55, 6.90598, 2.5],
			"to": [11.45, 9.09402, 3.5],
			"faces": {
				"north": {"uv": [1.25, 1.25, 1.75, 1.75], "texture": "#3"},
				"east": {"uv": [1.25, 1.25, 1.75, 1.75], "texture": "#3"},
				"south": {"uv": [1.25, 1.25, 1.75, 1.75], "texture": "#3"},
				"west": {"uv": [0, 0, 2, 2], "texture": "#3"},
				"up": {"uv": [1.25, 1.25, 1.75, 1.75], "texture": "#3"},
				"down": {"uv": [1.25, 1.25, 1.75, 1.75], "texture": "#3"}
			}
		},
		{
			"name": "hexadecagon",
			"from": [4.55, 6.90598, 2.5],
			"to": [11.45, 9.09402, 3.5],
			"rotation": {"angle": 22.5, "axis": "x", "origin": [11, 8, 8]},
			"faces": {
				"north": {"uv": [1.25, 1.25, 1.75, 1.75], "texture": "#3"},
				"east": {"uv": [1.25, 1.25, 1.75, 1.75], "texture": "#3"},
				"south": {"uv": [1.25, 1.25, 1.75, 1.75], "texture": "#3"},
				"west": {"uv": [0, 0, 2, 2], "texture": "#3"},
				"up": {"uv": [1.25, 1.25, 1.75, 1.75], "texture": "#3"},
				"down": {"uv": [1.25, 1.25, 1.75, 1.75], "texture": "#3"}
			}
		},
		{
			"name": "hexadecagon",
			"from": [4.55, 6.90598, 2.5],
			"to": [11.45, 9.09402, 3.5],
			"rotation": {"angle": 45, "axis": "x", "origin": [11, 8, 8]},
			"faces": {
				"north": {"uv": [1.25, 1.25, 1.75, 1.75], "texture": "#3"},
				"east": {"uv": [1.25, 1.25, 1.75, 1.75], "texture": "#3"},
				"south": {"uv": [1.25, 1.25, 1.75, 1.75], "texture": "#3"},
				"west": {"uv": [0, 0, 2, 2], "texture": "#3"},
				"up": {"uv": [1.25, 1.25, 1.75, 1.75], "texture": "#3"},
				"down": {"uv": [1.25, 1.25, 1.75, 1.75], "texture": "#3"}
			}
		},
		{
			"name": "hexadecagon",
			"from": [4.55, 6.90598, 12.5],
			"to": [11.45, 9.09402, 13.5],
			"rotation": {"angle": -45, "axis": "x", "origin": [11, 8, 8]},
			"faces": {
				"north": {"uv": [1.25, 1.25, 1.75, 1.75], "texture": "#3"},
				"east": {"uv": [1.25, 1.25, 1.75, 1.75], "texture": "#3"},
				"south": {"uv": [1.25, 1.25, 1.75, 1.75], "texture": "#3"},
				"west": {"uv": [0, 0, 2, 2], "texture": "#3"},
				"up": {"uv": [1.25, 1.25, 1.75, 1.75], "texture": "#3"},
				"down": {"uv": [1.25, 1.25, 1.75, 1.75], "texture": "#3"}
			}
		},
		{
			"name": "hexadecagon",
			"from": [4.55, 6.90598, 12.5],
			"to": [11.45, 9.09402, 13.5],
			"rotation": {"angle": -22.5, "axis": "x", "origin": [11, 8, 8]},
			"faces": {
				"north": {"uv": [1.25, 1.25, 1.75, 1.75], "texture": "#3"},
				"east": {"uv": [1.25, 1.25, 1.75, 1.75], "texture": "#3"},
				"south": {"uv": [1.25, 1.25, 1.75, 1.75], "texture": "#3"},
				"west": {"uv": [0, 0, 2, 2], "texture": "#3"},
				"up": {"uv": [1.25, 1.25, 1.75, 1.75], "texture": "#3"},
				"down": {"uv": [1.25, 1.25, 1.75, 1.75], "texture": "#3"}
			}
		},
		{
			"name": "hexadecagon",
			"from": [4.55, 6.90598, 12.5],
			"to": [11.45, 9.09402, 13.5],
			"faces": {
				"north": {"uv": [1.25, 1.25, 1.75, 1.75], "texture": "#3"},
				"east": {"uv": [1.25, 1.25, 1.75, 1.75], "texture": "#3"},
				"south": {"uv": [1.25, 1.25, 1.75, 1.75], "texture": "#3"},
				"west": {"uv": [0, 0, 2, 2], "texture": "#3"},
				"up": {"uv": [1.25, 1.25, 1.75, 1.75], "texture": "#3"},
				"down": {"uv": [1.25, 1.25, 1.75, 1.75], "texture": "#3"}
			}
		},
		{
			"name": "hexadecagon",
			"from": [4.55, 6.90598, 12.5],
			"to": [11.45, 9.09402, 13.5],
			"rotation": {"angle": 22.5, "axis": "x", "origin": [11, 8, 8]},
			"faces": {
				"north": {"uv": [1.25, 1.25, 1.75, 1.75], "texture": "#3"},
				"east": {"uv": [1.25, 1.25, 1.75, 1.75], "texture": "#3"},
				"south": {"uv": [1.25, 1.25, 1.75, 1.75], "texture": "#3"},
				"west": {"uv": [0, 0, 2, 2], "texture": "#3"},
				"up": {"uv": [1.25, 1.25, 1.75, 1.75], "texture": "#3"},
				"down": {"uv": [1.25, 1.25, 1.75, 1.75], "texture": "#3"}
			}
		},
		{
			"name": "hexadecagon",
			"from": [4.55, 6.90598, 12.5],
			"to": [11.45, 9.09402, 13.5],
			"rotation": {"angle": 45, "axis": "x", "origin": [11, 8, 8]},
			"faces": {
				"north": {"uv": [1.25, 1.25, 1.75, 1.75], "texture": "#3"},
				"east": {"uv": [1.25, 1.25, 1.75, 1.75], "texture": "#3"},
				"south": {"uv": [1.25, 1.25, 1.75, 1.75], "texture": "#3"},
				"west": {"uv": [0, 0, 2, 2], "texture": "#3"},
				"up": {"uv": [1.25, 1.25, 1.75, 1.75], "texture": "#3"},
				"down": {"uv": [1.25, 1.25, 1.75, 1.75], "texture": "#3"}
			}
		},
		{
			"name": "hexadecagon",
			"from": [4.55, 2.5, 6.90598],
			"to": [11.45, 3.5, 9.09402],
			"rotation": {"angle": -22.5, "axis": "x", "origin": [11, 8, 8]},
			"faces": {
				"north": {"uv": [1.25, 1.25, 1.75, 1.75], "texture": "#3"},
				"east": {"uv": [1.25, 1.25, 1.75, 1.75], "texture": "#3"},
				"south": {"uv": [1.25, 1.25, 1.75, 1.75], "texture": "#3"},
				"west": {"uv": [0, 0, 2, 2], "texture": "#3"},
				"up": {"uv": [1.25, 1.25, 1.75, 1.75], "texture": "#3"},
				"down": {"uv": [1.25, 1.25, 1.75, 1.75], "texture": "#3"}
			}
		},
		{
			"name": "hexadecagon",
			"from": [4.55, 2.5, 6.90598],
			"to": [11.45, 3.5, 9.09402],
			"faces": {
				"north": {"uv": [1.25, 1.25, 1.75, 1.75], "texture": "#3"},
				"east": {"uv": [1.25, 1.25, 1.75, 1.75], "texture": "#3"},
				"south": {"uv": [1.25, 1.25, 1.75, 1.75], "texture": "#3"},
				"west": {"uv": [0, 0, 2, 2], "texture": "#3"},
				"up": {"uv": [1.25, 1.25, 1.75, 1.75], "texture": "#3"},
				"down": {"uv": [1.25, 1.25, 1.75, 1.75], "texture": "#3"}
			}
		},
		{
			"name": "hexadecagon",
			"from": [4.55, 2.5, 6.90598],
			"to": [11.45, 3.5, 9.09402],
			"rotation": {"angle": 22.5, "axis": "x", "origin": [11, 8, 8]},
			"faces": {
				"north": {"uv": [1.25, 1.25, 1.75, 1.75], "texture": "#3"},
				"east": {"uv": [1.25, 1.25, 1.75, 1.75], "texture": "#3"},
				"south": {"uv": [1.25, 1.25, 1.75, 1.75], "texture": "#3"},
				"west": {"uv": [0, 0, 2, 2], "texture": "#3"},
				"up": {"uv": [1.25, 1.25, 1.75, 1.75], "texture": "#3"},
				"down": {"uv": [1.25, 1.25, 1.75, 1.75], "texture": "#3"}
			}
		},
		{
			"name": "hexadecagon",
			"from": [4.55, 12.5, 6.90598],
			"to": [11.45, 13.5, 9.09402],
			"rotation": {"angle": -22.5, "axis": "x", "origin": [11, 8, 8]},
			"faces": {
				"north": {"uv": [1.25, 1.25, 1.75, 1.75], "texture": "#3"},
				"east": {"uv": [1.25, 1.25, 1.75, 1.75], "texture": "#3"},
				"south": {"uv": [1.25, 1.25, 1.75, 1.75], "texture": "#3"},
				"west": {"uv": [0, 0, 2, 2], "texture": "#3"},
				"up": {"uv": [1.25, 1.25, 1.75, 1.75], "texture": "#3"},
				"down": {"uv": [1.25, 1.25, 1.75, 1.75], "texture": "#3"}
			}
		},
		{
			"name": "hexadecagon",
			"from": [4.55, 12.5, 6.90598],
			"to": [11.45, 13.5, 9.09402],
			"faces": {
				"north": {"uv": [1.25, 1.25, 1.75, 1.75], "texture": "#3"},
				"east": {"uv": [1.25, 1.25, 1.75, 1.75], "texture": "#3"},
				"south": {"uv": [1.25, 1.25, 1.75, 1.75], "texture": "#3"},
				"west": {"uv": [0, 0, 2, 2], "texture": "#3"},
				"up": {"uv": [1.25, 1.25, 1.75, 1.75], "texture": "#3"},
				"down": {"uv": [1.25, 1.25, 1.75, 1.75], "texture": "#3"}
			}
		},
		{
			"name": "hexadecagon",
			"from": [4.55, 12.5, 6.90598],
			"to": [11.45, 13.5, 9.09402],
			"rotation": {"angle": 22.5, "axis": "x", "origin": [11, 8, 8]},
			"faces": {
				"north": {"uv": [1.25, 1.25, 1.75, 1.75], "texture": "#3"},
				"east": {"uv": [1.25, 1.25, 1.75, 1.75], "texture": "#3"},
				"south": {"uv": [1.25, 1.25, 1.75, 1.75], "texture": "#3"},
				"west": {"uv": [0, 0, 2, 2], "texture": "#3"},
				"up": {"uv": [1.25, 1.25, 1.75, 1.75], "texture": "#3"},
				"down": {"uv": [1.25, 1.25, 1.75, 1.75], "texture": "#3"}
			}
		},
		{
			"name": "hexadecagon",
			"from": [4.5, 7.45435, 4],
			"to": [11.5, 8.54565, 5],
			"rotation": {"angle": -45, "axis": "x", "origin": [11, 8, 8]},
			"faces": {
				"north": {"uv": [4, 0, 6, 2], "texture": "#3"},
				"east": {"uv": [4, 0, 6, 2], "texture": "#3"},
				"south": {"uv": [4, 0, 6, 2], "texture": "#3"},
				"west": {"uv": [4, 0, 6, 2], "texture": "#3"},
				"up": {"uv": [4, 0, 6, 2], "texture": "#3"},
				"down": {"uv": [4, 0, 6, 2], "texture": "#3"}
			}
		},
		{
			"name": "hexadecagon",
			"from": [4.5, 7.45435, 4],
			"to": [11.5, 8.54565, 5],
			"faces": {
				"north": {"uv": [4, 0, 6, 2], "texture": "#3"},
				"east": {"uv": [4, 0, 6, 2], "texture": "#3"},
				"south": {"uv": [4, 0, 6, 2], "texture": "#3"},
				"west": {"uv": [4, 0, 6, 2], "texture": "#3"},
				"up": {"uv": [4, 0, 6, 2], "texture": "#3"},
				"down": {"uv": [4, 0, 6, 2], "texture": "#3"}
			}
		},
		{
			"name": "hexadecagon",
			"from": [4.5, 7.45435, 4],
			"to": [11.5, 8.54565, 5],
			"rotation": {"angle": 45, "axis": "x", "origin": [11, 8, 8]},
			"faces": {
				"north": {"uv": [4, 0, 6, 2], "texture": "#3"},
				"east": {"uv": [4, 0, 6, 2], "texture": "#3"},
				"south": {"uv": [4, 0, 6, 2], "texture": "#3"},
				"west": {"uv": [4, 0, 6, 2], "texture": "#3"},
				"up": {"uv": [4, 0, 6, 2], "texture": "#3"},
				"down": {"uv": [4, 0, 6, 2], "texture": "#3"}
			}
		},
		{
			"name": "hexadecagon",
			"from": [4.5, 7.45435, 11],
			"to": [11.5, 8.54565, 12],
			"rotation": {"angle": -45, "axis": "x", "origin": [11, 8, 8]},
			"faces": {
				"north": {"uv": [4, 0, 6, 2], "texture": "#3"},
				"east": {"uv": [4, 0, 6, 2], "texture": "#3"},
				"south": {"uv": [4, 0, 6, 2], "texture": "#3"},
				"west": {"uv": [4, 0, 6, 2], "texture": "#3"},
				"up": {"uv": [4, 0, 6, 2], "texture": "#3"},
				"down": {"uv": [4, 0, 6, 2], "texture": "#3"}
			}
		},
		{
			"name": "hexadecagon",
			"from": [4.5, 7.45435, 11],
			"to": [11.5, 8.54565, 12],
			"faces": {
				"north": {"uv": [4, 0, 6, 2], "texture": "#3"},
				"east": {"uv": [4, 0, 6, 2], "texture": "#3"},
				"south": {"uv": [4, 0, 6, 2], "texture": "#3"},
				"west": {"uv": [4, 0, 6, 2], "texture": "#3"},
				"up": {"uv": [4, 0, 6, 2], "texture": "#3"},
				"down": {"uv": [4, 0, 6, 2], "texture": "#3"}
			}
		},
		{
			"name": "hexadecagon",
			"from": [4.5, 7.45435, 11],
			"to": [11.5, 8.54565, 12],
			"rotation": {"angle": 45, "axis": "x", "origin": [11, 8, 8]},
			"faces": {
				"north": {"uv": [4, 0, 6, 2], "texture": "#3"},
				"east": {"uv": [4, 0, 6, 2], "texture": "#3"},
				"south": {"uv": [4, 0, 6, 2], "texture": "#3"},
				"west": {"uv": [4, 0, 6, 2], "texture": "#3"},
				"up": {"uv": [4, 0, 6, 2], "texture": "#3"},
				"down": {"uv": [4, 0, 6, 2], "texture": "#3"}
			}
		},
		{
			"name": "hexadecagon",
			"from": [4.5, 4, 7.45435],
			"to": [11.5, 5, 8.54565],
			"faces": {
				"north": {"uv": [4, 0, 6, 2], "texture": "#3"},
				"east": {"uv": [4, 0, 6, 2], "texture": "#3"},
				"south": {"uv": [4, 0, 6, 2], "texture": "#3"},
				"west": {"uv": [4, 0, 6, 2], "texture": "#3"},
				"up": {"uv": [4, 0, 6, 2], "texture": "#3"},
				"down": {"uv": [4, 0, 6, 2], "texture": "#3"}
			}
		},
		{
			"name": "hexadecagon",
			"from": [4.5, 11, 7.45435],
			"to": [11.5, 12, 8.54565],
			"faces": {
				"north": {"uv": [4, 0, 6, 2], "texture": "#3"},
				"east": {"uv": [4, 0, 6, 2], "texture": "#3"},
				"south": {"uv": [4, 0, 6, 2], "texture": "#3"},
				"west": {"uv": [4, 0, 6, 2], "texture": "#3"},
				"up": {"uv": [4, 0, 6, 2], "texture": "#3"},
				"down": {"uv": [4, 0, 6, 2], "texture": "#3"}
			}
		},
		{
			"name": "hexadecagon",
			"from": [4.5, 6.50816, 0.5],
			"to": [11.5, 9.49184, 2.5],
			"rotation": {"angle": -45, "axis": "x", "origin": [8, 8, 8]},
			"faces": {
				"north": {"uv": [0, 2, 2, 4], "texture": "#3"},
				"east": {"uv": [0, 2, 2, 4], "texture": "#3"},
				"south": {"uv": [0, 2, 2, 4], "texture": "#3"},
				"west": {"uv": [0, 2, 2, 4], "texture": "#3"},
				"up": {"uv": [0, 2, 2, 4], "texture": "#3"},
				"down": {"uv": [0, 2, 2, 4], "texture": "#3"}
			}
		},
		{
			"name": "hexadecagon",
			"from": [4.5, 6.50816, 0.5],
			"to": [11.5, 9.49184, 2.5],
			"rotation": {"angle": -22.5, "axis": "x", "origin": [8, 8, 8]},
			"faces": {
				"north": {"uv": [0, 2, 2, 4], "texture": "#3"},
				"east": {"uv": [0, 2, 2, 4], "texture": "#3"},
				"south": {"uv": [0, 2, 2, 4], "texture": "#3"},
				"west": {"uv": [0, 2, 2, 4], "texture": "#3"},
				"up": {"uv": [0, 2, 2, 4], "texture": "#3"},
				"down": {"uv": [0, 2, 2, 4], "texture": "#3"}
			}
		},
		{
			"name": "hexadecagon",
			"from": [4.5, 6.50816, 0.5],
			"to": [11.5, 9.49184, 2.5],
			"faces": {
				"north": {"uv": [0, 2, 2, 4], "texture": "#3"},
				"east": {"uv": [0, 2, 2, 4], "texture": "#3"},
				"south": {"uv": [0, 2, 2, 4], "texture": "#3"},
				"west": {"uv": [0, 2, 2, 4], "texture": "#3"},
				"up": {"uv": [0, 2, 2, 4], "texture": "#3"},
				"down": {"uv": [0, 2, 2, 4], "texture": "#3"}
			}
		},
		{
			"name": "hexadecagon",
			"from": [4.5, 6.50816, 0.5],
			"to": [11.5, 9.49184, 2.5],
			"rotation": {"angle": 22.5, "axis": "x", "origin": [8, 8, 8]},
			"faces": {
				"north": {"uv": [0, 2, 2, 4], "texture": "#3"},
				"east": {"uv": [0, 2, 2, 4], "texture": "#3"},
				"south": {"uv": [0, 2, 2, 4], "texture": "#3"},
				"west": {"uv": [0, 2, 2, 4], "texture": "#3"},
				"up": {"uv": [0, 2, 2, 4], "texture": "#3"},
				"down": {"uv": [0, 2, 2, 4], "texture": "#3"}
			}
		},
		{
			"name": "hexadecagon",
			"from": [4.5, 6.50816, 0.5],
			"to": [11.5, 9.49184, 2.5],
			"rotation": {"angle": 45, "axis": "x", "origin": [8, 8, 8]},
			"faces": {
				"north": {"uv": [0, 2, 2, 4], "texture": "#3"},
				"east": {"uv": [0, 2, 2, 4], "texture": "#3"},
				"south": {"uv": [0, 2, 2, 4], "texture": "#3"},
				"west": {"uv": [0, 2, 2, 4], "texture": "#3"},
				"up": {"uv": [0, 2, 2, 4], "texture": "#3"},
				"down": {"uv": [0, 2, 2, 4], "texture": "#3"}
			}
		},
		{
			"name": "hexadecagon",
			"from": [4.5, 6.50816, 13.5],
			"to": [11.5, 9.49184, 15.5],
			"rotation": {"angle": -45, "axis": "x", "origin": [8, 8, 8]},
			"faces": {
				"north": {"uv": [0, 2, 2, 4], "texture": "#3"},
				"east": {"uv": [0, 2, 2, 4], "texture": "#3"},
				"south": {"uv": [0, 2, 2, 4], "texture": "#3"},
				"west": {"uv": [0, 2, 2, 4], "texture": "#3"},
				"up": {"uv": [0, 2, 2, 4], "texture": "#3"},
				"down": {"uv": [0, 2, 2, 4], "texture": "#3"}
			}
		},
		{
			"name": "hexadecagon",
			"from": [4.5, 6.50816, 13.5],
			"to": [11.5, 9.49184, 15.5],
			"rotation": {"angle": -22.5, "axis": "x", "origin": [8, 8, 8]},
			"faces": {
				"north": {"uv": [0, 2, 2, 4], "texture": "#3"},
				"east": {"uv": [0, 2, 2, 4], "texture": "#3"},
				"south": {"uv": [0, 2, 2, 4], "texture": "#3"},
				"west": {"uv": [0, 2, 2, 4], "texture": "#3"},
				"up": {"uv": [0, 2, 2, 4], "texture": "#3"},
				"down": {"uv": [0, 2, 2, 4], "texture": "#3"}
			}
		},
		{
			"name": "hexadecagon",
			"from": [4.5, 6.50816, 13.5],
			"to": [11.5, 9.49184, 15.5],
			"faces": {
				"north": {"uv": [0, 2, 2, 4], "texture": "#3"},
				"east": {"uv": [0, 2, 2, 4], "texture": "#3"},
				"south": {"uv": [0, 2, 2, 4], "texture": "#3"},
				"west": {"uv": [0, 2, 2, 4], "texture": "#3"},
				"up": {"uv": [0, 2, 2, 4], "texture": "#3"},
				"down": {"uv": [0, 2, 2, 4], "texture": "#3"}
			}
		},
		{
			"name": "hexadecagon",
			"from": [4.5, 6.50816, 13.5],
			"to": [11.5, 9.49184, 15.5],
			"rotation": {"angle": 22.5, "axis": "x", "origin": [8, 8, 8]},
			"faces": {
				"north": {"uv": [0, 2, 2, 4], "texture": "#3"},
				"east": {"uv": [0, 2, 2, 4], "texture": "#3"},
				"south": {"uv": [0, 2, 2, 4], "texture": "#3"},
				"west": {"uv": [0, 2, 2, 4], "texture": "#3"},
				"up": {"uv": [0, 2, 2, 4], "texture": "#3"},
				"down": {"uv": [0, 2, 2, 4], "texture": "#3"}
			}
		},
		{
			"name": "hexadecagon",
			"from": [4.5, 6.50816, 13.5],
			"to": [11.5, 9.49184, 15.5],
			"rotation": {"angle": 45, "axis": "x", "origin": [8, 8, 8]},
			"faces": {
				"north": {"uv": [0, 2, 2, 4], "texture": "#3"},
				"east": {"uv": [0, 2, 2, 4], "texture": "#3"},
				"south": {"uv": [0, 2, 2, 4], "texture": "#3"},
				"west": {"uv": [0, 2, 2, 4], "texture": "#3"},
				"up": {"uv": [0, 2, 2, 4], "texture": "#3"},
				"down": {"uv": [0, 2, 2, 4], "texture": "#3"}
			}
		},
		{
			"name": "hexadecagon",
			"from": [4.5, 0.5, 6.50816],
			"to": [11.5, 2.5, 9.49184],
			"rotation": {"angle": -22.5, "axis": "x", "origin": [8, 8, 8]},
			"faces": {
				"north": {"uv": [0, 2, 2, 4], "texture": "#3"},
				"east": {"uv": [0, 2, 2, 4], "texture": "#3"},
				"south": {"uv": [0, 2, 2, 4], "texture": "#3"},
				"west": {"uv": [0, 2, 2, 4], "texture": "#3"},
				"up": {"uv": [0, 2, 2, 4], "texture": "#3"},
				"down": {"uv": [0, 2, 2, 4], "texture": "#3"}
			}
		},
		{
			"name": "hexadecagon",
			"from": [4.5, 0.5, 6.50816],
			"to": [11.5, 2.5, 9.49184],
			"faces": {
				"north": {"uv": [0, 2, 2, 4], "texture": "#3"},
				"east": {"uv": [0, 2, 2, 4], "texture": "#3"},
				"south": {"uv": [0, 2, 2, 4], "texture": "#3"},
				"west": {"uv": [0, 2, 2, 4], "texture": "#3"},
				"up": {"uv": [0, 2, 2, 4], "texture": "#3"},
				"down": {"uv": [0, 2, 2, 4], "texture": "#3"}
			}
		},
		{
			"name": "hexadecagon",
			"from": [4.5, 0.5, 6.50816],
			"to": [11.5, 2.5, 9.49184],
			"rotation": {"angle": 22.5, "axis": "x", "origin": [8, 8, 8]},
			"faces": {
				"north": {"uv": [0, 2, 2, 4], "texture": "#3"},
				"east": {"uv": [0, 2, 2, 4], "texture": "#3"},
				"south": {"uv": [0, 2, 2, 4], "texture": "#3"},
				"west": {"uv": [0, 2, 2, 4], "texture": "#3"},
				"up": {"uv": [0, 2, 2, 4], "texture": "#3"},
				"down": {"uv": [0, 2, 2, 4], "texture": "#3"}
			}
		},
		{
			"name": "hexadecagon",
			"from": [4.5, 13.5, 6.50816],
			"to": [11.5, 15.5, 9.49184],
			"rotation": {"angle": -22.5, "axis": "x", "origin": [8, 8, 8]},
			"faces": {
				"north": {"uv": [0, 2, 2, 4], "texture": "#3"},
				"east": {"uv": [0, 2, 2, 4], "texture": "#3"},
				"south": {"uv": [0, 2, 2, 4], "texture": "#3"},
				"west": {"uv": [0, 2, 2, 4], "texture": "#3"},
				"up": {"uv": [0, 2, 2, 4], "texture": "#3"},
				"down": {"uv": [0, 2, 2, 4], "texture": "#3"}
			}
		},
		{
			"name": "hexadecagon",
			"from": [4.5, 13.5, 6.50816],
			"to": [11.5, 15.5, 9.49184],
			"faces": {
				"north": {"uv": [0, 2, 2, 4], "texture": "#3"},
				"east": {"uv": [0, 2, 2, 4], "texture": "#3"},
				"south": {"uv": [0, 2, 2, 4], "texture": "#3"},
				"west": {"uv": [0, 2, 2, 4], "texture": "#3"},
				"up": {"uv": [0, 2, 2, 4], "texture": "#3"},
				"down": {"uv": [0, 2, 2, 4], "texture": "#3"}
			}
		},
		{
			"name": "hexadecagon",
			"from": [4.5, 13.5, 6.50816],
			"to": [11.5, 15.5, 9.49184],
			"rotation": {"angle": 22.5, "axis": "x", "origin": [8, 8, 8]},
			"faces": {
				"north": {"uv": [0, 2, 2, 4], "texture": "#3"},
				"east": {"uv": [0, 2, 2, 4], "texture": "#3"},
				"south": {"uv": [0, 2, 2, 4], "texture": "#3"},
				"west": {"uv": [0, 2, 2, 4], "texture": "#3"},
				"up": {"uv": [0, 2, 2, 4], "texture": "#3"},
				"down": {"uv": [0, 2, 2, 4], "texture": "#3"}
			}
		},
		{
			"name": "hexadecagon",
			"from": [4.5, 7.50272, 5.5],
			"to": [11.5, 8.49728, 10.5],
			"rotation": {"angle": -45, "axis": "x", "origin": [5, 8, 8]},
			"faces": {
				"north": {"uv": [2, 2, 4, 4], "texture": "#3"},
				"east": {"uv": [2, 2, 4, 4], "texture": "#3"},
				"south": {"uv": [2, 2, 4, 4], "texture": "#3"},
				"west": {"uv": [2, 2, 4, 4], "texture": "#3"},
				"up": {"uv": [2, 2, 4, 4], "texture": "#3"},
				"down": {"uv": [2, 2, 4, 4], "texture": "#3"}
			}
		},
		{
			"name": "hexadecagon",
			"from": [4.5, 7.50272, 5.5],
			"to": [11.5, 8.49728, 10.5],
			"rotation": {"angle": -22.5, "axis": "x", "origin": [5, 8, 8]},
			"faces": {
				"north": {"uv": [2, 2, 4, 4], "texture": "#3"},
				"east": {"uv": [2, 2, 4, 4], "texture": "#3"},
				"south": {"uv": [2, 2, 4, 4], "texture": "#3"},
				"west": {"uv": [2, 2, 4, 4], "texture": "#3"},
				"up": {"uv": [2, 2, 4, 4], "texture": "#3"},
				"down": {"uv": [2, 2, 4, 4], "texture": "#3"}
			}
		},
		{
			"name": "hexadecagon",
			"from": [4.5, 7.50272, 5.5],
			"to": [11.5, 8.49728, 10.5],
			"faces": {
				"north": {"uv": [2, 2, 4, 4], "texture": "#3"},
				"east": {"uv": [2, 2, 4, 4], "texture": "#3"},
				"south": {"uv": [2, 2, 4, 4], "texture": "#3"},
				"west": {"uv": [2, 2, 4, 4], "texture": "#3"},
				"up": {"uv": [2, 2, 4, 4], "texture": "#3"},
				"down": {"uv": [2, 2, 4, 4], "texture": "#3"}
			}
		},
		{
			"name": "hexadecagon",
			"from": [4.5, 7.50272, 5.5],
			"to": [11.5, 8.49728, 10.5],
			"rotation": {"angle": 22.5, "axis": "x", "origin": [5, 8, 8]},
			"faces": {
				"north": {"uv": [2, 2, 4, 4], "texture": "#3"},
				"east": {"uv": [2, 2, 4, 4], "texture": "#3"},
				"south": {"uv": [2, 2, 4, 4], "texture": "#3"},
				"west": {"uv": [2, 2, 4, 4], "texture": "#3"},
				"up": {"uv": [2, 2, 4, 4], "texture": "#3"},
				"down": {"uv": [2, 2, 4, 4], "texture": "#3"}
			}
		},
		{
			"name": "hexadecagon",
			"from": [4.5, 7.50272, 5.5],
			"to": [11.5, 8.49728, 10.5],
			"rotation": {"angle": 45, "axis": "x", "origin": [5, 8, 8]},
			"faces": {
				"north": {"uv": [2, 2, 4, 4], "texture": "#3"},
				"east": {"uv": [2, 2, 4, 4], "texture": "#3"},
				"south": {"uv": [2, 2, 4, 4], "texture": "#3"},
				"west": {"uv": [2, 2, 4, 4], "texture": "#3"},
				"up": {"uv": [2, 2, 4, 4], "texture": "#3"},
				"down": {"uv": [2, 2, 4, 4], "texture": "#3"}
			}
		},
		{
			"name": "hexadecagon",
			"from": [4.5, 5.5, 7.50272],
			"to": [11.5, 10.5, 8.49728],
			"rotation": {"angle": -22.5, "axis": "x", "origin": [5, 8, 8]},
			"faces": {
				"north": {"uv": [2, 2, 4, 4], "texture": "#3"},
				"east": {"uv": [2, 2, 4, 4], "texture": "#3"},
				"south": {"uv": [2, 2, 4, 4], "texture": "#3"},
				"west": {"uv": [2, 2, 4, 4], "texture": "#3"},
				"up": {"uv": [2, 2, 4, 4], "texture": "#3"},
				"down": {"uv": [2, 2, 4, 4], "texture": "#3"}
			}
		},
		{
			"name": "hexadecagon",
			"from": [4.5, 5.5, 7.50272],
			"to": [11.5, 10.5, 8.49728],
			"faces": {
				"north": {"uv": [2, 2, 4, 4], "texture": "#3"},
				"east": {"uv": [2, 2, 4, 4], "texture": "#3"},
				"south": {"uv": [2, 2, 4, 4], "texture": "#3"},
				"west": {"uv": [2, 2, 4, 4], "texture": "#3"},
				"up": {"uv": [2, 2, 4, 4], "texture": "#3"},
				"down": {"uv": [2, 2, 4, 4], "texture": "#3"}
			}
		},
		{
			"name": "hexadecagon",
			"from": [4.5, 5.5, 7.50272],
			"to": [11.5, 10.5, 8.49728],
			"rotation": {"angle": 22.5, "axis": "x", "origin": [5, 8, 8]},
			"faces": {
				"north": {"uv": [2, 2, 4, 4], "texture": "#3"},
				"east": {"uv": [2, 2, 4, 4], "texture": "#3"},
				"south": {"uv": [2, 2, 4, 4], "texture": "#3"},
				"west": {"uv": [2, 2, 4, 4], "texture": "#3"},
				"up": {"uv": [2, 2, 4, 4], "texture": "#3"},
				"down": {"uv": [2, 2, 4, 4], "texture": "#3"}
			}
		}
	],
	"display": {
		"gui": {
			"rotation": [45, 145, 0]
		},
		"head": {
			"translation": [0, -6.5, 0],
			"scale": [2.3, 2.3, 2.3]
		}
	},
	"groups": [
		{
			"name": "hexadecagon",
			"origin": [8, 8, 8],
			"children": [0, 1, 2, 3, 4, 5, 6, 7]
		},
		{
			"name": "hexadecagon",
			"origin": [8, 8, 8],
			"children": [8, 9, 10, 11, 12, 13, 14, 15, 16, 17, 18, 19, 20, 21, 22, 23]
		},
		{
			"name": "hexadecagon",
			"origin": [8, 8, 8],
			"children": [24, 25, 26, 27, 28, 29, 30, 31]
		},
		{
			"name": "hexadecagon",
			"origin": [8, 8, 8],
			"children": [32, 33, 34, 35, 36, 37, 38, 39, 40, 41, 42, 43, 44, 45, 46, 47]
		},
		{
			"name": "hexadecagon",
			"origin": [8, 8, 8],
			"children": [48, 49, 50, 51, 52, 53, 54, 55]
		}
	]
}