{
	"credit": "Made with Blockbench",
	"textures": {
		"1": "w3e:vehicle/wheelparts1"
	},
	"elements": [
		{
			"from": [5, -3, -1],
			"to": [11, 3, 17],
			"faces": {
				"north": {"uv": [0, 2, 2, 4], "texture": "#1"},
				"east": {"uv": [0, 2, 2, 4], "texture": "#1"},
				"south": {"uv": [0, 2, 2, 4], "texture": "#1"},
				"west": {"uv": [0, 2, 2, 4], "texture": "#1"},
				"up": {"uv": [0, 2, 2, 4], "texture": "#1"},
				"down": {"uv": [0, 2, 2, 4], "texture": "#1"}
			}
		},
		{
			"from": [5, -9, 5],
			"to": [11, 9, 11],
			"faces": {
				"north": {"uv": [0, 2, 2, 4], "rotation": 90, "texture": "#1"},
				"east": {"uv": [0, 2, 2, 4], "rotation": 90, "texture": "#1"},
				"south": {"uv": [0, 2, 2, 4], "rotation": 90, "texture": "#1"},
				"west": {"uv": [0, 2, 2, 4], "rotation": 90, "texture": "#1"},
				"up": {"uv": [0, 2, 2, 4], "rotation": 90, "texture": "#1"},
				"down": {"uv": [0, 2, 2, 4], "rotation": 90, "texture": "#1"}
			}
		},
		{
			"from": [5, -9, 5],
			"to": [11, 9, 11],
			"rotation": {"angle": -22.5, "axis": "x", "origin": [8, 0, 8]},
			"faces": {
				"north": {"uv": [0, 2, 2, 4], "rotation": 90, "texture": "#1"},
				"east": {"uv": [0, 2, 2, 4], "rotation": 90, "texture": "#1"},
				"south": {"uv": [0, 2, 2, 4], "rotation": 90, "texture": "#1"},
				"west": {"uv": [0, 2, 2, 4], "rotation": 90, "texture": "#1"},
				"up": {"uv": [0, 2, 2, 4], "rotation": 90, "texture": "#1"},
				"down": {"uv": [0, 2, 2, 4], "rotation": 90, "texture": "#1"}
			}
		},
		{
			"from": [5, -9, 5],
			"to": [11, 9, 11],
			"rotation": {"angle": -45, "axis": "x", "origin": [8, 0, 8]},
			"faces": {
				"north": {"uv": [0, 2, 2, 4], "rotation": 90, "texture": "#1"},
				"east": {"uv": [0, 2, 2, 4], "rotation": 90, "texture": "#1"},
				"south": {"uv": [0, 2, 2, 4], "rotation": 90, "texture": "#1"},
				"west": {"uv": [0, 2, 2, 4], "rotation": 90, "texture": "#1"},
				"up": {"uv": [0, 2, 2, 4], "rotation": 90, "texture": "#1"},
				"down": {"uv": [0, 2, 2, 4], "rotation": 90, "texture": "#1"}
			}
		},
		{
			"from": [5, -3, -1],
			"to": [11, 3, 17],
			"rotation": {"angle": 22.5, "axis": "x", "origin": [8, 0, 8]},
			"faces": {
				"north": {"uv": [0, 2, 2, 4], "texture": "#1"},
				"east": {"uv": [0, 2, 2, 4], "texture": "#1"},
				"south": {"uv": [0, 2, 2, 4], "texture": "#1"},
				"west": {"uv": [0, 2, 2, 4], "texture": "#1"},
				"up": {"uv": [0, 2, 2, 4], "texture": "#1"},
				"down": {"uv": [0, 2, 2, 4], "texture": "#1"}
			}
		},
		{
			"from": [5, -3, -1],
			"to": [11, 3, 17],
			"rotation": {"angle": -22.5, "axis": "x", "origin": [8, 0, 8]},
			"faces": {
				"north": {"uv": [0, 2, 2, 4], "texture": "#1"},
				"east": {"uv": [0, 2, 2, 4], "texture": "#1"},
				"south": {"uv": [0, 2, 2, 4], "texture": "#1"},
				"west": {"uv": [0, 2, 2, 4], "texture": "#1"},
				"up": {"uv": [0, 2, 2, 4], "texture": "#1"},
				"down": {"uv": [0, 2, 2, 4], "texture": "#1"}
			}
		},
		{
			"from": [5, -9, 5],
			"to": [11, 9, 11],
			"rotation": {"angle": 45, "axis": "x", "origin": [8, 0, 8]},
			"faces": {
				"north": {"uv": [0, 2, 2, 4], "rotation": 270, "texture": "#1"},
				"east": {"uv": [0, 2, 2, 4], "rotation": 270, "texture": "#1"},
				"south": {"uv": [0, 2, 2, 4], "rotation": 270, "texture": "#1"},
				"west": {"uv": [0, 2, 2, 4], "rotation": 270, "texture": "#1"},
				"up": {"uv": [0, 2, 2, 4], "rotation": 270, "texture": "#1"},
				"down": {"uv": [0, 2, 2, 4], "rotation": 270, "texture": "#1"}
			}
		},
		{
			"from": [5, -9, 5],
			"to": [11, 9, 11],
			"rotation": {"angle": 22.5, "axis": "x", "origin": [8, 0, 8]},
			"faces": {
				"north": {"uv": [0, 2, 2, 4], "rotation": 270, "texture": "#1"},
				"east": {"uv": [0, 2, 2, 4], "rotation": 270, "texture": "#1"},
				"south": {"uv": [0, 2, 2, 4], "rotation": 270, "texture": "#1"},
				"west": {"uv": [0, 2, 2, 4], "rotation": 270, "texture": "#1"},
				"up": {"uv": [0, 2, 2, 4], "rotation": 270, "texture": "#1"},
				"down": {"uv": [0, 2, 2, 4], "rotation": 270, "texture": "#1"}
			}
		},
		{
			"name": "hexadecagon",
			"from": [4.75, -0.89511, 3.5],
			"to": [11.25, 0.89511, 12.5],
			"rotation": {"angle": -45, "axis": "x", "origin": [11, 0, 8]},
			"faces": {
				"north": {"uv": [0, 0, 2, 2], "texture": "#1"},
				"east": {"uv": [0, 0, 2, 2], "texture": "#1"},
				"south": {"uv": [0, 0, 2, 2], "texture": "#1"},
				"west": {"uv": [0, 0, 2, 2], "texture": "#1"},
				"up": {"uv": [0, 0, 2, 2], "texture": "#1"},
				"down": {"uv": [0, 0, 2, 2], "texture": "#1"}
			}
		},
		{
			"name": "hexadecagon",
			"from": [4.75, -0.89511, 3.5],
			"to": [11.25, 0.89511, 12.5],
			"rotation": {"angle": -22.5, "axis": "x", "origin": [11, 0, 8]},
			"faces": {
				"north": {"uv": [0, 0, 2, 2], "texture": "#1"},
				"east": {"uv": [0, 0, 2, 2], "texture": "#1"},
				"south": {"uv": [0, 0, 2, 2], "texture": "#1"},
				"west": {"uv": [0, 0, 2, 2], "texture": "#1"},
				"up": {"uv": [0, 0, 2, 2], "texture": "#1"},
				"down": {"uv": [0, 0, 2, 2], "texture": "#1"}
			}
		},
		{
			"name": "hexadecagon",
			"from": [4.75, -0.89511, 3.5],
			"to": [11.25, 0.89511, 12.5],
			"faces": {
				"north": {"uv": [0, 0, 2, 2], "texture": "#1"},
				"east": {"uv": [0, 0, 2, 2], "texture": "#1"},
				"south": {"uv": [0, 0, 2, 2], "texture": "#1"},
				"west": {"uv": [0, 0, 2, 2], "texture": "#1"},
				"up": {"uv": [0, 0, 2, 2], "texture": "#1"},
				"down": {"uv": [0, 0, 2, 2], "texture": "#1"}
			}
		},
		{
			"name": "hexadecagon",
			"from": [4.75, -0.89511, 3.5],
			"to": [11.25, 0.89511, 12.5],
			"rotation": {"angle": 22.5, "axis": "x", "origin": [11, 0, 8]},
			"faces": {
				"north": {"uv": [0, 0, 2, 2], "texture": "#1"},
				"east": {"uv": [0, 0, 2, 2], "texture": "#1"},
				"south": {"uv": [0, 0, 2, 2], "texture": "#1"},
				"west": {"uv": [0, 0, 2, 2], "texture": "#1"},
				"up": {"uv": [0, 0, 2, 2], "texture": "#1"},
				"down": {"uv": [0, 0, 2, 2], "texture": "#1"}
			}
		},
		{
			"name": "hexadecagon",
			"from": [4.75, -0.89511, 3.5],
			"to": [11.25, 0.89511, 12.5],
			"rotation": {"angle": 45, "axis": "x", "origin": [11, 0, 8]},
			"faces": {
				"north": {"uv": [0, 0, 2, 2], "texture": "#1"},
				"east": {"uv": [0, 0, 2, 2], "texture": "#1"},
				"south": {"uv": [0, 0, 2, 2], "texture": "#1"},
				"west": {"uv": [0, 0, 2, 2], "texture": "#1"},
				"up": {"uv": [0, 0, 2, 2], "texture": "#1"},
				"down": {"uv": [0, 0, 2, 2], "texture": "#1"}
			}
		},
		{
			"name": "hexadecagon",
			"from": [4.75, -4.5, 7.10489],
			"to": [11.25, 4.5, 8.89511],
			"rotation": {"angle": -22.5, "axis": "x", "origin": [11, 0, 8]},
			"faces": {
				"north": {"uv": [0, 0, 2, 2], "texture": "#1"},
				"east": {"uv": [0, 0, 2, 2], "texture": "#1"},
				"south": {"uv": [0, 0, 2, 2], "texture": "#1"},
				"west": {"uv": [0, 0, 2, 2], "texture": "#1"},
				"up": {"uv": [0, 0, 2, 2], "texture": "#1"},
				"down": {"uv": [0, 0, 2, 2], "texture": "#1"}
			}
		},
		{
			"name": "hexadecagon",
			"from": [4.75, -4.5, 7.10489],
			"to": [11.25, 4.5, 8.89511],
			"faces": {
				"north": {"uv": [0, 0, 2, 2], "texture": "#1"},
				"east": {"uv": [0, 0, 2, 2], "texture": "#1"},
				"south": {"uv": [0, 0, 2, 2], "texture": "#1"},
				"west": {"uv": [0, 0, 2, 2], "texture": "#1"},
				"up": {"uv": [0, 0, 2, 2], "texture": "#1"},
				"down": {"uv": [0, 0, 2, 2], "texture": "#1"}
			}
		},
		{
			"name": "hexadecagon",
			"from": [4.75, -4.5, 7.10489],
			"to": [11.25, 4.5, 8.89511],
			"rotation": {"angle": 22.5, "axis": "x", "origin": [11, 0, 8]},
			"faces": {
				"north": {"uv": [0, 0, 2, 2], "texture": "#1"},
				"east": {"uv": [0, 0, 2, 2], "texture": "#1"},
				"south": {"uv": [0, 0, 2, 2], "texture": "#1"},
				"west": {"uv": [0, 0, 2, 2], "texture": "#1"},
				"up": {"uv": [0, 0, 2, 2], "texture": "#1"},
				"down": {"uv": [0, 0, 2, 2], "texture": "#1"}
			}
		},
		{
			"name": "hexadecagon",
			"from": [4.55, -1.09402, 2.5],
			"to": [11.45, 1.09402, 3.5],
			"rotation": {"angle": -45, "axis": "x", "origin": [11, 0, 8]},
			"faces": {
				"north": {"uv": [4, 0, 5.999, 2], "texture": "#1"},
				"east": {"uv": [4, 0, 5.999, 2], "texture": "#1"},
				"south": {"uv": [4, 0, 5.999, 2], "texture": "#1"},
				"west": {"uv": [4, 0, 5.999, 2], "texture": "#1"},
				"up": {"uv": [4, 0, 5.999, 2], "texture": "#1"},
				"down": {"uv": [4, 0, 5.999, 2], "texture": "#1"}
			}
		},
		{
			"name": "hexadecagon",
			"from": [4.55, -1.09402, 2.5],
			"to": [11.45, 1.09402, 3.5],
			"rotation": {"angle": -22.5, "axis": "x", "origin": [11, 0, 8]},
			"faces": {
				"north": {"uv": [4, 0, 5.999, 2], "texture": "#1"},
				"east": {"uv": [4, 0, 5.999, 2], "texture": "#1"},
				"south": {"uv": [4, 0, 5.999, 2], "texture": "#1"},
				"west": {"uv": [4, 0, 5.999, 2], "texture": "#1"},
				"up": {"uv": [4, 0, 5.999, 2], "texture": "#1"},
				"down": {"uv": [4, 0, 5.999, 2], "texture": "#1"}
			}
		},
		{
			"name": "hexadecagon",
			"from": [4.55, -1.09402, 2.5],
			"to": [11.45, 1.09402, 3.5],
			"faces": {
				"north": {"uv": [4, 0, 5.999, 2], "texture": "#1"},
				"east": {"uv": [4, 0, 5.999, 2], "texture": "#1"},
				"south": {"uv": [4, 0, 5.999, 2], "texture": "#1"},
				"west": {"uv": [4, 0, 5.999, 2], "texture": "#1"},
				"up": {"uv": [4, 0, 5.999, 2], "texture": "#1"},
				"down": {"uv": [4, 0, 5.999, 2], "texture": "#1"}
			}
		},
		{
			"name": "hexadecagon",
			"from": [4.55, -1.09402, 2.5],
			"to": [11.45, 1.09402, 3.5],
			"rotation": {"angle": 22.5, "axis": "x", "origin": [11, 0, 8]},
			"faces": {
				"north": {"uv": [4, 0, 5.999, 2], "texture": "#1"},
				"east": {"uv": [4, 0, 5.999, 2], "texture": "#1"},
				"south": {"uv": [4, 0, 5.999, 2], "texture": "#1"},
				"west": {"uv": [4, 0, 5.999, 2], "texture": "#1"},
				"up": {"uv": [4, 0, 5.999, 2], "texture": "#1"},
				"down": {"uv": [4, 0, 5.999, 2], "texture": "#1"}
			}
		},
		{
			"name": "hexadecagon",
			"from": [4.55, -1.09402, 2.5],
			"to": [11.45, 1.09402, 3.5],
			"rotation": {"angle": 45, "axis": "x", "origin": [11, 0, 8]},
			"faces": {
				"north": {"uv": [4, 0, 5.999, 2], "texture": "#1"},
				"east": {"uv": [4, 0, 5.999, 2], "texture": "#1"},
				"south": {"uv": [4, 0, 5.999, 2], "texture": "#1"},
				"west": {"uv": [4, 0, 5.999, 2], "texture": "#1"},
				"up": {"uv": [4, 0, 5.999, 2], "texture": "#1"},
				"down": {"uv": [4, 0, 5.999, 2], "texture": "#1"}
			}
		},
		{
			"name": "hexadecagon",
			"from": [4.55, -1.09402, 12.5],
			"to": [11.45, 1.09402, 13.5],
			"rotation": {"angle": -45, "axis": "x", "origin": [11, 0, 8]},
			"faces": {
				"north": {"uv": [4, 0, 5.999, 2], "texture": "#1"},
				"east": {"uv": [4, 0, 5.999, 2], "texture": "#1"},
				"south": {"uv": [4, 0, 5.999, 2], "texture": "#1"},
				"west": {"uv": [4, 0, 5.999, 2], "texture": "#1"},
				"up": {"uv": [4, 0, 5.999, 2], "texture": "#1"},
				"down": {"uv": [4, 0, 5.999, 2], "texture": "#1"}
			}
		},
		{
			"name": "hexadecagon",
			"from": [4.55, -1.09402, 12.5],
			"to": [11.45, 1.09402, 13.5],
			"rotation": {"angle": -22.5, "axis": "x", "origin": [11, 0, 8]},
			"faces": {
				"north": {"uv": [4, 0, 5.999, 2], "texture": "#1"},
				"east": {"uv": [4, 0, 5.999, 2], "texture": "#1"},
				"south": {"uv": [4, 0, 5.999, 2], "texture": "#1"},
				"west": {"uv": [4, 0, 5.999, 2], "texture": "#1"},
				"up": {"uv": [4, 0, 5.999, 2], "texture": "#1"},
				"down": {"uv": [4, 0, 5.999, 2], "texture": "#1"}
			}
		},
		{
			"name": "hexadecagon",
			"from": [4.55, -1.09402, 12.5],
			"to": [11.45, 1.09402, 13.5],
			"faces": {
				"north": {"uv": [4, 0, 5.999, 2], "texture": "#1"},
				"east": {"uv": [4, 0, 5.999, 2], "texture": "#1"},
				"south": {"uv": [4, 0, 5.999, 2], "texture": "#1"},
				"west": {"uv": [4, 0, 5.999, 2], "texture": "#1"},
				"up": {"uv": [4, 0, 5.999, 2], "texture": "#1"},
				"down": {"uv": [4, 0, 5.999, 2], "texture": "#1"}
			}
		},
		{
			"name": "hexadecagon",
			"from": [4.55, -1.09402, 12.5],
			"to": [11.45, 1.09402, 13.5],
			"rotation": {"angle": 22.5, "axis": "x", "origin": [11, 0, 8]},
			"faces": {
				"north": {"uv": [4, 0, 5.999, 2], "texture": "#1"},
				"east": {"uv": [4, 0, 5.999, 2], "texture": "#1"},
				"south": {"uv": [4, 0, 5.999, 2], "texture": "#1"},
				"west": {"uv": [4, 0, 5.999, 2], "texture": "#1"},
				"up": {"uv": [4, 0, 5.999, 2], "texture": "#1"},
				"down": {"uv": [4, 0, 5.999, 2], "texture": "#1"}
			}
		},
		{
			"name": "hexadecagon",
			"from": [4.55, -1.09402, 12.5],
			"to": [11.45, 1.09402, 13.5],
			"rotation": {"angle": 45, "axis": "x", "origin": [11, 0, 8]},
			"faces": {
				"north": {"uv": [4, 0, 5.999, 2], "texture": "#1"},
				"east": {"uv": [4, 0, 5.999, 2], "texture": "#1"},
				"south": {"uv": [4, 0, 5.999, 2], "texture": "#1"},
				"west": {"uv": [4, 0, 5.999, 2], "texture": "#1"},
				"up": {"uv": [4, 0, 5.999, 2], "texture": "#1"},
				"down": {"uv": [4, 0, 5.999, 2], "texture": "#1"}
			}
		},
		{
			"name": "hexadecagon",
			"from": [4.55, -5.5, 6.90598],
			"to": [11.45, -4.5, 9.09402],
			"rotation": {"angle": -22.5, "axis": "x", "origin": [11, 0, 8]},
			"faces": {
				"north": {"uv": [4, 0, 5.999, 2], "texture": "#1"},
				"east": {"uv": [4, 0, 5.999, 2], "texture": "#1"},
				"south": {"uv": [4, 0, 5.999, 2], "texture": "#1"},
				"west": {"uv": [4, 0, 5.999, 2], "texture": "#1"},
				"up": {"uv": [4, 0, 5.999, 2], "texture": "#1"},
				"down": {"uv": [4, 0, 5.999, 2], "texture": "#1"}
			}
		},
		{
			"name": "hexadecagon",
			"from": [4.55, -5.5, 6.90598],
			"to": [11.45, -4.5, 9.09402],
			"faces": {
				"north": {"uv": [4, 0, 5.999, 2], "texture": "#1"},
				"east": {"uv": [4, 0, 5.999, 2], "texture": "#1"},
				"south": {"uv": [4, 0, 5.999, 2], "texture": "#1"},
				"west": {"uv": [4, 0, 5.999, 2], "texture": "#1"},
				"up": {"uv": [4, 0, 5.999, 2], "texture": "#1"},
				"down": {"uv": [4, 0, 5.999, 2], "texture": "#1"}
			}
		},
		{
			"name": "hexadecagon",
			"from": [4.55, -5.5, 6.90598],
			"to": [11.45, -4.5, 9.09402],
			"rotation": {"angle": 22.5, "axis": "x", "origin": [11, 0, 8]},
			"faces": {
				"north": {"uv": [4, 0, 5.999, 2], "texture": "#1"},
				"east": {"uv": [4, 0, 5.999, 2], "texture": "#1"},
				"south": {"uv": [4, 0, 5.999, 2], "texture": "#1"},
				"west": {"uv": [4, 0, 5.999, 2], "texture": "#1"},
				"up": {"uv": [4, 0, 5.999, 2], "texture": "#1"},
				"down": {"uv": [4, 0, 5.999, 2], "texture": "#1"}
			}
		},
		{
			"name": "hexadecagon",
			"from": [4.55, 4.5, 6.90598],
			"to": [11.45, 5.5, 9.09402],
			"rotation": {"angle": -22.5, "axis": "x", "origin": [11, 0, 8]},
			"faces": {
				"north": {"uv": [4, 0, 5.999, 2], "texture": "#1"},
				"east": {"uv": [4, 0, 5.999, 2], "texture": "#1"},
				"south": {"uv": [4, 0, 5.999, 2], "texture": "#1"},
				"west": {"uv": [4, 0, 5.999, 2], "texture": "#1"},
				"up": {"uv": [4, 0, 5.999, 2], "texture": "#1"},
				"down": {"uv": [4, 0, 5.999, 2], "texture": "#1"}
			}
		},
		{
			"name": "hexadecagon",
			"from": [4.55, 4.5, 6.90598],
			"to": [11.45, 5.5, 9.09402],
			"faces": {
				"north": {"uv": [4, 0, 5.999, 2], "texture": "#1"},
				"east": {"uv": [4, 0, 5.999, 2], "texture": "#1"},
				"south": {"uv": [4, 0, 5.999, 2], "texture": "#1"},
				"west": {"uv": [4, 0, 5.999, 2], "texture": "#1"},
				"up": {"uv": [4, 0, 5.999, 2], "texture": "#1"},
				"down": {"uv": [4, 0, 5.999, 2], "texture": "#1"}
			}
		},
		{
			"name": "hexadecagon",
			"from": [4.55, 4.5, 6.90598],
			"to": [11.45, 5.5, 9.09402],
			"rotation": {"angle": 22.5, "axis": "x", "origin": [11, 0, 8]},
			"faces": {
				"north": {"uv": [4, 0, 5.999, 2], "texture": "#1"},
				"east": {"uv": [4, 0, 5.999, 2], "texture": "#1"},
				"south": {"uv": [4, 0, 5.999, 2], "texture": "#1"},
				"west": {"uv": [4, 0, 5.999, 2], "texture": "#1"},
				"up": {"uv": [4, 0, 5.999, 2], "texture": "#1"},
				"down": {"uv": [4, 0, 5.999, 2], "texture": "#1"}
			}
		},
		{
			"name": "hexadecagon",
			"from": [4.5, -0.54565, 4],
			"to": [11.5, 0.54565, 5],
			"rotation": {"angle": -45, "axis": "x", "origin": [11, 0, 8]},
			"faces": {
				"north": {"uv": [4, 0, 5.999, 2], "texture": "#1"},
				"east": {"uv": [4, 0, 5.999, 2], "texture": "#1"},
				"south": {"uv": [4, 0, 5.999, 2], "texture": "#1"},
				"west": {"uv": [4, 0, 5.999, 2], "texture": "#1"},
				"up": {"uv": [4, 0, 5.999, 2], "texture": "#1"},
				"down": {"uv": [4, 0, 5.999, 2], "texture": "#1"}
			}
		},
		{
			"name": "hexadecagon",
			"from": [4.5, -0.54565, 4],
			"to": [11.5, 0.54565, 5],
			"faces": {
				"north": {"uv": [4, 0, 5.999, 2], "texture": "#1"},
				"east": {"uv": [4, 0, 5.999, 2], "texture": "#1"},
				"south": {"uv": [4, 0, 5.999, 2], "texture": "#1"},
				"west": {"uv": [4, 0, 5.999, 2], "texture": "#1"},
				"up": {"uv": [4, 0, 5.999, 2], "texture": "#1"},
				"down": {"uv": [4, 0, 5.999, 2], "texture": "#1"}
			}
		},
		{
			"name": "hexadecagon",
			"from": [4.5, -0.54565, 4],
			"to": [11.5, 0.54565, 5],
			"rotation": {"angle": 45, "axis": "x", "origin": [11, 0, 8]},
			"faces": {
				"north": {"uv": [4, 0, 5.999, 2], "texture": "#1"},
				"east": {"uv": [4, 0, 5.999, 2], "texture": "#1"},
				"south": {"uv": [4, 0, 5.999, 2], "texture": "#1"},
				"west": {"uv": [4, 0, 5.999, 2], "texture": "#1"},
				"up": {"uv": [4, 0, 5.999, 2], "texture": "#1"},
				"down": {"uv": [4, 0, 5.999, 2], "texture": "#1"}
			}
		},
		{
			"name": "hexadecagon",
			"from": [4.5, -0.54565, 11],
			"to": [11.5, 0.54565, 12],
			"rotation": {"angle": -45, "axis": "x", "origin": [11, 0, 8]},
			"faces": {
				"north": {"uv": [4, 0, 5.999, 2], "texture": "#1"},
				"east": {"uv": [4, 0, 5.999, 2], "texture": "#1"},
				"south": {"uv": [4, 0, 5.999, 2], "texture": "#1"},
				"west": {"uv": [4, 0, 5.999, 2], "texture": "#1"},
				"up": {"uv": [4, 0, 5.999, 2], "texture": "#1"},
				"down": {"uv": [4, 0, 5.999, 2], "texture": "#1"}
			}
		},
		{
			"name": "hexadecagon",
			"from": [4.5, -0.54565, 11],
			"to": [11.5, 0.54565, 12],
			"faces": {
				"north": {"uv": [4, 0, 5.999, 2], "texture": "#1"},
				"east": {"uv": [4, 0, 5.999, 2], "texture": "#1"},
				"south": {"uv": [4, 0, 5.999, 2], "texture": "#1"},
				"west": {"uv": [4, 0, 5.999, 2], "texture": "#1"},
				"up": {"uv": [4, 0, 5.999, 2], "texture": "#1"},
				"down": {"uv": [4, 0, 5.999, 2], "texture": "#1"}
			}
		},
		{
			"name": "hexadecagon",
			"from": [4.5, -0.54565, 11],
			"to": [11.5, 0.54565, 12],
			"rotation": {"angle": 45, "axis": "x", "origin": [11, 0, 8]},
			"faces": {
				"north": {"uv": [4, 0, 5.999, 2], "texture": "#1"},
				"east": {"uv": [4, 0, 5.999, 2], "texture": "#1"},
				"south": {"uv": [4, 0, 5.999, 2], "texture": "#1"},
				"west": {"uv": [4, 0, 5.999, 2], "texture": "#1"},
				"up": {"uv": [4, 0, 5.999, 2], "texture": "#1"},
				"down": {"uv": [4, 0, 5.999, 2], "texture": "#1"}
			}
		},
		{
			"name": "hexadecagon",
			"from": [4.5, -4, 7.45435],
			"to": [11.5, -3, 8.54565],
			"faces": {
				"north": {"uv": [4, 0, 5.999, 2], "texture": "#1"},
				"east": {"uv": [4, 0, 5.999, 2], "texture": "#1"},
				"south": {"uv": [4, 0, 5.999, 2], "texture": "#1"},
				"west": {"uv": [4, 0, 5.999, 2], "texture": "#1"},
				"up": {"uv": [4, 0, 5.999, 2], "texture": "#1"},
				"down": {"uv": [4, 0, 5.999, 2], "texture": "#1"}
			}
		},
		{
			"name": "hexadecagon",
			"from": [4.5, 3, 7.45435],
			"to": [11.5, 4, 8.54565],
			"faces": {
				"north": {"uv": [4, 0, 5.999, 2], "texture": "#1"},
				"east": {"uv": [4, 0, 5.999, 2], "texture": "#1"},
				"south": {"uv": [4, 0, 5.999, 2], "texture": "#1"},
				"west": {"uv": [4, 0, 5.999, 2], "texture": "#1"},
				"up": {"uv": [4, 0, 5.999, 2], "texture": "#1"},
				"down": {"uv": [4, 0, 5.999, 2], "texture": "#1"}
			}
		}
	],
	"display": {
		"head": {
			"translation": [0, 16, 0],
			"scale": [2.8, 2.8, 2.8]
		}
	},
	"groups": [0, 1, 2, 3, 4, 5, 6, 7,
		{
			"name": "hexadecagon",
			"origin": [8, 8, 8],
			"children": [8, 9, 10, 11, 12, 13, 14, 15]
		},
		{
			"name": "hexadecagon",
			"origin": [8, 8, 8],
			"children": [16, 17, 18, 19, 20, 21, 22, 23, 24, 25, 26, 27, 28, 29, 30, 31]
		},
		{
			"name": "hexadecagon",
			"origin": [8, 8, 8],
			"children": [32, 33, 34, 35, 36, 37, 38, 39]
		}
	]
}