{
	"providers": [
	    {
            "type": "ttf",
            "file": "w3e:negative_spaces.ttf",
            "shift": [0.0, 0.0],
            "size": 10.0,
            "oversample": 1.0
        },
		{
			"type": "bitmap",
			"file": "w3e:font/spirits/health.png",
			"ascent": 6,
			"height": 6,
			"chars": ["\ua001"]
		},
		{
			"type": "bitmap",
			"file": "w3e:font/spirits/mana.png",
			"ascent": 6,
			"height": 6,
			"chars": ["\ua002"]
		},
		{
			"type": "bitmap",
			"file": "w3e:font/spirits/stamina.png",
			"ascent": 6,
			"height": 6,
			"chars": ["\ua003"]
		}		
	]
}