{
	"providers": [
	    {
            "type": "ttf",
            "file": "w3e:negative_spaces.ttf",
            "shift": [0.0, 0.0],
            "size": 10.0,
            "oversample": 1.0
        },
		{
			"type": "bitmap",
			"file": "w3e:font/vehicles/speed.png",
			"ascent": 9,
			"height": 11,
			"chars": ["\ua001"]
		},
		{
			"type": "bitmap",
			"file": "w3e:font/vehicles/fuel.png",
			"ascent": 9,
			"height": 11,
			"chars": ["\ua002"]
		},
		{
			"type": "bitmap",
			"file": "w3e:font/vehicles/health.png",
			"ascent": 9,
			"height": 11,
			"chars": ["\ua003"]
		},		
		{
            "type": "bitmap",
            "file": "w3e:font/vehicles/parts.png",
            "ascent": 64,
            "height": 128,
            "chars": [
                "\ua100"
            ]
        },
		{
            "type": "bitmap",
            "file": "w3e:font/vehicles/parts_s.png",
            "ascent": 64,
            "height": 128,
            "chars": [
                "\ua101"
            ]
        },
	    {
            "type": "bitmap",
            "file": "w3e:font/vehicles/vehicles.png",
            "ascent": 64,
            "height": 128,
            "chars": [
                "\ua102"
            ]
        },
	    {
            "type": "bitmap",
            "file": "w3e:font/vehicles/vehicles_s.png",
            "ascent": 64,
            "height": 128,
            "chars": [
                "\ua103"
            ]
        },
	    {
            "type": "bitmap",
            "file": "w3e:font/vehicles/exit.png",
            "ascent": 64,
            "height": 128,
            "chars": [
                "\ua104"
            ]
        },
	    {
            "type": "bitmap",
            "file": "w3e:font/vehicles/exit_s.png",
            "ascent": 64,
            "height": 128,
            "chars": [
                "\ua105"
            ]
        },
	    {
            "type": "bitmap",
            "file": "w3e:font/vehicles/item/fuelcell.png",
            "ascent": 64,
            "height": 128,
            "chars": [
                "\ua110"
            ]
        },
	    {
            "type": "bitmap",
            "file": "w3e:font/vehicles/item/fuelcell_s.png",
            "ascent": 64,
            "height": 128,
            "chars": [
                "\ua111"
            ]
        },
	    {
            "type": "bitmap",
            "file": "w3e:font/vehicles/item/engine_block.png",
            "ascent": 64,
            "height": 128,
            "chars": [
                "\ua112"
            ]
        },
	    {
            "type": "bitmap",
            "file": "w3e:font/vehicles/item/engine_block_s.png",
            "ascent": 64,
            "height": 128,
            "chars": [
                "\ua113"
            ]
        },
	    {
            "type": "bitmap",
            "file": "w3e:font/vehicles/item/ignition_chamber.png",
            "ascent": 64,
            "height": 128,
            "chars": [
                "\ua114"
            ]
        },
	    {
            "type": "bitmap",
            "file": "w3e:font/vehicles/item/ignition_chamber_s.png",
            "ascent": 64,
            "height": 128,
            "chars": [
                "\ua115"
            ]
        },
	    {
            "type": "bitmap",
            "file": "w3e:font/vehicles/vehicles/hover.png",
            "ascent": 64,
            "height": 128,
            "chars": [
                "\ua150"
            ]
        },
	    {
            "type": "bitmap",
            "file": "w3e:font/vehicles/vehicles/hover_s.png",
            "ascent": 64,
            "height": 128,
            "chars": [
                "\ua151"
            ]
        },
	    {
            "type": "bitmap",
            "file": "w3e:font/vehicles/vehicles/heli.png",
            "ascent": 64,
            "height": 128,
            "chars": [
                "\ua152"
            ]
        },
	    {
            "type": "bitmap",
            "file": "w3e:font/vehicles/vehicles/heli_s.png",
            "ascent": 64,
            "height": 128,
            "chars": [
                "\ua153"
            ]
        }	
	]
}