{
	"credit": "Made with Blockbench",
	"texture_size": [32, 32],
	"textures": {
		"0": "w3e:spirits/lifespirit/lifespirit",
		"1": "w3e:spirits/lifespirit/lifespirit_glow",
		"particle": "w3e:spirits/lifespirit/lifespirit"
	},
	"elements": [
		{
			"from": [11, 10, 2.25],
			"to": [16, 14, 3.25],
			"rotation": {"angle": -22.5, "axis": "y", "origin": [12.07143, 8, 6.67857]},
			"faces": {
				"north": {"uv": [1.5, 1, 4, 3], "texture": "#0"},
				"east": {"uv": [0, 0, 0.5, 2], "texture": "#0"},
				"south": {"uv": [5, 0, 7.5, 2], "texture": "#0"},
				"west": {"uv": [0, 0, 0.5, 2], "texture": "#0"},
				"up": {"uv": [0, 0, 2.5, 0.5], "texture": "#0"},
				"down": {"uv": [0, 0, 2.5, 0.5], "texture": "#0"}
			}
		},
		{
			"from": [16, 2, 2.25],
			"to": [17, 14, 14.25],
			"rotation": {"angle": -22.5, "axis": "y", "origin": [12.07143, 8, 6.67857]},
			"faces": {
				"north": {"uv": [1.5, 0, 1, 6], "texture": "#0"},
				"east": {"uv": [7, 1, 1, 7], "texture": "#0"},
				"south": {"uv": [7, 0, 6.5, 6], "texture": "#0"},
				"west": {"uv": [7, 1, 1, 7], "texture": "#0"},
				"up": {"uv": [1.5, 0, 1, 6], "texture": "#0"},
				"down": {"uv": [1, 0, 0.5, 6], "texture": "#0"}
			}
		},
		{
			"from": [13, 6, 2.25],
			"to": [16, 10, 3.25],
			"rotation": {"angle": -22.5, "axis": "y", "origin": [12.07143, 8, 6.67857]},
			"faces": {
				"north": {"uv": [1.5, 3, 3, 5], "texture": "#0"},
				"east": {"uv": [0, 0, 0.5, 2], "texture": "#0"},
				"south": {"uv": [6, 2, 7.5, 4], "texture": "#0"},
				"west": {"uv": [0, 0, 0.5, 2], "texture": "#0"},
				"up": {"uv": [0, 0, 1.5, 0.5], "texture": "#0"},
				"down": {"uv": [0, 0, 1.5, 0.5], "texture": "#0"}
			}
		},
		{
			"from": [11, 13, 3.25],
			"to": [16, 14, 13.25],
			"rotation": {"angle": -22.5, "axis": "y", "origin": [12.07143, 8, 6.67857]},
			"faces": {
				"north": {"uv": [0, 0, 2.5, 0.5], "rotation": 180, "texture": "#0"},
				"east": {"uv": [6.5, 1.5, 7, 6.5], "rotation": 90, "texture": "#0"},
				"south": {"uv": [4, 7.5, 6.5, 8], "texture": "#0"},
				"west": {"uv": [0, 0, 0.5, 6], "rotation": 270, "texture": "#0"},
				"up": {"uv": [4, 1.5, 6.5, 6.5], "texture": "#0"},
				"down": {"uv": [1.5, 1.5, 4, 6.5], "rotation": 180, "texture": "#0"}
			}
		},
		{
			"from": [11, 2, 3.25],
			"to": [16, 3, 13.25],
			"rotation": {"angle": -22.5, "axis": "y", "origin": [12.07143, 8, 6.67857]},
			"faces": {
				"north": {"uv": [0, 0, 2.5, 0.5], "texture": "#0"},
				"east": {"uv": [1, 1.5, 1.5, 6.5], "rotation": 90, "texture": "#0"},
				"south": {"uv": [1.5, 7.5, 4, 8], "rotation": 180, "texture": "#0"},
				"west": {"uv": [0, 0, 0.5, 6], "rotation": 270, "texture": "#0"},
				"up": {"uv": [4, 1.5, 6.5, 6.5], "texture": "#0"},
				"down": {"uv": [1.5, 1.5, 4, 6.5], "rotation": 180, "texture": "#0"}
			}
		},
		{
			"from": [11, 2, 13.25],
			"to": [16, 14, 14.25],
			"rotation": {"angle": -22.5, "axis": "y", "origin": [12.07143, 8, 6.67857]},
			"faces": {
				"north": {"uv": [1.5, 0, 4, 6], "texture": "#0"},
				"east": {"uv": [0, 0, 0.5, 6], "texture": "#0"},
				"south": {"uv": [4, 1, 6.5, 7], "texture": "#0"},
				"west": {"uv": [0, 0, 0.5, 6], "texture": "#0"},
				"up": {"uv": [0, 0, 2.5, 0.5], "texture": "#0"},
				"down": {"uv": [4, 7.5, 6.5, 8], "texture": "#0"}
			}
		},
		{
			"from": [11, 2, 2.25],
			"to": [16, 6, 3.25],
			"rotation": {"angle": -22.5, "axis": "y", "origin": [12.07143, 8, 6.67857]},
			"faces": {
				"north": {"uv": [1.5, 5, 4, 7], "texture": "#0"},
				"east": {"uv": [0, 0, 0.5, 2], "texture": "#0"},
				"south": {"uv": [5, 4, 7.5, 6], "texture": "#0"},
				"west": {"uv": [0, 0, 0.5, 2], "texture": "#0"},
				"up": {"uv": [0, 0, 2.5, 0.5], "texture": "#0"},
				"down": {"uv": [0, 0, 2.5, 0.5], "texture": "#0"}
			}
		},
		{
			"from": [0, 2, 2.25],
			"to": [5, 6, 3.25],
			"rotation": {"angle": 22.5, "axis": "y", "origin": [3.92857, 8, 6.67857]},
			"faces": {
				"north": {"uv": [4, 5, 6.5, 7], "texture": "#0"},
				"east": {"uv": [0, 0, 0.5, 2], "texture": "#0"},
				"south": {"uv": [0.5, 4, 3, 6], "texture": "#0"},
				"west": {"uv": [0, 0, 0.5, 2], "texture": "#0"},
				"up": {"uv": [0, 0, 2.5, 0.5], "texture": "#0"},
				"down": {"uv": [0, 0, 2.5, 0.5], "texture": "#0"}
			}
		},
		{
			"from": [0, 6, 2.25],
			"to": [3, 10, 3.25],
			"rotation": {"angle": 22.5, "axis": "y", "origin": [3.92857, 8, 6.67857]},
			"faces": {
				"north": {"uv": [5, 3, 6.5, 5], "texture": "#0"},
				"east": {"uv": [0, 0, 0.5, 2], "texture": "#0"},
				"south": {"uv": [0.5, 2, 2, 4], "texture": "#0"},
				"west": {"uv": [0, 0, 0.5, 2], "texture": "#0"},
				"up": {"uv": [0, 0, 1.5, 0.5], "texture": "#0"},
				"down": {"uv": [0, 0, 1.5, 0.5], "texture": "#0"}
			}
		},
		{
			"from": [0, 10, 2.25],
			"to": [5, 14, 3.25],
			"rotation": {"angle": 22.5, "axis": "y", "origin": [3.92857, 8, 6.67857]},
			"faces": {
				"north": {"uv": [4, 0, 6.5, 2], "texture": "#0"},
				"east": {"uv": [0, 0, 0.5, 2], "texture": "#0"},
				"south": {"uv": [0.5, 0, 3, 2], "texture": "#0"},
				"west": {"uv": [0, 0, 0.5, 2], "texture": "#0"},
				"up": {"uv": [0, 0, 2.5, 0.5], "texture": "#0"},
				"down": {"uv": [0, 0, 2.5, 0.5], "texture": "#0"}
			}
		},
		{
			"from": [0, 13, 3.25],
			"to": [5, 14, 13.25],
			"rotation": {"angle": 22.5, "axis": "y", "origin": [3.92857, 8, 6.67857]},
			"faces": {
				"north": {"uv": [0, 0, 2.5, 0.5], "rotation": 180, "texture": "#0"},
				"east": {"uv": [0, 0, 0.5, 6], "rotation": 90, "texture": "#0"},
				"south": {"uv": [1.5, 7.5, 4, 8], "texture": "#0"},
				"west": {"uv": [1, 1.5, 1.5, 6.5], "rotation": 270, "texture": "#0"},
				"up": {"uv": [1.5, 1.5, 4, 6.5], "texture": "#0"},
				"down": {"uv": [4, 1.5, 6.5, 6.5], "rotation": 180, "texture": "#0"}
			}
		},
		{
			"from": [0, 2, 13.25],
			"to": [5, 14, 14.25],
			"rotation": {"angle": 22.5, "axis": "y", "origin": [3.92857, 8, 6.67857]},
			"faces": {
				"north": {"uv": [4, 0, 6.5, 6], "texture": "#0"},
				"east": {"uv": [0, 0, 0.5, 6], "texture": "#0"},
				"south": {"uv": [1.5, 1, 4, 7], "texture": "#0"},
				"west": {"uv": [0, 0, 0.5, 6], "texture": "#0"},
				"up": {"uv": [0, 0, 2.5, 0.5], "texture": "#0"},
				"down": {"uv": [1.5, 7.5, 4, 8], "texture": "#0"}
			}
		},
		{
			"from": [-1, 2, 2.25],
			"to": [0, 14, 14.25],
			"rotation": {"angle": 22.5, "axis": "y", "origin": [3.92857, 8, 6.67857]},
			"faces": {
				"north": {"uv": [6.5, 0, 7, 6], "texture": "#0"},
				"east": {"uv": [1, 1, 7, 7], "texture": "#0"},
				"south": {"uv": [1, 0, 1.5, 6], "texture": "#0"},
				"west": {"uv": [1, 1, 7, 7], "texture": "#0"},
				"up": {"uv": [6.5, 0, 7, 6], "texture": "#0"},
				"down": {"uv": [7, 0, 7.5, 6], "texture": "#0"}
			}
		},
		{
			"from": [0, 2, 3.25],
			"to": [5, 3, 13.25],
			"rotation": {"angle": 22.5, "axis": "y", "origin": [3.92857, 8, 6.67857]},
			"faces": {
				"north": {"uv": [0, 0, 2.5, 0.5], "texture": "#0"},
				"east": {"uv": [0, 0, 0.5, 6], "rotation": 90, "texture": "#0"},
				"south": {"uv": [4, 7.5, 6.5, 8], "rotation": 180, "texture": "#0"},
				"west": {"uv": [6.5, 1.5, 7, 6.5], "rotation": 270, "texture": "#0"},
				"up": {"uv": [1.5, 1.5, 4, 6.5], "texture": "#0"},
				"down": {"uv": [4, 1.5, 6.5, 6.5], "rotation": 180, "texture": "#0"}
			}
		},
		{
			"from": [3, 3, 3],
			"to": [13, 13, 13],
			"faces": {
				"north": {"uv": [3, 3, 13, 13], "texture": "#1"},
				"east": {"uv": [3, 3, 13, 13], "texture": "#1"},
				"south": {"uv": [3, 3, 13, 13], "texture": "#1"},
				"west": {"uv": [3, 3, 13, 13], "texture": "#1"},
				"up": {"uv": [3, 3, 13, 13], "texture": "#1"},
				"down": {"uv": [3, 3, 13, 13], "texture": "#1"}
			}
		}
	],
	"display": {
		"head": {
			"scale": [2.5, 2.5, 2.5]
		}
	},
	"groups": [
		{
			"name": "right",
			"origin": [8, 8, 8],
			"children": [0, 1, 2, 3, 4, 5, 6]
		},
		{
			"name": "left",
			"origin": [8, 8, 8],
			"children": [7, 8, 9, 10, 11, 12, 13]
		},
		{
			"name": "body",
			"origin": [8, 8, 8],
			"children": [14]
		}
	]
}