{
	"credit": "Made with Blockbench",
	"texture_size": [32, 32],
	"textures": {
		"0": "w3e:spirits/lifespirit/lifespirit",
		"1": "w3e:spirits/lifespirit/lifespirit_off",
		"particle": "w3e:spirits/lifespirit/lifespirit"
	},
	"elements": [
		{
			"from": [8, 10, 2],
			"to": [13, 14, 3],
			"rotation": {"angle": 0, "axis": "y", "origin": [8, 16, 8]},
			"faces": {
				"north": {"uv": [1.5, 1, 4, 3], "texture": "#0"},
				"east": {"uv": [0, 0, 0.5, 2], "texture": "#0"},
				"south": {"uv": [5, 0, 7.5, 2], "texture": "#0"},
				"west": {"uv": [0, 0, 0.5, 2], "texture": "#0"},
				"up": {"uv": [0, 0, 2.5, 0.5], "texture": "#0"},
				"down": {"uv": [0, 0, 2.5, 0.5], "texture": "#0"}
			}
		},
		{
			"from": [13, 2, 2],
			"to": [14, 14, 14],
			"faces": {
				"north": {"uv": [1.5, 0, 1, 6], "texture": "#0"},
				"east": {"uv": [7, 1, 1, 7], "texture": "#0"},
				"south": {"uv": [7, 0, 6.5, 6], "texture": "#0"},
				"west": {"uv": [7, 1, 1, 7], "texture": "#0"},
				"up": {"uv": [1.5, 0, 1, 6], "texture": "#0"},
				"down": {"uv": [1, 0, 0.5, 6], "texture": "#0"}
			}
		},
		{
			"from": [10, 6, 2],
			"to": [13, 10, 3],
			"faces": {
				"north": {"uv": [1.5, 3, 3, 5], "texture": "#0"},
				"east": {"uv": [0, 0, 0.5, 2], "texture": "#0"},
				"south": {"uv": [6, 2, 7.5, 4], "texture": "#0"},
				"west": {"uv": [0, 0, 0.5, 2], "texture": "#0"},
				"up": {"uv": [0, 0, 1.5, 0.5], "texture": "#0"},
				"down": {"uv": [0, 0, 1.5, 0.5], "texture": "#0"}
			}
		},
		{
			"from": [8, 13, 3],
			"to": [13, 14, 13],
			"faces": {
				"north": {"uv": [0, 0, 2.5, 0.5], "rotation": 180, "texture": "#0"},
				"east": {"uv": [6.5, 1.5, 7, 6.5], "rotation": 90, "texture": "#0"},
				"south": {"uv": [4, 7.5, 6.5, 8], "texture": "#0"},
				"west": {"uv": [0, 0, 0.5, 6], "rotation": 270, "texture": "#0"},
				"up": {"uv": [4, 1.5, 6.5, 6.5], "texture": "#0"},
				"down": {"uv": [1.5, 1.5, 4, 6.5], "rotation": 180, "texture": "#0"}
			}
		},
		{
			"from": [8, 2, 3],
			"to": [13, 3, 13],
			"faces": {
				"north": {"uv": [0, 0, 2.5, 0.5], "texture": "#0"},
				"east": {"uv": [1, 1.5, 1.5, 6.5], "rotation": 90, "texture": "#0"},
				"south": {"uv": [1.5, 7.5, 4, 8], "rotation": 180, "texture": "#0"},
				"west": {"uv": [0, 0, 0.5, 6], "rotation": 270, "texture": "#0"},
				"up": {"uv": [4, 1.5, 6.5, 6.5], "texture": "#0"},
				"down": {"uv": [1.5, 1.5, 4, 6.5], "rotation": 180, "texture": "#0"}
			}
		},
		{
			"from": [8, 2, 13],
			"to": [13, 14, 14],
			"faces": {
				"north": {"uv": [1.5, 0, 4, 6], "texture": "#0"},
				"east": {"uv": [0, 0, 0.5, 6], "texture": "#0"},
				"south": {"uv": [4, 1, 6.5, 7], "texture": "#0"},
				"west": {"uv": [0, 0, 0.5, 6], "texture": "#0"},
				"up": {"uv": [0, 0, 2.5, 0.5], "texture": "#0"},
				"down": {"uv": [4, 7.5, 6.5, 8], "texture": "#0"}
			}
		},
		{
			"from": [8, 2, 2],
			"to": [13, 6, 3],
			"faces": {
				"north": {"uv": [1.5, 5, 4, 7], "texture": "#0"},
				"east": {"uv": [0, 0, 0.5, 2], "texture": "#0"},
				"south": {"uv": [5, 4, 7.5, 6], "texture": "#0"},
				"west": {"uv": [0, 0, 0.5, 2], "texture": "#0"},
				"up": {"uv": [0, 0, 2.5, 0.5], "texture": "#0"},
				"down": {"uv": [0, 0, 2.5, 0.5], "texture": "#0"}
			}
		},
		{
			"from": [3, 2, 2],
			"to": [8, 6, 3],
			"faces": {
				"north": {"uv": [4, 5, 6.5, 7], "texture": "#0"},
				"east": {"uv": [0, 0, 0.5, 2], "texture": "#0"},
				"south": {"uv": [0.5, 4, 3, 6], "texture": "#0"},
				"west": {"uv": [0, 0, 0.5, 2], "texture": "#0"},
				"up": {"uv": [0, 0, 2.5, 0.5], "texture": "#0"},
				"down": {"uv": [0, 0, 2.5, 0.5], "texture": "#0"}
			}
		},
		{
			"from": [3, 6, 2],
			"to": [6, 10, 3],
			"faces": {
				"north": {"uv": [5, 3, 6.5, 5], "texture": "#0"},
				"east": {"uv": [0, 0, 0.5, 2], "texture": "#0"},
				"south": {"uv": [0.5, 2, 2, 4], "texture": "#0"},
				"west": {"uv": [0, 0, 0.5, 2], "texture": "#0"},
				"up": {"uv": [0, 0, 1.5, 0.5], "texture": "#0"},
				"down": {"uv": [0, 0, 1.5, 0.5], "texture": "#0"}
			}
		},
		{
			"from": [3, 10, 2],
			"to": [8, 14, 3],
			"rotation": {"angle": 0, "axis": "y", "origin": [8, 16, 8]},
			"faces": {
				"north": {"uv": [4, 0, 6.5, 2], "texture": "#0"},
				"east": {"uv": [0, 0, 0.5, 2], "texture": "#0"},
				"south": {"uv": [0.5, 0, 3, 2], "texture": "#0"},
				"west": {"uv": [0, 0, 0.5, 2], "texture": "#0"},
				"up": {"uv": [0, 0, 2.5, 0.5], "texture": "#0"},
				"down": {"uv": [0, 0, 2.5, 0.5], "texture": "#0"}
			}
		},
		{
			"from": [3, 13, 3],
			"to": [8, 14, 13],
			"faces": {
				"north": {"uv": [0, 0, 2.5, 0.5], "rotation": 180, "texture": "#0"},
				"east": {"uv": [0, 0, 0.5, 6], "rotation": 90, "texture": "#0"},
				"south": {"uv": [1.5, 7.5, 4, 8], "texture": "#0"},
				"west": {"uv": [1, 1.5, 1.5, 6.5], "rotation": 270, "texture": "#0"},
				"up": {"uv": [1.5, 1.5, 4, 6.5], "texture": "#0"},
				"down": {"uv": [4, 1.5, 6.5, 6.5], "rotation": 180, "texture": "#0"}
			}
		},
		{
			"from": [3, 2, 13],
			"to": [8, 14, 14],
			"faces": {
				"north": {"uv": [4, 0, 6.5, 6], "texture": "#0"},
				"east": {"uv": [0, 0, 0.5, 6], "texture": "#0"},
				"south": {"uv": [1.5, 1, 4, 7], "texture": "#0"},
				"west": {"uv": [0, 0, 0.5, 6], "texture": "#0"},
				"up": {"uv": [0, 0, 2.5, 0.5], "texture": "#0"},
				"down": {"uv": [1.5, 7.5, 4, 8], "texture": "#0"}
			}
		},
		{
			"from": [2, 2, 2],
			"to": [3, 14, 14],
			"faces": {
				"north": {"uv": [6.5, 0, 7, 6], "texture": "#0"},
				"east": {"uv": [1, 1, 7, 7], "texture": "#0"},
				"south": {"uv": [1, 0, 1.5, 6], "texture": "#0"},
				"west": {"uv": [1, 1, 7, 7], "texture": "#0"},
				"up": {"uv": [6.5, 0, 7, 6], "texture": "#0"},
				"down": {"uv": [7, 0, 7.5, 6], "texture": "#0"}
			}
		},
		{
			"from": [3, 2, 3],
			"to": [8, 3, 13],
			"faces": {
				"north": {"uv": [0, 0, 2.5, 0.5], "texture": "#0"},
				"east": {"uv": [0, 0, 0.5, 6], "rotation": 90, "texture": "#0"},
				"south": {"uv": [4, 7.5, 6.5, 8], "rotation": 180, "texture": "#0"},
				"west": {"uv": [6.5, 1.5, 7, 6.5], "rotation": 270, "texture": "#0"},
				"up": {"uv": [1.5, 1.5, 4, 6.5], "texture": "#0"},
				"down": {"uv": [4, 1.5, 6.5, 6.5], "rotation": 180, "texture": "#0"}
			}
		},
		{
			"from": [3, 3, 3],
			"to": [13, 13, 13],
			"faces": {
				"north": {"uv": [3, 3, 13, 13], "texture": "#1"},
				"east": {"uv": [3, 3, 13, 13], "texture": "#1"},
				"south": {"uv": [3, 3, 13, 13], "texture": "#1"},
				"west": {"uv": [3, 3, 13, 13], "texture": "#1"},
				"up": {"uv": [3, 3, 13, 13], "texture": "#1"},
				"down": {"uv": [3, 3, 13, 13], "texture": "#1"}
			}
		}
	],
	"display": {
		"head": {
			"translation": [0, -24.5, 0],
			"scale": [1.5, 1.5, 1.5]
		}
	},
	"groups": [
		{
			"name": "right",
			"origin": [8, 8, 8],
			"children": [0, 1, 2, 3, 4, 5, 6]
		},
		{
			"name": "left",
			"origin": [8, 8, 8],
			"children": [7, 8, 9, 10, 11, 12, 13]
		},
		{
			"name": "body",
			"origin": [8, 8, 8],
			"children": [14]
		}
	]
}