{
	"vehicles.hover.hover1": {
		"sounds": [
			"w3e:vehicles/hover/hover1"
		]
	},
	"vehicles.hover.hoverstart": {
		"sounds": [
			"w3e:vehicles/hover/hoverstart"
		]
	},
	"vehicles.hover.hoveroff": {
		"sounds": [
			"w3e:vehicles/hover/hoveroff"
		]
	},
	"vehicles.assembly_station.weild1": {
		"sounds": [
			"w3e:vehicles/assembly_station/weild1"
		]
	},
	"vehicles.assembly_station.work1": {
		"sounds": [
			"w3e:vehicles/assembly_station/work1"
		]		
	},
	"vehicles.hover.hoverloop1":
	{"category": "master","sounds": [{"name": "w3e:vehicles/hover/hoverloop/hoverloop1","stream": false}]},
	"vehicles.hover.hoverloop2":
	{"category": "master","sounds": [{"name": "w3e:vehicles/hover/hoverloop/hoverloop2","stream": false}]},
	"vehicles.hover.hoverloop3":
	{"category": "master","sounds": [{"name": "w3e:vehicles/hover/hoverloop/hoverloop3","stream": false}]},
	"vehicles.hover.hoverloop4":
	{"category": "master","sounds": [{"name": "w3e:vehicles/hover/hoverloop/hoverloop4","stream": false}]},
	"vehicles.hover.hoverloop5":
	{"category": "master","sounds": [{"name": "w3e:vehicles/hover/hoverloop/hoverloop5","stream": false}]},
	"vehicles.hover.hoverloop6":
	{"category": "master","sounds": [{"name": "w3e:vehicles/hover/hoverloop/hoverloop6","stream": false}]},
	"vehicles.hover.hoverloop7":
	{"category": "master","sounds": [{"name": "w3e:vehicles/hover/hoverloop/hoverloop7","stream": false}]},
	"vehicles.hover.hoverloop8":
	{"category": "master","sounds": [{"name": "w3e:vehicles/hover/hoverloop/hoverloop8","stream": false}]},
	"vehicles.hover.hoverloop9":
	{"category": "master","sounds": [{"name": "w3e:vehicles/hover/hoverloop/hoverloop9","stream": false}]},
	"vehicles.hover.hoverloop10":
	{"category": "master","sounds": [{"name": "w3e:vehicles/hover/hoverloop/hoverloop10","stream": false}]},
	"vehicles.hover.hoverloop11":
	{"category": "master","sounds": [{"name": "w3e:vehicles/hover/hoverloop/hoverloop11","stream": false}]},
	"vehicles.hover.hoverloop12":
	{"category": "master","sounds": [{"name": "w3e:vehicles/hover/hoverloop/hoverloop12","stream": false}]},
	"vehicles.hover.hoverloop13":
	{"category": "master","sounds": [{"name": "w3e:vehicles/hover/hoverloop/hoverloop13","stream": false}]},
	"vehicles.hover.hoverloop14":
	{"category": "master","sounds": [{"name": "w3e:vehicles/hover/hoverloop/hoverloop14","stream": false}]},
	"vehicles.hover.hoverloop15":
	{"category": "master","sounds": [{"name": "w3e:vehicles/hover/hoverloop/hoverloop15","stream": false}]},
	"vehicles.hover.hoverloop16":
	{"category": "master","sounds": [{"name": "w3e:vehicles/hover/hoverloop/hoverloop16","stream": false}]},
	"vehicles.hover.hoverloop17":
	{"category": "master","sounds": [{"name": "w3e:vehicles/hover/hoverloop/hoverloop17","stream": false}]},
	"vehicles.hover.hoverloop18":
	{"category": "master","sounds": [{"name": "w3e:vehicles/hover/hoverloop/hoverloop18","stream": false}]},
	"vehicles.hover.hoverloop19":
	{"category": "master","sounds": [{"name": "w3e:vehicles/hover/hoverloop/hoverloop19","stream": false}]},
	"vehicles.hover.hoverloop20":
	{"category": "master","sounds": [{"name": "w3e:vehicles/hover/hoverloop/hoverloop20","stream": false}]},
	"vehicles.hover.hoverloop21":
	{"category": "master","sounds": [{"name": "w3e:vehicles/hover/hoverloop/hoverloop21","stream": false}]},

	"vehicles.heli.blade1":
	{"category": "master","sounds": [{"name": "w3e:vehicles/heli/blade1","stream": false}]},
	
	"vehicles.gui.switch":
	{"category": "master","sounds": [{"name": "w3e:vehicles/gui/switch","stream": false}]},
	"vehicles.gui.close":
	{"category": "master","sounds": [{"name": "w3e:vehicles/gui/close","stream": false}]},
	"vehicles.gui.open":
	{"category": "master","sounds": [{"name": "w3e:vehicles/gui/open","stream": false}]},
	"vehicles.gui.error":
	{"category": "master","sounds": [{"name": "w3e:vehicles/gui/error","stream": false}]}

}