{
	"credit": "Made with Blockbench",
	"textures": {
		"0": "w3e:vehicle/block/someparts",
		"particle": "w3e:vehicle/block/someparts"
	},
	"elements": [
		{
			"from": [11, -8.5, 6.5],
			"to": [13, 11, 9.5],
			"rotation": {"angle": 0, "axis": "y", "origin": [8, 1, 8]},
			"faces": {
				"north": {"uv": [11.5, 8, 10.5, 16], "texture": "#0"},
				"east": {"uv": [11.5, 8, 10.5, 16], "texture": "#0"},
				"south": {"uv": [11.5, 8, 10.5, 16], "texture": "#0"},
				"west": {"uv": [11.5, 8, 10.5, 16], "texture": "#0"},
				"up": {"uv": [11.5, 8, 10.5, 16], "texture": "#0"},
				"down": {"uv": [11.5, 8, 10.5, 16], "texture": "#0"}
			}
		},
		{
			"from": [3, -8.5, 6.5],
			"to": [5, 11, 9.5],
			"rotation": {"angle": 0, "axis": "y", "origin": [8, 1, 8]},
			"faces": {
				"north": {"uv": [11.5, 8, 10.5, 16], "texture": "#0"},
				"east": {"uv": [11.5, 8, 10.5, 16], "texture": "#0"},
				"south": {"uv": [11.5, 8, 10.5, 16], "texture": "#0"},
				"west": {"uv": [11.5, 8, 10.5, 16], "texture": "#0"},
				"up": {"uv": [11.5, 8, 10.5, 16], "texture": "#0"},
				"down": {"uv": [11.5, 8, 10.5, 16], "texture": "#0"}
			}
		},
		{
			"from": [6.625, -15.5, 6.5],
			"to": [9.375, -8.5, 9.5],
			"rotation": {"angle": 0, "axis": "y", "origin": [9.125, 29.5, 8]},
			"faces": {
				"north": {"uv": [12, 8, 10, 16], "texture": "#0"},
				"east": {"uv": [12, 8, 10, 16], "texture": "#0"},
				"south": {"uv": [12, 8, 10, 16], "texture": "#0"},
				"west": {"uv": [12, 8, 10, 16], "texture": "#0"},
				"up": {"uv": [16, 0, 14, 2], "texture": "#0"},
				"down": {"uv": [16, 0, 14, 2], "texture": "#0"}
			}
		},
		{
			"from": [2.75, -11.25, 6.25],
			"to": [13.25, -7.25, 9.75],
			"rotation": {"angle": 0, "axis": "y", "origin": [8, -5, 8]},
			"faces": {
				"north": {"uv": [4, 0, 2, 8], "rotation": 90, "texture": "#0"},
				"east": {"uv": [4, 0, 2, 2], "rotation": 90, "texture": "#0"},
				"south": {"uv": [4, 0, 2, 8], "rotation": 90, "texture": "#0"},
				"west": {"uv": [4, 0, 2, 2], "rotation": 90, "texture": "#0"},
				"up": {"uv": [4, 0, 2, 8], "texture": "#0"},
				"down": {"uv": [4, 0, 2, 8], "texture": "#0"}
			}
		},
		{
			"from": [10.5, 8.95, 5.5],
			"to": [13.5, 13.95, 10.5],
			"rotation": {"angle": 0, "axis": "y", "origin": [8, 7.45, 8]},
			"faces": {
				"north": {"uv": [10, 8.5, 12, 15.5], "texture": "#0"},
				"east": {"uv": [14, 0, 16, 2], "texture": "#0"},
				"south": {"uv": [10, 8.5, 12, 15.5], "texture": "#0"},
				"west": {"uv": [14, 0, 16, 2], "texture": "#0"},
				"up": {"uv": [10, 8.5, 12, 15.5], "texture": "#0"},
				"down": {"uv": [10, 8.5, 12, 15.5], "texture": "#0"}
			}
		},
		{
			"from": [2.5, 8.95, 5.5],
			"to": [5.5, 13.95, 10.5],
			"rotation": {"angle": 0, "axis": "y", "origin": [8, 7.45, 8]},
			"faces": {
				"north": {"uv": [10, 8.5, 12, 15.5], "texture": "#0"},
				"east": {"uv": [14, 0, 16, 2], "texture": "#0"},
				"south": {"uv": [10, 8.5, 12, 15.5], "texture": "#0"},
				"west": {"uv": [14, 0, 16, 2], "texture": "#0"},
				"up": {"uv": [10, 8.5, 12, 15.5], "texture": "#0"},
				"down": {"uv": [10, 8.5, 12, 15.5], "texture": "#0"}
			}
		}
	],
	"display": {
		"thirdperson_righthand": {
			"rotation": [90, 0, 0],
			"translation": [-6, -2, 7.75]
		}
	}
}