{
	"credit": "Made with Blockbench",
	"textures": {
		"0": "w3e:vehicle/block/someparts",
		"1": "w3e:vehicle/block/bochkaparts",
		"particle": "w3e:vehicle/block/someparts"
	},
	"elements": [
		{
			"from": [5, 9.5, 16.5],
			"to": [11, 14.5, 21.5],
			"rotation": {"angle": 0, "axis": "y", "origin": [8, 8, 19]},
			"faces": {
				"north": {"uv": [10, 8.5, 12, 15.5], "texture": "#0"},
				"east": {"uv": [14, 0, 16, 2], "texture": "#0"},
				"south": {"uv": [10, 8.5, 12, 15.5], "texture": "#0"},
				"west": {"uv": [14, 0, 16, 2], "texture": "#0"},
				"up": {"uv": [10, 8.5, 12, 15.5], "texture": "#0"},
				"down": {"uv": [10, 8.5, 12, 15.5], "texture": "#0"}
			}
		},
		{
			"from": [6.25, 10.25, -5],
			"to": [9.75, 13.75, 16.5],
			"rotation": {"angle": 0, "axis": "y", "origin": [8, 8, 19]},
			"faces": {
				"north": {"uv": [10.5, 8.5, 11.5, 15.5], "texture": "#0"},
				"east": {"uv": [10.5, 8.5, 11.5, 15.5], "rotation": 90, "texture": "#0"},
				"south": {"uv": [10.5, 8.5, 11.5, 15.5], "texture": "#0"},
				"west": {"uv": [10.5, 8.5, 11.5, 15.5], "rotation": 90, "texture": "#0"},
				"up": {"uv": [10.5, 8.5, 11.5, 15.5], "texture": "#0"},
				"down": {"uv": [10.5, 8.5, 11.5, 15.5], "texture": "#0"}
			}
		},
		{
			"from": [5.25, 9.75, -6.25],
			"to": [10.75, 15.25, 2],
			"rotation": {"angle": 0, "axis": "y", "origin": [8, 8, 19]},
			"faces": {
				"north": {"uv": [10, 10, 14, 14], "texture": "#1"},
				"east": {"uv": [4, 0, 6, 2], "texture": "#0"},
				"south": {"uv": [4, 0, 6, 2], "texture": "#0"},
				"west": {"uv": [4, 0, 6, 2], "texture": "#0"},
				"up": {"uv": [4, 0, 6, 2], "texture": "#0"},
				"down": {"uv": [4, 0, 6, 2], "texture": "#0"}
			}
		},
		{
			"from": [6.75, 2.25, 4.5],
			"to": [9.25, 4.75, 20.5],
			"rotation": {"angle": -22.5, "axis": "x", "origin": [7.97467, 8.8111, -0.25504]},
			"faces": {
				"north": {"uv": [8, 8, 10, 16], "texture": "#0"},
				"east": {"uv": [8, 8, 10, 16], "rotation": 90, "texture": "#0"},
				"south": {"uv": [8, 8, 10, 16], "texture": "#0"},
				"west": {"uv": [8, 8, 10, 16], "rotation": 90, "texture": "#0"},
				"up": {"uv": [8, 8, 10, 16], "texture": "#0"},
				"down": {"uv": [8, 8, 10, 16], "rotation": 180, "texture": "#0"}
			}
		},
		{
			"from": [6.74998, 7.53404, -6.00334],
			"to": [9.24998, 10.03404, 7.74666],
			"rotation": {"angle": 22.5, "axis": "x", "origin": [7.97467, 8.8111, -0.25504]},
			"faces": {
				"north": {"uv": [8, 12, 9.75, 16], "rotation": 90, "texture": "#0"},
				"east": {"uv": [8, 12, 9.75, 16], "rotation": 90, "texture": "#0"},
				"south": {"uv": [8, 12, 9.75, 16], "rotation": 90, "texture": "#0"},
				"west": {"uv": [8, 12, 9.75, 16], "rotation": 90, "texture": "#0"},
				"up": {"uv": [8, 12, 9.75, 16], "texture": "#0"},
				"down": {"uv": [8, 12, 9.75, 16], "rotation": 180, "texture": "#0"}
			}
		},
		{
			"from": [2, 13.75, -4.75],
			"to": [14, 16.75, 15.25],
			"rotation": {"angle": 0, "axis": "y", "origin": [8, 8, 19]},
			"faces": {
				"north": {"uv": [2, 1.5, 6, 3], "texture": "#1"},
				"east": {"uv": [2, 1.5, 6, 3], "texture": "#1"},
				"south": {"uv": [2, 1.5, 6, 3], "texture": "#1"},
				"west": {"uv": [2, 1.5, 6, 3], "texture": "#1"},
				"up": {"uv": [2, 0.5, 6, 2.5], "rotation": 90, "texture": "#1"},
				"down": {"uv": [4, 0, 8, 3], "texture": "#1"}
			}
		},
		{
			"from": [6.5, 4.5, 5.25],
			"to": [9.5, 8.5, 8.25],
			"rotation": {"angle": 0, "axis": "y", "origin": [11.5, 15.5, 15.5]},
			"faces": {
				"north": {"uv": [3, 0.5, 5, 2.5], "texture": "#1"},
				"east": {"uv": [3, 0.5, 5, 2.5], "rotation": 90, "texture": "#1"},
				"south": {"uv": [3, 0.5, 5, 2.5], "texture": "#1"},
				"west": {"uv": [3, 0.5, 5, 2.5], "rotation": 90, "texture": "#1"},
				"up": {"uv": [3, 0.5, 5, 2.5], "texture": "#1"},
				"down": {"uv": [3, 0.5, 5, 2.5], "texture": "#1"}
			}
		},
		{
			"from": [7.5, 7.5, 6.25],
			"to": [8.5, 11.5, 7.25],
			"rotation": {"angle": 0, "axis": "y", "origin": [11.5, 15.5, 15.5]},
			"faces": {
				"north": {"uv": [10.5, 11.5, 11.5, 12.5], "rotation": 90, "texture": "#0"},
				"east": {"uv": [10.5, 11.5, 11.5, 12.5], "rotation": 90, "texture": "#0"},
				"south": {"uv": [10.5, 11.5, 11.5, 12.5], "rotation": 90, "texture": "#0"},
				"west": {"uv": [10.5, 11.5, 11.5, 12.5], "rotation": 90, "texture": "#0"},
				"up": {"uv": [10.5, 11.5, 11.5, 12.5], "rotation": 90, "texture": "#0"},
				"down": {"uv": [10.5, 11.5, 11.5, 12.5], "rotation": 90, "texture": "#0"}
			}
		}
	],
	"display": {
		"thirdperson_righthand": {
			"rotation": [90, 0, 0],
			"translation": [-6, -2, -11.25]
		},
		"head": {
			"translation": [0, -10, -11]
		}
	}
}