	{
	"credit": "Made with Blockbench",
	"textures": {
		"0": "w3e:vehicle/block/bochkaparts",
		"2": "w3e:vehicle/block/someparts",
		"particle": "w3e:vehicle/block/bochkaparts"
	},
	"elements": [
		{
			"from": [0, 9, 0],
			"to": [16, 16, 16],
			"faces": {
				"north": {"uv": [0, 0, 8, 3], "texture": "#0"},
				"east": {"uv": [0, 0, 8, 3], "texture": "#0"},
				"south": {"uv": [0, 0, 8, 3], "texture": "#0"},
				"west": {"uv": [0, 0, 8, 3], "texture": "#0"},
				"up": {"uv": [0, 8, 8, 16], "texture": "#0"},
				"down": {"uv": [8, 0, 16, 8], "texture": "#0"}
			}
		},
		{
			"from": [6, -3, 6],
			"to": [10, 11, 10],
			"faces": {
				"north": {"uv": [10, 8, 12, 16], "texture": "#2"},
				"east": {"uv": [10, 8, 12, 16], "texture": "#2"},
				"south": {"uv": [10, 8, 12, 16], "texture": "#2"},
				"west": {"uv": [10, 8, 12, 16], "texture": "#2"},
				"up": {"uv": [14, 0, 16, 2.25], "texture": "#2"},
				"down": {"uv": [14, 0, 16, 2], "texture": "#2"}
			}
		}
	],
	"display": {
		"thirdperson_righthand": {
			"rotation": [90, 0, 0],
			"translation": [-6, -2, -19]
		},
		"firstperson_righthand": {
			"scale": [0.2, 0.2, 0.2]
		},
		"ground": {
			"scale": [0.2, 0.2, 0.2]
		},
		"gui": {
			"rotation": [45, 35, 0],
			"scale": [0.2, 0.2, 0.2]
		},
		"head": {
			"translation": [0, -56, 0],
			"scale": [1.601, 1.601, 1.601]
		},
		"fixed": {
			"rotation": [-90, 0, 0],
			"scale": [0.2, 0.2, 0.2]
		}
	}
}