{
	"credit": "Made with Blockbench",
	"textures": {
		"2": "w3e:vehicle/hover/hover",
		"3": "w3e:vehicle/glass"
	},
	"elements": [
		{
			"from": [1, 4, 4.5],
			"to": [7, 5, 9.75],
			"rotation": {"angle": 0, "axis": "y", "origin": [4, 8, 8]},
			"faces": {
				"north": {"uv": [8, 0, 12, 2.5], "texture": "#2"},
				"east": {"uv": [8, 0, 12, 2.5], "texture": "#2"},
				"south": {"uv": [8, 0, 12, 2.5], "texture": "#2"},
				"west": {"uv": [8, 0, 12, 2.5], "texture": "#2"},
				"up": {"uv": [8, 0, 12, 2.5], "texture": "#2"},
				"down": {"uv": [8, 0, 12, 2.5], "texture": "#2"}
			}
		},
		{
			"from": [9, 4, 4.5],
			"to": [15, 5, 9.75],
			"rotation": {"angle": 0, "axis": "y", "origin": [12, 8, 8]},
			"faces": {
				"north": {"uv": [12, 0, 8, 2.5], "texture": "#2"},
				"east": {"uv": [12, 0, 8, 2.5], "texture": "#2"},
				"south": {"uv": [12, 0, 8, 2.5], "texture": "#2"},
				"west": {"uv": [12, 0, 8, 2.5], "texture": "#2"},
				"up": {"uv": [12, 0, 8, 2.5], "texture": "#2"},
				"down": {"uv": [12, 0, 8, 2.5], "texture": "#2"}
			}
		},
		{
			"from": [9.25, 4.25, 4.75],
			"to": [14.75, 5.25, 9.25],
			"rotation": {"angle": 0, "axis": "y", "origin": [12, 8, 8]},
			"faces": {
				"north": {"uv": [13.5, 8, 12, 16], "texture": "#2"},
				"east": {"uv": [13.5, 8, 12, 16], "texture": "#2"},
				"south": {"uv": [13.5, 8, 12, 16], "texture": "#2"},
				"west": {"uv": [13.5, 8, 12, 16], "texture": "#2"},
				"up": {"uv": [13.5, 8, 12, 16], "texture": "#2"},
				"down": {"uv": [13.5, 8, 12, 16], "texture": "#2"}
			}
		},
		{
			"from": [1.25, 4.25, 4.75],
			"to": [6.75, 5.25, 10.25],
			"rotation": {"angle": 0, "axis": "y", "origin": [4, 8, 8]},
			"faces": {
				"north": {"uv": [12, 8, 13.5, 16], "texture": "#2"},
				"east": {"uv": [12, 8, 13.5, 16], "texture": "#2"},
				"south": {"uv": [12, 8, 13.5, 16], "texture": "#2"},
				"west": {"uv": [12, 8, 13.5, 16], "texture": "#2"},
				"up": {"uv": [12, 8, 13.5, 16], "texture": "#2"},
				"down": {"uv": [12, 8, 13.5, 16], "texture": "#2"}
			}
		},
		{
			"from": [1, 4.5, 10],
			"to": [7, 10.75, 10.75],
			"rotation": {"angle": 22.5, "axis": "x", "origin": [8, 7.5, 10.375]},
			"faces": {
				"north": {"uv": [8, 0, 12, 2.5], "rotation": 180, "texture": "#2"},
				"east": {"uv": [8, 0, 12, 2.5], "rotation": 180, "texture": "#2"},
				"south": {"uv": [8, 0, 12, 2.5], "rotation": 180, "texture": "#2"},
				"west": {"uv": [8, 0, 12, 2.5], "rotation": 180, "texture": "#2"},
				"up": {"uv": [8, 0, 12, 2.5], "rotation": 180, "texture": "#2"},
				"down": {"uv": [8, 0, 12, 2.5], "rotation": 180, "texture": "#2"}
			}
		},
		{
			"from": [9, 4.5, 10],
			"to": [15, 10.75, 10.75],
			"rotation": {"angle": 22.5, "axis": "x", "origin": [8, 7.5, 10.375]},
			"faces": {
				"north": {"uv": [12, 0, 8, 2.5], "rotation": 180, "texture": "#2"},
				"east": {"uv": [12, 0, 8, 2.5], "rotation": 180, "texture": "#2"},
				"south": {"uv": [12, 0, 8, 2.5], "rotation": 180, "texture": "#2"},
				"west": {"uv": [12, 0, 8, 2.5], "rotation": 180, "texture": "#2"},
				"up": {"uv": [12, 0, 8, 2.5], "rotation": 180, "texture": "#2"},
				"down": {"uv": [12, 0, 8, 2.5], "rotation": 180, "texture": "#2"}
			}
		},
		{
			"from": [1.25, 4.25, 9.75],
			"to": [6.75, 10.5, 10.75],
			"rotation": {"angle": 22.5, "axis": "x", "origin": [8, 7.5, 10.375]},
			"faces": {
				"north": {"uv": [12, 8, 13.5, 16], "texture": "#2"},
				"east": {"uv": [12, 8, 13.5, 16], "texture": "#2"},
				"south": {"uv": [12, 8, 13.5, 16], "texture": "#2"},
				"west": {"uv": [12, 8, 13.5, 16], "texture": "#2"},
				"up": {"uv": [12, 8, 13.5, 16], "texture": "#2"},
				"down": {"uv": [12, 8, 13.5, 16], "texture": "#2"}
			}
		},
		{
			"from": [9.25, 4.25, 9.75],
			"to": [14.75, 10.5, 10.75],
			"rotation": {"angle": 22.5, "axis": "x", "origin": [8, 7.5, 10.375]},
			"faces": {
				"north": {"uv": [13.5, 8, 12, 16], "texture": "#2"},
				"east": {"uv": [13.5, 8, 12, 16], "texture": "#2"},
				"south": {"uv": [13.5, 8, 12, 16], "texture": "#2"},
				"west": {"uv": [13.5, 8, 12, 16], "texture": "#2"},
				"up": {"uv": [13.5, 8, 12, 16], "texture": "#2"},
				"down": {"uv": [13.5, 8, 12, 16], "texture": "#2"}
			}
		},
		{
			"from": [0.75, 3.25, 3],
			"to": [8, 4.25, 11],
			"rotation": {"angle": 0, "axis": "y", "origin": [4, 8, 8]},
			"faces": {
				"north": {"uv": [8, 8, 0, 8.5], "texture": "#2"},
				"east": {"uv": [8, 8, 0, 8.5], "texture": "#2"},
				"south": {"uv": [8, 8, 0, 8.5], "texture": "#2"},
				"west": {"uv": [8, 8, 0, 8.5], "texture": "#2"},
				"up": {"uv": [8, 8, 0, 16], "texture": "#2"},
				"down": {"uv": [8, 8, 0, 16], "texture": "#2"}
			}
		},
		{
			"from": [8, 3.25, 3],
			"to": [15.25, 4.25, 11],
			"rotation": {"angle": 0, "axis": "y", "origin": [12, 8, 8]},
			"faces": {
				"north": {"uv": [0, 8, 8, 8.5], "texture": "#2"},
				"east": {"uv": [0, 8, 8, 8.5], "texture": "#2"},
				"south": {"uv": [0, 8, 8, 8.5], "texture": "#2"},
				"west": {"uv": [0, 8, 8, 8.5], "texture": "#2"},
				"up": {"uv": [0, 8, 8, 16], "texture": "#2"},
				"down": {"uv": [0, 8, 8, 16], "texture": "#2"}
			}
		},
		{
			"from": [0.75001, 4.7633, 1.10767],
			"to": [8.00001, 8.7633, 2.10767],
			"rotation": {"angle": -22.5, "axis": "x", "origin": [4.00001, 8.7633, 5.85767]},
			"faces": {
				"north": {"uv": [8, 8, 0, 13], "rotation": 180, "texture": "#2"},
				"east": {"uv": [0.5, 12, 0, 16], "rotation": 180, "texture": "#2"},
				"south": {"uv": [8, 8, 0, 13], "rotation": 180, "texture": "#2"},
				"west": {"uv": [0.5, 12, 0, 16], "rotation": 180, "texture": "#2"},
				"up": {"uv": [15.027, 1.25, 9.5, 6.777], "rotation": 180, "texture": "#2"},
				"down": {"uv": [15.027, 1.25, 9.5, 6.777], "rotation": 180, "texture": "#2"}
			}
		},
		{
			"from": [7.99999, 4.7633, 1.10767],
			"to": [15.24999, 8.7633, 2.10767],
			"rotation": {"angle": -22.5, "axis": "x", "origin": [11.99999, 8.7633, 5.85767]},
			"faces": {
				"north": {"uv": [0, 8, 8, 13], "rotation": 180, "texture": "#2"},
				"east": {"uv": [0, 12, 0.5, 16], "rotation": 180, "texture": "#2"},
				"south": {"uv": [0, 8, 8, 13], "rotation": 180, "texture": "#2"},
				"west": {"uv": [0, 12, 0.5, 16], "rotation": 180, "texture": "#2"},
				"up": {"uv": [9.5, 1.25, 15.027, 6.777], "rotation": 180, "texture": "#2"},
				"down": {"uv": [9.5, 1.25, 15.027, 6.777], "rotation": 180, "texture": "#2"}
			}
		},
		{
			"from": [4.74998, 6.94556, 1.56924],
			"to": [11.24998, 9.44556, 2.46924],
			"faces": {
				"north": {"uv": [0, 8, 8.027, 11.527], "rotation": 180, "texture": "#2"},
				"east": {"uv": [0, 8, 8.027, 11.527], "rotation": 180, "texture": "#2"},
				"south": {"uv": [0, 12.5, 8, 16], "rotation": 180, "texture": "#2"},
				"west": {"uv": [0, 8, 8.027, 11.527], "rotation": 180, "texture": "#2"},
				"up": {"uv": [0, 8, 8.027, 11.527], "rotation": 180, "texture": "#2"},
				"down": {"uv": [0, 8, 8.027, 11.527], "rotation": 180, "texture": "#2"}
			}
		},
		{
			"from": [1.25192, 5.5235, 1.86629],
			"to": [2.75192, 5.8235, 3.61629],
			"rotation": {"angle": 45, "axis": "x", "origin": [1.62692, 4.9235, 3.11629]},
			"faces": {
				"north": {"uv": [8, 5.25, 12, 8], "texture": "#2"},
				"east": {"uv": [8, 5.25, 12, 8], "texture": "#2"},
				"south": {"uv": [8, 5.25, 12, 8], "texture": "#2"},
				"west": {"uv": [8, 5.25, 12, 8], "texture": "#2"},
				"up": {"uv": [8, 5.25, 12, 8], "texture": "#2"},
				"down": {"uv": [8, 5.25, 12, 8], "texture": "#2"}
			}
		},
		{
			"from": [1.15192, 5.2485, 1.59129],
			"to": [2.85192, 5.9485, 2.29129],
			"rotation": {"angle": 45, "axis": "x", "origin": [1.62692, 4.9235, 3.11629]},
			"faces": {
				"north": {"uv": [10, 16, 12, 8], "rotation": 90, "texture": "#2"},
				"east": {"uv": [10, 16, 12, 8], "rotation": 90, "texture": "#2"},
				"south": {"uv": [10, 16, 12, 8], "rotation": 90, "texture": "#2"},
				"west": {"uv": [10, 16, 12, 8], "rotation": 90, "texture": "#2"},
				"up": {"uv": [10, 16, 12, 8], "rotation": 90, "texture": "#2"},
				"down": {"uv": [10, 16, 12, 8], "rotation": 90, "texture": "#2"}
			}
		},
		{
			"from": [5.14808, 5.2485, 1.59129],
			"to": [6.84808, 5.9485, 2.29129],
			"rotation": {"angle": 45, "axis": "x", "origin": [6.37308, 4.9235, 3.11629]},
			"faces": {
				"north": {"uv": [10, 16, 12, 8], "rotation": 90, "texture": "#2"},
				"east": {"uv": [10, 16, 12, 8], "rotation": 90, "texture": "#2"},
				"south": {"uv": [10, 16, 12, 8], "rotation": 90, "texture": "#2"},
				"west": {"uv": [10, 16, 12, 8], "rotation": 90, "texture": "#2"},
				"up": {"uv": [10, 16, 12, 8], "rotation": 90, "texture": "#2"},
				"down": {"uv": [10, 16, 12, 8], "rotation": 90, "texture": "#2"}
			}
		},
		{
			"from": [5.24808, 5.5235, 1.86629],
			"to": [6.74808, 5.8235, 3.61629],
			"rotation": {"angle": 45, "axis": "x", "origin": [6.37308, 4.9235, 3.11629]},
			"faces": {
				"north": {"uv": [8, 5.25, 12, 8], "texture": "#2"},
				"east": {"uv": [8, 5.25, 12, 8], "texture": "#2"},
				"south": {"uv": [8, 5.25, 12, 8], "texture": "#2"},
				"west": {"uv": [8, 5.25, 12, 8], "texture": "#2"},
				"up": {"uv": [8, 5.25, 12, 8], "texture": "#2"},
				"down": {"uv": [8, 5.25, 12, 8], "texture": "#2"}
			}
		},
		{
			"from": [4.91998, 3.33338, -3.49199],
			"to": [11.07998, 9.26338, 2.95801],
			"faces": {
				"north": {"uv": [8, 5.5, 12, 8], "rotation": 180, "texture": "#2"},
				"east": {"uv": [8, 5.5, 12, 8], "rotation": 180, "texture": "#2"},
				"south": {"uv": [8, 5.5, 12, 8], "rotation": 180, "texture": "#2"},
				"west": {"uv": [8, 5.5, 12, 8], "rotation": 180, "texture": "#2"},
				"up": {"uv": [8, 5.5, 12, 8], "rotation": 180, "texture": "#2"},
				"down": {"uv": [8, 5.5, 12, 8], "rotation": 180, "texture": "#2"}
			}
		},
		{
			"from": [0.96998, 7.08338, 1.50801],
			"to": [4.92998, 9.26338, 2.95801],
			"faces": {
				"north": {"uv": [8, 5.5, 11.96, 7.68], "rotation": 180, "texture": "#2"},
				"east": {"uv": [8, 5.5, 11.96, 7.68], "rotation": 180, "texture": "#2"},
				"south": {"uv": [8, 5.5, 11.96, 7.68], "rotation": 180, "texture": "#2"},
				"west": {"uv": [8, 5.5, 11.96, 7.68], "rotation": 180, "texture": "#2"},
				"up": {"uv": [8, 5.5, 11.96, 7.68], "rotation": 180, "texture": "#2"},
				"down": {"uv": [8, 5.5, 11.96, 7.68], "rotation": 180, "texture": "#2"}
			}
		},
		{
			"from": [11.07002, 7.08338, 1.50801],
			"to": [15.03002, 9.26338, 2.95801],
			"faces": {
				"north": {"uv": [11.96, 5.5, 8, 7.68], "rotation": 180, "texture": "#2"},
				"east": {"uv": [11.96, 5.5, 8, 7.68], "rotation": 180, "texture": "#2"},
				"south": {"uv": [11.96, 5.5, 8, 7.68], "rotation": 180, "texture": "#2"},
				"west": {"uv": [11.96, 5.5, 8, 7.68], "rotation": 180, "texture": "#2"},
				"up": {"uv": [11.96, 5.5, 8, 7.68], "rotation": 180, "texture": "#2"},
				"down": {"uv": [11.96, 5.5, 8, 7.68], "rotation": 180, "texture": "#2"}
			}
		},
		{
			"from": [1.16998, 5.93338, 2.30801],
			"to": [5.82998, 6.96338, 2.98301],
			"rotation": {"angle": 0, "axis": "y", "origin": [7.99998, 6.14838, 2.73301]},
			"faces": {
				"north": {"uv": [8, 0, 12, 2.25], "rotation": 180, "texture": "#2"},
				"east": {"uv": [8, 0, 12, 2.25], "rotation": 180, "texture": "#2"},
				"south": {"uv": [8, 0, 12, 2.25], "rotation": 180, "texture": "#2"},
				"west": {"uv": [8, 0, 12, 2.25], "rotation": 180, "texture": "#2"},
				"up": {"uv": [8, 0, 12, 2.25], "rotation": 180, "texture": "#2"},
				"down": {"uv": [8, 0, 12, 2.25], "rotation": 180, "texture": "#2"}
			}
		},
		{
			"from": [10.17002, 5.93338, 2.30801],
			"to": [14.83002, 6.96338, 2.98301],
			"rotation": {"angle": 0, "axis": "y", "origin": [8.00002, 6.14838, 2.73301]},
			"faces": {
				"north": {"uv": [12, 0, 8, 2.25], "rotation": 180, "texture": "#2"},
				"east": {"uv": [12, 0, 8, 2.25], "rotation": 180, "texture": "#2"},
				"south": {"uv": [12, 0, 8, 2.25], "rotation": 180, "texture": "#2"},
				"west": {"uv": [12, 0, 8, 2.25], "rotation": 180, "texture": "#2"},
				"up": {"uv": [12, 0, 8, 2.25], "rotation": 180, "texture": "#2"},
				"down": {"uv": [12, 0, 8, 2.25], "rotation": 180, "texture": "#2"}
			}
		},
		{
			"from": [-0.10001, 5.5133, 0.95767],
			"to": [0.84999, 9.2633, 2.15767],
			"rotation": {"angle": -22.5, "axis": "x", "origin": [3.99999, 8.7633, 5.80767]},
			"faces": {
				"north": {"uv": [2, 0, 3.2, 3.25], "rotation": 180, "texture": "#2"},
				"east": {"uv": [2, 0, 3.2, 3.25], "rotation": 180, "texture": "#2"},
				"south": {"uv": [2, 0, 3.2, 3.25], "rotation": 180, "texture": "#2"},
				"west": {"uv": [2, 0, 3.2, 3.25], "texture": "#2"},
				"up": {"uv": [2, 0, 3.2, 3.25], "rotation": 180, "texture": "#2"},
				"down": {"uv": [2, 0, 3.2, 3.25], "rotation": 180, "texture": "#2"}
			}
		},
		{
			"from": [15.15001, 5.5133, 0.95767],
			"to": [16.10001, 9.2633, 2.15767],
			"rotation": {"angle": -22.5, "axis": "x", "origin": [12.00001, 8.7633, 5.80767]},
			"faces": {
				"north": {"uv": [3.2, 0, 2, 3.25], "rotation": 180, "texture": "#2"},
				"east": {"uv": [3.2, 0, 2, 3.25], "texture": "#2"},
				"south": {"uv": [3.2, 0, 2, 3.25], "rotation": 180, "texture": "#2"},
				"west": {"uv": [3.2, 0, 2, 3.25], "rotation": 180, "texture": "#2"},
				"up": {"uv": [3.2, 0, 2, 3.25], "rotation": 180, "texture": "#2"},
				"down": {"uv": [3.2, 0, 2, 3.25], "rotation": 180, "texture": "#2"}
			}
		},
		{
			"from": [-0.10433, 6.49344, 2.49606],
			"to": [0.84567, 14.99344, 3.69606],
			"rotation": {"angle": 22.5, "axis": "x", "origin": [3.99567, 10.99344, 7.34606]},
			"faces": {
				"north": {"uv": [2, 0, 3.2, 8], "texture": "#2"},
				"east": {"uv": [2, 0, 3.2, 8], "rotation": 180, "texture": "#2"},
				"south": {"uv": [2, 0, 3.2, 8], "rotation": 180, "texture": "#2"},
				"west": {"uv": [2, 0, 3.2, 8], "texture": "#2"},
				"up": {"uv": [2, 0, 3.2, 8], "rotation": 180, "texture": "#2"},
				"down": {"uv": [2, 0, 3.2, 8], "rotation": 180, "texture": "#2"}
			}
		},
		{
			"from": [15.15433, 6.49344, 2.49606],
			"to": [16.10433, 14.99344, 3.69606],
			"rotation": {"angle": 22.5, "axis": "x", "origin": [12.00433, 10.99344, 7.34606]},
			"faces": {
				"north": {"uv": [3.2, 0, 2, 8], "texture": "#2"},
				"east": {"uv": [3.2, 0, 2, 8], "texture": "#2"},
				"south": {"uv": [3.2, 0, 2, 8], "rotation": 180, "texture": "#2"},
				"west": {"uv": [3.2, 0, 2, 8], "rotation": 180, "texture": "#2"},
				"up": {"uv": [3.2, 0, 2, 8], "rotation": 180, "texture": "#2"},
				"down": {"uv": [3.2, 0, 2, 8], "rotation": 180, "texture": "#2"}
			}
		},
		{
			"from": [-0.10524, 3.21691, 3.10768],
			"to": [0.84476, 4.41691, 11.10768],
			"rotation": {"angle": 0, "axis": "y", "origin": [4.1, 8, 8]},
			"faces": {
				"north": {"uv": [2, 0, 3.2, 8], "rotation": 270, "texture": "#2"},
				"east": {"uv": [2, 0, 3.2, 8], "rotation": 270, "texture": "#2"},
				"south": {"uv": [2, 0, 3.2, 8], "rotation": 270, "texture": "#2"},
				"west": {"uv": [2, 0, 3.2, 8], "rotation": 270, "texture": "#2"},
				"up": {"uv": [2, 0, 3.2, 8], "rotation": 180, "texture": "#2"},
				"down": {"uv": [2, 0, 3.2, 8], "texture": "#2"}
			}
		},
		{
			"from": [15.15524, 3.21691, 3.10768],
			"to": [16.10524, 4.41691, 11.10768],
			"rotation": {"angle": 0, "axis": "y", "origin": [11.9, 8, 8]},
			"faces": {
				"north": {"uv": [2, 8, 3.2, 0], "rotation": 270, "texture": "#2"},
				"east": {"uv": [2, 8, 3.2, 0], "rotation": 270, "texture": "#2"},
				"south": {"uv": [2, 8, 3.2, 0], "rotation": 270, "texture": "#2"},
				"west": {"uv": [2, 8, 3.2, 0], "rotation": 270, "texture": "#2"},
				"up": {"uv": [3.2, 0, 2, 8], "rotation": 180, "texture": "#2"},
				"down": {"uv": [3.2, 0, 2, 8], "texture": "#2"}
			}
		},
		{
			"from": [-0.12076, 3.20985, 2.65526],
			"to": [0.85424, 4.45985, 3.90526],
			"rotation": {"angle": 45, "axis": "x", "origin": [0.37924, 3.80985, 3.28026]},
			"faces": {
				"north": {"uv": [0, 2.5, 2, 5], "texture": "#2"},
				"east": {"uv": [14, 0, 16, 2], "texture": "#2"},
				"south": {"uv": [0, 2.5, 2, 5], "texture": "#2"},
				"west": {"uv": [14, 0, 16, 2], "texture": "#2"},
				"up": {"uv": [0, 2.5, 2, 5], "texture": "#2"},
				"down": {"uv": [0, 2.5, 2, 5], "texture": "#2"}
			}
		},
		{
			"from": [15.14576, 3.20985, 2.65526],
			"to": [16.12076, 4.45985, 3.90526],
			"rotation": {"angle": 45, "axis": "x", "origin": [15.62076, 3.80985, 3.28026]},
			"faces": {
				"north": {"uv": [2, 2.5, 0, 5], "texture": "#2"},
				"east": {"uv": [16, 0, 14, 2], "texture": "#2"},
				"south": {"uv": [2, 2.5, 0, 5], "texture": "#2"},
				"west": {"uv": [16, 0, 14, 2], "texture": "#2"},
				"up": {"uv": [2, 2.5, 0, 5], "texture": "#2"},
				"down": {"uv": [2, 2.5, 0, 5], "texture": "#2"}
			}
		},
		{
			"from": [1.17406, 6.97338, -4.35861],
			"to": [14.8259, 9.05338, 1.45801],
			"rotation": {"angle": 0, "axis": "y", "origin": [8.00002, 8, 8]},
			"faces": {
				"north": {"uv": [0, 8, 8, 10.08], "rotation": 180, "texture": "#2"},
				"east": {"uv": [0, 16, 8, 8], "rotation": 180, "texture": "#2"},
				"south": {"uv": [0, 16, 8, 8], "rotation": 180, "texture": "#2"},
				"west": {"uv": [0, 16, 8, 8], "rotation": 180, "texture": "#2"},
				"up": {"uv": [2.5, 13.25, 5.5, 10.5], "rotation": 180, "texture": "#2"},
				"down": {"uv": [3.5, 12.75, 4.5, 11.25], "rotation": 180, "texture": "#2"}
			}
		},
		{
			"from": [-4.23374, 6.97338, -1.51174],
			"to": [-2.67374, 9.05338, 1.94826],
			"rotation": {"angle": -22.5, "axis": "y", "origin": [5.62626, 8.01338, 10.65826]},
			"faces": {
				"north": {"uv": [0, 16, 8, 8], "rotation": 180, "texture": "#2"},
				"east": {"uv": [0, 16, 8, 8], "rotation": 180, "texture": "#2"},
				"south": {"uv": [0, 16, 8, 8], "rotation": 180, "texture": "#2"},
				"west": {"uv": [3.46, 10.08, 0, 8], "rotation": 180, "texture": "#2"},
				"up": {"uv": [2.5, 13.25, 5.5, 10.5], "rotation": 180, "texture": "#2"},
				"down": {"uv": [3.25, 12.5, 4.5, 11.25], "rotation": 180, "texture": "#2"}
			}
		},
		{
			"from": [-0.15002, 6.97338, -1.16199],
			"to": [16.14998, 9.05338, 2.70801],
			"faces": {
				"north": {"uv": [0, 16, 8, 8], "rotation": 180, "texture": "#2"},
				"east": {"uv": [3.87, 10.08, 0, 8], "rotation": 180, "texture": "#2"},
				"south": {"uv": [0, 16, 8, 8], "rotation": 180, "texture": "#2"},
				"west": {"uv": [3.87, 8, 0, 10.08], "texture": "#2"},
				"up": {"uv": [2.5, 13.25, 5.5, 10.5], "rotation": 180, "texture": "#2"},
				"down": {"uv": [3.25, 12.5, 4.5, 11.25], "rotation": 180, "texture": "#2"}
			}
		},
		{
			"from": [-0.00002, 4.22338, 3.49199],
			"to": [0.74998, 9.00338, 11.16199],
			"rotation": {"angle": 0, "axis": "y", "origin": [8, 4.75, 15.25]},
			"faces": {
				"north": {"uv": [8, 11.5, 0.5, 8], "rotation": 180, "texture": "#2"},
				"east": {"uv": [7.67, 12.78, 0, 8], "rotation": 180, "texture": "#2"},
				"south": {"uv": [8, 11.5, 0.5, 8], "rotation": 180, "texture": "#2"},
				"west": {"uv": [0, 8, 7.67, 12.78], "texture": "#2"},
				"up": {"uv": [0, 8.25, 0.5, 15.92], "rotation": 180, "texture": "#2"},
				"down": {"uv": [0.5, 8, 8, 11.5], "rotation": 180, "texture": "#2"}
			}
		},
		{
			"from": [-0.00002, 4.22338, 2.47199],
			"to": [0.74998, 9.00338, 3.49199],
			"rotation": {"angle": 0, "axis": "y", "origin": [8, 4.75, 14.23]},
			"faces": {
				"north": {"uv": [2, 0, 3.02, 4.78], "texture": "#2"},
				"east": {"uv": [2, 0, 3.02, 4.78], "texture": "#2"},
				"south": {"uv": [2, 0, 3.02, 4.78], "texture": "#2"},
				"west": {"uv": [2, 0, 3.02, 4.78], "texture": "#2"},
				"up": {"uv": [2, 0, 2.75, 1.02], "texture": "#2"},
				"down": {"uv": [2, 0, 3.02, 4.78], "texture": "#2"}
			}
		},
		{
			"from": [15.25002, 4.22338, 2.47199],
			"to": [16.00002, 9.00338, 3.49199],
			"rotation": {"angle": 0, "axis": "y", "origin": [8, 4.75, 14.23]},
			"faces": {
				"north": {"uv": [3.02, 0, 2, 4.78], "texture": "#2"},
				"east": {"uv": [3.02, 0, 2, 4.78], "texture": "#2"},
				"south": {"uv": [3.02, 0, 2, 4.78], "texture": "#2"},
				"west": {"uv": [3.02, 0, 2, 4.78], "texture": "#2"},
				"up": {"uv": [2.75, 0, 2, 1.02], "texture": "#2"},
				"down": {"uv": [3.02, 0, 2, 4.78], "texture": "#2"}
			}
		},
		{
			"from": [15.25002, 4.22338, 3.49199],
			"to": [16.00002, 9.00338, 11.16199],
			"rotation": {"angle": 0, "axis": "y", "origin": [8, 4.75, 15.25]},
			"faces": {
				"north": {"uv": [0.5, 11.5, 8, 8], "rotation": 180, "texture": "#2"},
				"east": {"uv": [7.67, 8, 0, 12.78], "texture": "#2"},
				"south": {"uv": [0.5, 11.5, 8, 8], "rotation": 180, "texture": "#2"},
				"west": {"uv": [0, 12.78, 7.67, 8], "rotation": 180, "texture": "#2"},
				"up": {"uv": [0.5, 8.25, 0, 15.92], "rotation": 180, "texture": "#2"},
				"down": {"uv": [8, 8, 0.5, 11.5], "rotation": 180, "texture": "#2"}
			}
		},
		{
			"from": [18.59758, 6.97338, -1.89442],
			"to": [20.15758, 9.05338, 1.56558],
			"rotation": {"angle": 22.5, "axis": "y", "origin": [11.29758, 8.01338, 10.27558]},
			"faces": {
				"north": {"uv": [0, 16, 8, 8], "rotation": 180, "texture": "#2"},
				"east": {"uv": [0, 10.08, 3.46, 8], "rotation": 180, "texture": "#2"},
				"south": {"uv": [0, 16, 8, 8], "rotation": 180, "texture": "#2"},
				"west": {"uv": [0, 16, 8, 8], "rotation": 180, "texture": "#2"},
				"up": {"uv": [2.5, 13.25, 5.5, 10.5], "rotation": 180, "texture": "#2"},
				"down": {"uv": [3.25, 12.5, 4.5, 11.25], "rotation": 180, "texture": "#2"}
			}
		},
		{
			"from": [1.17406, 8.82838, -1.9622],
			"to": [14.8259, 10.04601, 1.96801],
			"rotation": {"angle": 0, "axis": "y", "origin": [8.12048, 8, 8]},
			"faces": {
				"north": {"uv": [0, 16, 8, 8], "rotation": 180, "texture": "#2"},
				"east": {"uv": [2.5, 13.25, 5.25, 10.5], "rotation": 180, "texture": "#2"},
				"south": {"uv": [0, 16, 8, 8], "rotation": 180, "texture": "#2"},
				"west": {"uv": [2.5, 13.25, 5.25, 10.5], "rotation": 180, "texture": "#2"},
				"up": {"uv": [0, 16, 8, 13.5], "rotation": 180, "texture": "#2"},
				"down": {"uv": [0, 16, 8, 8], "rotation": 180, "texture": "#2"}
			}
		},
		{
			"from": [1.17406, 10.95368, -3.68487],
			"to": [14.8259, 12.08112, -1.09101],
			"rotation": {"angle": -22.5, "axis": "x", "origin": [8.12067, 8.87368, 3.58899]},
			"faces": {
				"north": {"uv": [0, 16, 8, 8], "rotation": 180, "texture": "#2"},
				"east": {"uv": [2.5, 13.25, 5.25, 10.5], "rotation": 180, "texture": "#2"},
				"south": {"uv": [0, 16, 8, 8], "rotation": 180, "texture": "#2"},
				"west": {"uv": [2.5, 13.25, 5.25, 10.5], "rotation": 180, "texture": "#2"},
				"up": {"uv": [0, 10.5, 8, 8], "rotation": 180, "texture": "#2"},
				"down": {"uv": [0, 16, 8, 8], "rotation": 180, "texture": "#2"}
			}
		},
		{
			"from": [0.74567, 6.79348, 2.59609],
			"to": [8.00433, 7.99353, 3.59597],
			"rotation": {"angle": 22.5, "axis": "x", "origin": [7.90433, 10.99353, 7.34597]},
			"faces": {
				"north": {"uv": [4, 0, 2, 8], "rotation": 90, "texture": "#2"},
				"east": {"uv": [4, 0, 2, 8], "rotation": 90, "texture": "#2"},
				"south": {"uv": [4, 0, 2, 8], "rotation": 90, "texture": "#2"},
				"west": {"uv": [4, 0, 2, 8], "rotation": 90, "texture": "#2"},
				"up": {"uv": [4, 0, 2, 8], "rotation": 90, "texture": "#2"},
				"down": {"uv": [4, 0, 2, 8], "rotation": 90, "texture": "#2"}
			}
		},
		{
			"from": [7.99567, 6.79348, 2.59609],
			"to": [15.25433, 7.99353, 3.59597],
			"rotation": {"angle": 22.5, "axis": "x", "origin": [8.09567, 10.99353, 7.34597]},
			"faces": {
				"north": {"uv": [4, 8, 2, 0], "rotation": 90, "texture": "#2"},
				"east": {"uv": [4, 8, 2, 0], "rotation": 90, "texture": "#2"},
				"south": {"uv": [4, 8, 2, 0], "rotation": 90, "texture": "#2"},
				"west": {"uv": [4, 8, 2, 0], "rotation": 90, "texture": "#2"},
				"up": {"uv": [4, 8, 2, 0], "rotation": 90, "texture": "#2"},
				"down": {"uv": [4, 8, 2, 0], "rotation": 90, "texture": "#2"}
			}
		},
		{
			"from": [0.59567, 7.79348, 2.79609],
			"to": [8.00433, 14.24353, 2.79609],
			"rotation": {"angle": 22.5, "axis": "x", "origin": [7.90433, 10.99353, 7.34597]},
			"faces": {
				"north": {"uv": [0, 0, 16, 16], "rotation": 90, "texture": "#3"}
			}
		},
		{
			"from": [7.99567, 7.79348, 2.79609],
			"to": [15.40433, 14.24353, 2.79609],
			"rotation": {"angle": 22.5, "axis": "x", "origin": [8.09567, 10.99353, 7.34597]},
			"faces": {
				"north": {"uv": [0, 16, 16, 0], "rotation": 90, "texture": "#3"}
			}
		},
		{
			"from": [-0.10524, 9.21691, 11.15768],
			"to": [0.84476, 16.16691, 12.35768],
			"rotation": {"angle": 0, "axis": "y", "origin": [4.1, 8, 9.25]},
			"faces": {
				"north": {"uv": [2, 0, 3.45, 7.95], "texture": "#2"},
				"east": {"uv": [2, 0, 3.45, 7.95], "texture": "#2"},
				"south": {"uv": [2, 0, 3.45, 7.95], "rotation": 180, "texture": "#2"},
				"west": {"uv": [2, 0, 3.2, 7.95], "rotation": 180, "texture": "#2"},
				"up": {"uv": [2, 0, 3.45, 7.95], "texture": "#2"},
				"down": {"uv": [2, 0, 3.45, 7.95], "texture": "#2"}
			}
		},
		{
			"from": [15.15524, 9.21691, 11.15768],
			"to": [16.10524, 16.16691, 12.35768],
			"rotation": {"angle": 0, "axis": "y", "origin": [11.9, 8, 9.25]},
			"faces": {
				"north": {"uv": [3.45, 0, 2, 7.95], "texture": "#2"},
				"east": {"uv": [3.2, 0, 2, 7.95], "rotation": 180, "texture": "#2"},
				"south": {"uv": [3.45, 0, 2, 7.95], "rotation": 180, "texture": "#2"},
				"west": {"uv": [3.45, 0, 2, 7.95], "texture": "#2"},
				"up": {"uv": [3.45, 0, 2, 7.95], "texture": "#2"},
				"down": {"uv": [3.45, 0, 2, 7.95], "texture": "#2"}
			}
		},
		{
			"from": [-0.10524, 3.31691, 11.15768],
			"to": [0.84476, 9.26691, 12.35768],
			"rotation": {"angle": 0, "axis": "y", "origin": [4.1, 1.1, 9.25]},
			"faces": {
				"north": {"uv": [2, 0, 3.45, 7.95], "texture": "#2"},
				"east": {"uv": [2, 0, 3.45, 7.95], "texture": "#2"},
				"south": {"uv": [2, 0, 3.45, 7.95], "rotation": 180, "texture": "#2"},
				"west": {"uv": [2, 0, 3.2, 7.95], "rotation": 180, "texture": "#2"},
				"up": {"uv": [2, 0, 3.45, 7.95], "texture": "#2"},
				"down": {"uv": [2, 0, 3.45, 7.95], "texture": "#2"}
			}
		},
		{
			"from": [15.15524, 3.31691, 11.15768],
			"to": [16.10524, 9.26691, 12.35768],
			"rotation": {"angle": 0, "axis": "y", "origin": [11.9, 1.1, 9.25]},
			"faces": {
				"north": {"uv": [3.45, 0, 2, 7.95], "texture": "#2"},
				"east": {"uv": [3.2, 0, 2, 7.95], "rotation": 180, "texture": "#2"},
				"south": {"uv": [3.45, 0, 2, 7.95], "rotation": 180, "texture": "#2"},
				"west": {"uv": [3.45, 0, 2, 7.95], "texture": "#2"},
				"up": {"uv": [3.45, 0, 2, 7.95], "texture": "#2"},
				"down": {"uv": [3.45, 0, 2, 7.95], "texture": "#2"}
			}
		},
		{
			"from": [-0.12076, 3.10985, 11.03026],
			"to": [0.85424, 4.50985, 12.43026],
			"rotation": {"angle": 0, "axis": "y", "origin": [4.1, 8, 9.25]},
			"faces": {
				"north": {"uv": [0, 2.5, 2, 5], "texture": "#2"},
				"east": {"uv": [14, 0, 16, 2], "texture": "#2"},
				"south": {"uv": [0, 2.5, 2, 5], "texture": "#2"},
				"west": {"uv": [14, 0, 16, 2], "texture": "#2"},
				"up": {"uv": [0, 2.5, 2, 5], "texture": "#2"},
				"down": {"uv": [0, 2.5, 2, 5], "texture": "#2"}
			}
		},
		{
			"from": [15.14576, 3.10985, 11.03026],
			"to": [16.12076, 4.50985, 12.43026],
			"rotation": {"angle": 0, "axis": "y", "origin": [11.9, 8, 9.25]},
			"faces": {
				"north": {"uv": [2, 2.5, 0, 5], "texture": "#2"},
				"east": {"uv": [16, 0, 14, 2], "texture": "#2"},
				"south": {"uv": [2, 2.5, 0, 5], "texture": "#2"},
				"west": {"uv": [16, 0, 14, 2], "texture": "#2"},
				"up": {"uv": [2, 2.5, 0, 5], "texture": "#2"},
				"down": {"uv": [2, 2.5, 0, 5], "texture": "#2"}
			}
		},
		{
			"from": [-0.12076, 15.20985, 11.03026],
			"to": [0.85424, 16.60985, 12.43026],
			"rotation": {"angle": 0, "axis": "y", "origin": [4.1, 8, 9.25]},
			"faces": {
				"north": {"uv": [0, 2.5, 2, 5], "texture": "#2"},
				"east": {"uv": [14, 0, 16, 2], "texture": "#2"},
				"south": {"uv": [0, 2.5, 2, 5], "texture": "#2"},
				"west": {"uv": [14, 0, 16, 2], "texture": "#2"},
				"up": {"uv": [0, 2.5, 2, 5], "texture": "#2"},
				"down": {"uv": [0, 2.5, 2, 5], "texture": "#2"}
			}
		},
		{
			"from": [15.14576, 15.20985, 10.53026],
			"to": [16.12076, 16.60985, 11.93026],
			"rotation": {"angle": 0, "axis": "y", "origin": [11.9, 8, 8.75]},
			"faces": {
				"north": {"uv": [2, 2.5, 0, 5], "texture": "#2"},
				"east": {"uv": [16, 0, 14, 2], "texture": "#2"},
				"south": {"uv": [2, 2.5, 0, 5], "texture": "#2"},
				"west": {"uv": [16, 0, 14, 2], "texture": "#2"},
				"up": {"uv": [2, 2.5, 0, 5], "texture": "#2"},
				"down": {"uv": [2, 2.5, 0, 5], "texture": "#2"}
			}
		},
		{
			"from": [-0.12076, 7.60985, 11.08026],
			"to": [0.85424, 9.00985, 12.48026],
			"rotation": {"angle": 0, "axis": "y", "origin": [4.1, 0.4, 9.3]},
			"faces": {
				"north": {"uv": [0, 2.5, 2, 5], "texture": "#2"},
				"east": {"uv": [14, 0, 16, 2], "texture": "#2"},
				"south": {"uv": [0, 2.5, 2, 5], "texture": "#2"},
				"west": {"uv": [14, 0, 16, 2], "texture": "#2"},
				"up": {"uv": [0, 2.5, 2, 5], "texture": "#2"},
				"down": {"uv": [0, 2.5, 2, 5], "texture": "#2"}
			}
		},
		{
			"from": [15.14576, 7.60985, 11.08026],
			"to": [16.12076, 9.00985, 12.48026],
			"rotation": {"angle": 0, "axis": "y", "origin": [11.9, 0.4, 9.3]},
			"faces": {
				"north": {"uv": [2, 2.5, 0, 5], "texture": "#2"},
				"east": {"uv": [16, 0, 14, 2], "texture": "#2"},
				"south": {"uv": [2, 2.5, 0, 5], "texture": "#2"},
				"west": {"uv": [16, 0, 14, 2], "texture": "#2"},
				"up": {"uv": [2, 2.5, 0, 5], "texture": "#2"},
				"down": {"uv": [2, 2.5, 0, 5], "texture": "#2"}
			}
		},
		{
			"from": [-0.10433, 15.34497, 5.39598],
			"to": [0.84567, 16.54497, 11.34598],
			"rotation": {"angle": 0, "axis": "y", "origin": [4.1, 8, 9]},
			"faces": {
				"north": {"uv": [2, 0, 3.2, 5.95], "rotation": 270, "texture": "#2"},
				"east": {"uv": [2, 0, 3.2, 5.95], "rotation": 270, "texture": "#2"},
				"south": {"uv": [2, 0, 3.2, 5.95], "rotation": 270, "texture": "#2"},
				"west": {"uv": [2, 0, 3.2, 5.95], "rotation": 90, "texture": "#2"},
				"up": {"uv": [2, 0, 3.2, 5.95], "rotation": 180, "texture": "#2"},
				"down": {"uv": [2, 0, 2.95, 5.95], "rotation": 180, "texture": "#2"}
			}
		},
		{
			"from": [15.15433, 15.34497, 5.39598],
			"to": [16.10433, 16.54497, 11.34598],
			"rotation": {"angle": 0, "axis": "y", "origin": [11.9, 8, 9]},
			"faces": {
				"north": {"uv": [2, 5.95, 3.2, 0], "rotation": 270, "texture": "#2"},
				"east": {"uv": [2, 5.95, 3.2, 0], "rotation": 90, "texture": "#2"},
				"south": {"uv": [2, 5.95, 3.2, 0], "rotation": 270, "texture": "#2"},
				"west": {"uv": [2, 5.95, 3.2, 0], "rotation": 270, "texture": "#2"},
				"up": {"uv": [3.2, 0, 2, 5.95], "rotation": 180, "texture": "#2"},
				"down": {"uv": [2.95, 0, 2, 5.95], "rotation": 180, "texture": "#2"}
			}
		},
		{
			"from": [-0.12076, 15.20985, 4.18026],
			"to": [0.85424, 16.60985, 5.58026],
			"rotation": {"angle": 0, "axis": "y", "origin": [4.1, 8, 8]},
			"faces": {
				"north": {"uv": [0, 2.5, 2, 5], "texture": "#2"},
				"east": {"uv": [14, 0, 16, 2], "texture": "#2"},
				"south": {"uv": [0, 2.5, 2, 5], "texture": "#2"},
				"west": {"uv": [14, 0, 16, 2], "texture": "#2"},
				"up": {"uv": [0, 2.5, 2, 5], "texture": "#2"},
				"down": {"uv": [0, 2.5, 2, 5], "texture": "#2"}
			}
		},
		{
			"from": [15.14576, 15.20985, 4.18026],
			"to": [16.12076, 16.60985, 5.58026],
			"rotation": {"angle": 0, "axis": "y", "origin": [11.9, 8, 8]},
			"faces": {
				"north": {"uv": [2, 2.5, 0, 5], "texture": "#2"},
				"east": {"uv": [16, 0, 14, 2], "texture": "#2"},
				"south": {"uv": [2, 2.5, 0, 5], "texture": "#2"},
				"west": {"uv": [16, 0, 14, 2], "texture": "#2"},
				"up": {"uv": [2, 2.5, 0, 5], "texture": "#2"},
				"down": {"uv": [2, 2.5, 0, 5], "texture": "#2"}
			}
		},
		{
			"from": [0.44576, 15.30985, 4.28026],
			"to": [8.07076, 16.50985, 5.48026],
			"faces": {
				"north": {"uv": [2, 0, 4, 8], "rotation": 90, "texture": "#2"},
				"east": {"uv": [2, 0, 4, 8], "rotation": 90, "texture": "#2"},
				"south": {"uv": [2, 0, 4, 8], "rotation": 90, "texture": "#2"},
				"west": {"uv": [2, 0, 4, 8], "rotation": 90, "texture": "#2"},
				"up": {"uv": [2, 0, 4, 8], "rotation": 90, "texture": "#2"},
				"down": {"uv": [2, 0, 4, 8], "rotation": 90, "texture": "#2"}
			}
		},
		{
			"from": [7.92924, 15.30985, 4.28026],
			"to": [15.55424, 16.50985, 5.48026],
			"faces": {
				"north": {"uv": [2, 8, 4, 0], "rotation": 90, "texture": "#2"},
				"east": {"uv": [2, 8, 4, 0], "rotation": 90, "texture": "#2"},
				"south": {"uv": [2, 8, 4, 0], "rotation": 90, "texture": "#2"},
				"west": {"uv": [2, 8, 4, 0], "rotation": 90, "texture": "#2"},
				"up": {"uv": [2, 8, 4, 0], "rotation": 90, "texture": "#2"},
				"down": {"uv": [2, 8, 4, 0], "rotation": 90, "texture": "#2"}
			}
		},
		{
			"from": [4.91998, 3.33338, 10.50801],
			"to": [11.07998, 8.01338, 18.95801],
			"faces": {
				"north": {"uv": [8, 0, 12, 2.5], "rotation": 180, "texture": "#2"},
				"east": {"uv": [8, 0, 12, 2.5], "rotation": 180, "texture": "#2"},
				"south": {"uv": [8, 0, 12, 2.5], "rotation": 180, "texture": "#2"},
				"west": {"uv": [8, 0, 12, 2.5], "rotation": 180, "texture": "#2"},
				"up": {"uv": [8, 0, 12, 2.5], "texture": "#2"},
				"down": {"uv": [8, 0, 12, 2.5], "texture": "#2"}
			}
		},
		{
			"from": [5.66998, 6.63338, 17.25801],
			"to": [10.32998, 7.81338, 18.45801],
			"rotation": {"angle": 0, "axis": "y", "origin": [8, 8, 10]},
			"faces": {
				"north": {"uv": [8, 0, 12, 2.5], "rotation": 180, "texture": "#2"},
				"east": {"uv": [10.75, 0, 11.95, 1.18], "rotation": 180, "texture": "#2"},
				"south": {"uv": [8, 0, 12, 2.5], "rotation": 180, "texture": "#2"},
				"west": {"uv": [8, 0, 9.2, 1.18], "rotation": 180, "texture": "#2"},
				"up": {"uv": [8, 0, 12, 2.5], "rotation": 180, "texture": "#2"},
				"down": {"uv": [8, 0, 12, 2.5], "rotation": 180, "texture": "#2"}
			}
		},
		{
			"from": [0.5, 4.25, 11.8],
			"to": [8, 10.68, 12.25],
			"rotation": {"angle": 0, "axis": "y", "origin": [4.75, 8, 9.25]},
			"faces": {
				"north": {"uv": [0, 8, 8, 16], "rotation": 180, "texture": "#2"},
				"east": {"uv": [0, 8, 8, 16], "rotation": 180, "texture": "#2"},
				"south": {"uv": [0, 8, 8, 16], "rotation": 180, "texture": "#2"},
				"west": {"uv": [0, 8, 8, 16], "rotation": 180, "texture": "#2"},
				"up": {"uv": [0, 8, 8, 16], "rotation": 180, "texture": "#2"},
				"down": {"uv": [0, 8, 8, 16], "rotation": 180, "texture": "#2"}
			}
		},
		{
			"from": [8, 4.25, 11.8],
			"to": [15.5, 10.68, 12.25],
			"rotation": {"angle": 0, "axis": "y", "origin": [12.25, 8, 9.25]},
			"faces": {
				"north": {"uv": [0, 8, 8, 16], "rotation": 180, "texture": "#2"},
				"east": {"uv": [0, 8, 8, 16], "rotation": 180, "texture": "#2"},
				"south": {"uv": [0, 8, 8, 16], "rotation": 180, "texture": "#2"},
				"west": {"uv": [0, 8, 8, 16], "rotation": 180, "texture": "#2"},
				"up": {"uv": [0, 8, 8, 16], "rotation": 180, "texture": "#2"},
				"down": {"uv": [0, 8, 8, 16], "rotation": 180, "texture": "#2"}
			}
		},
		{
			"from": [2, 8.25, 3.55],
			"to": [2.7, 10.25, 4.25],
			"rotation": {"angle": -22.5, "axis": "x", "origin": [4, 9.5, 3.5]},
			"faces": {
				"north": {"uv": [10.75, 6.5, 8.75, 8], "texture": "#2"},
				"east": {"uv": [10.75, 6.5, 8.75, 8], "texture": "#2"},
				"south": {"uv": [10.75, 6.5, 8.75, 8], "texture": "#2"},
				"west": {"uv": [10.75, 6.5, 8.75, 8], "texture": "#2"},
				"up": {"uv": [10.75, 6.5, 8.75, 8], "texture": "#2"},
				"down": {"uv": [10.75, 6.5, 8.75, 8], "texture": "#2"}
			}
		},
		{
			"from": [2.5, 8.5, 3.65],
			"to": [5.5, 9.5, 4.15],
			"rotation": {"angle": -22.5, "axis": "x", "origin": [4, 9.5, 3.5]},
			"faces": {
				"north": {"uv": [12, 5.5, 8, 8], "texture": "#2"},
				"east": {"uv": [12, 5.5, 8, 8], "texture": "#2"},
				"south": {"uv": [12, 5.5, 8, 8], "texture": "#2"},
				"west": {"uv": [12, 5.5, 8, 8], "texture": "#2"},
				"up": {"uv": [12, 5.5, 8, 8], "texture": "#2"},
				"down": {"uv": [12, 5.5, 8, 8], "texture": "#2"}
			}
		},
		{
			"from": [3.6, 8.6, 1.95],
			"to": [4.4, 9.4, 4.2],
			"rotation": {"angle": -22.5, "axis": "x", "origin": [4, 9.5, 3.5]},
			"faces": {
				"north": {"uv": [10, 9.5, 12, 14.75], "texture": "#2"},
				"east": {"uv": [10, 9.5, 12, 14.75], "rotation": 90, "texture": "#2"},
				"south": {"uv": [14, 0, 16, 2], "texture": "#2"},
				"west": {"uv": [10, 9.5, 12, 14.75], "rotation": 90, "texture": "#2"},
				"up": {"uv": [10, 9.5, 12, 14.75], "texture": "#2"},
				"down": {"uv": [10, 9.5, 12, 14.75], "texture": "#2"}
			}
		},
		{
			"from": [1.975, 8.225, 3.525],
			"to": [2.45, 10.275, 4.275],
			"rotation": {"angle": -22.5, "axis": "x", "origin": [4, 9.5, 3.5]},
			"faces": {
				"north": {"uv": [12, 8, 13.5, 16], "texture": "#2"},
				"east": {"uv": [12, 8, 13.5, 16], "texture": "#2"},
				"south": {"uv": [12, 8, 13.5, 16], "texture": "#2"},
				"west": {"uv": [12, 8, 13.5, 16], "texture": "#2"},
				"up": {"uv": [12, 8, 13.5, 16], "texture": "#2"},
				"down": {"uv": [12, 8, 13.5, 16], "texture": "#2"}
			}
		},
		{
			"from": [5.3, 8.25, 3.55],
			"to": [6, 10.25, 4.25],
			"rotation": {"angle": -22.5, "axis": "x", "origin": [4, 9.5, 3.5]},
			"faces": {
				"north": {"uv": [10.75, 6.5, 8.75, 8], "texture": "#2"},
				"east": {"uv": [10.75, 6.5, 8.75, 8], "texture": "#2"},
				"south": {"uv": [10.75, 6.5, 8.75, 8], "texture": "#2"},
				"west": {"uv": [10.75, 6.5, 8.75, 8], "texture": "#2"},
				"up": {"uv": [10.75, 6.5, 8.75, 8], "texture": "#2"},
				"down": {"uv": [10.75, 6.5, 8.75, 8], "texture": "#2"}
			}
		},
		{
			"from": [5.55, 8.225, 3.525],
			"to": [6.025, 10.275, 4.275],
			"rotation": {"angle": -22.5, "axis": "x", "origin": [4, 9.5, 3.5]},
			"faces": {
				"north": {"uv": [12, 8, 13.5, 16], "texture": "#2"},
				"east": {"uv": [12, 8, 13.5, 16], "texture": "#2"},
				"south": {"uv": [12, 8, 13.5, 16], "texture": "#2"},
				"west": {"uv": [12, 8, 13.5, 16], "texture": "#2"},
				"up": {"uv": [12, 8, 13.5, 16], "texture": "#2"},
				"down": {"uv": [12, 8, 13.5, 16], "texture": "#2"}
			}
		},
		{
			"from": [2.40901, 1.05546, -2.25],
			"to": [3.65901, 2.80546, -1],
			"rotation": {"angle": 0, "axis": "y", "origin": [7, 8, 8]},
			"faces": {
				"north": {"uv": [8, 5.5, 12.014, 8.014], "texture": "#2"},
				"east": {"uv": [8, 5.5, 12.014, 8.014], "texture": "#2"},
				"south": {"uv": [8, 5.5, 12.014, 8.014], "texture": "#2"},
				"west": {"uv": [8, 5.5, 12.014, 8.014], "texture": "#2"},
				"up": {"uv": [8, 5.5, 12.014, 8.014], "texture": "#2"},
				"down": {"uv": [8, 5.5, 12.014, 8.014], "texture": "#2"}
			}
		},
		{
			"from": [2.25, 2.85, -2.15],
			"to": [4.75, 3.9, -1.1],
			"rotation": {"angle": 45, "axis": "z", "origin": [4.875, 3.625, -1.5]},
			"faces": {
				"north": {"uv": [11.5, 8.5, 10.5, 15.5], "rotation": 90, "texture": "#2"},
				"east": {"uv": [11.5, 8.5, 10.5, 15.5], "rotation": 90, "texture": "#2"},
				"south": {"uv": [11.5, 8.5, 10.5, 15.5], "rotation": 90, "texture": "#2"},
				"west": {"uv": [11.5, 8.5, 10.5, 15.5], "rotation": 90, "texture": "#2"},
				"up": {"uv": [11.5, 8.5, 10.5, 15.5], "rotation": 90, "texture": "#2"},
				"down": {"uv": [11.5, 8.5, 10.5, 15.5], "rotation": 90, "texture": "#2"}
			}
		},
		{
			"from": [4.5, 2.75, -2.25],
			"to": [5.75, 4, -1],
			"rotation": {"angle": 45, "axis": "z", "origin": [4.875, 3.625, -1.5]},
			"faces": {
				"north": {"uv": [14, 0, 16, 2], "rotation": 90, "texture": "#2"},
				"east": {"uv": [10, 10.75, 12, 13], "rotation": 90, "texture": "#2"},
				"south": {"uv": [14, 0, 16, 2], "rotation": 90, "texture": "#2"},
				"west": {"uv": [10, 10.75, 12, 13], "texture": "#2"},
				"up": {"uv": [10, 10.75, 12, 13], "rotation": 90, "texture": "#2"},
				"down": {"uv": [10, 10.75, 12, 13], "rotation": 90, "texture": "#2"}
			}
		},
		{
			"from": [2.83632, 6.95915, -2],
			"to": [3.58632, 7.70915, -1.25],
			"rotation": {"angle": -22.5, "axis": "z", "origin": [3.21132, 3.33415, -1.625]},
			"faces": {
				"north": {"uv": [14, 0, 16, 2], "rotation": 90, "texture": "#2"},
				"east": {"uv": [10, 10.75, 12, 13], "rotation": 90, "texture": "#2"},
				"south": {"uv": [14, 0, 16, 2], "rotation": 90, "texture": "#2"},
				"west": {"uv": [10, 10.75, 12, 13], "rotation": 90, "texture": "#2"},
				"up": {"uv": [10, 10.75, 12, 13], "rotation": 90, "texture": "#2"},
				"down": {"uv": [10, 10.75, 12, 13], "rotation": 90, "texture": "#2"}
			}
		},
		{
			"from": [2.83632, 3.70915, -2],
			"to": [3.58632, 5.95915, -1.25],
			"rotation": {"angle": -22.5, "axis": "z", "origin": [3.21132, 3.33415, -1.625]},
			"faces": {
				"north": {"uv": [0, 2.5, 2, 5.5], "rotation": 90, "texture": "#2"},
				"east": {"uv": [0, 2.5, 2, 5.5], "rotation": 90, "texture": "#2"},
				"south": {"uv": [0, 2.5, 2, 5.5], "rotation": 90, "texture": "#2"},
				"west": {"uv": [0, 2.5, 2, 5.5], "rotation": 90, "texture": "#2"},
				"up": {"uv": [12, 0, 14, 2], "rotation": 90, "texture": "#2"},
				"down": {"uv": [12, 0, 14, 2], "rotation": 90, "texture": "#2"}
			}
		},
		{
			"from": [2.93632, 2.45915, -1.9],
			"to": [3.48632, 7.45915, -1.35],
			"rotation": {"angle": -22.5, "axis": "z", "origin": [3.21132, 3.33415, -1.625]},
			"faces": {
				"north": {"uv": [11.5, 8.5, 10.5, 15.5], "texture": "#2"},
				"east": {"uv": [11.5, 8.5, 10.5, 15.5], "texture": "#2"},
				"south": {"uv": [11.5, 8.5, 10.5, 15.5], "texture": "#2"},
				"west": {"uv": [11.5, 8.5, 10.5, 15.5], "texture": "#2"},
				"up": {"uv": [11.5, 8.5, 10.5, 15.5], "texture": "#2"},
				"down": {"uv": [11.5, 8.5, 10.5, 15.5], "texture": "#2"}
			}
		},
		{
			"from": [12.34099, 1.05546, -2.25],
			"to": [13.59099, 2.80546, -1],
			"rotation": {"angle": 0, "axis": "y", "origin": [9, 8, 8]},
			"faces": {
				"north": {"uv": [8, 5.5, 12.014, 8.014], "texture": "#2"},
				"east": {"uv": [8, 5.5, 12.014, 8.014], "texture": "#2"},
				"south": {"uv": [8, 5.5, 12.014, 8.014], "texture": "#2"},
				"west": {"uv": [8, 5.5, 12.014, 8.014], "texture": "#2"},
				"up": {"uv": [8, 5.5, 12.014, 8.014], "texture": "#2"},
				"down": {"uv": [8, 5.5, 12.014, 8.014], "texture": "#2"}
			}
		},
		{
			"from": [11.25, 2.85, -2.15],
			"to": [13.75, 3.9, -1.1],
			"rotation": {"angle": -45, "axis": "z", "origin": [11.125, 3.625, -1.5]},
			"faces": {
				"north": {"uv": [11.5, 8.5, 10.5, 15.5], "rotation": 90, "texture": "#2"},
				"east": {"uv": [11.5, 8.5, 10.5, 15.5], "rotation": 90, "texture": "#2"},
				"south": {"uv": [11.5, 8.5, 10.5, 15.5], "rotation": 90, "texture": "#2"},
				"west": {"uv": [11.5, 8.5, 10.5, 15.5], "rotation": 90, "texture": "#2"},
				"up": {"uv": [11.5, 8.5, 10.5, 15.5], "rotation": 90, "texture": "#2"},
				"down": {"uv": [11.5, 8.5, 10.5, 15.5], "rotation": 90, "texture": "#2"}
			}
		},
		{
			"from": [10.25, 2.75, -2.25],
			"to": [11.5, 4, -1],
			"rotation": {"angle": -45, "axis": "z", "origin": [11.125, 3.625, -1.5]},
			"faces": {
				"north": {"uv": [14, 0, 16, 2], "rotation": 90, "texture": "#2"},
				"east": {"uv": [10, 10.75, 12, 13], "rotation": 90, "texture": "#2"},
				"south": {"uv": [14, 0, 16, 2], "rotation": 90, "texture": "#2"},
				"west": {"uv": [10, 10.75, 12, 13], "rotation": 90, "texture": "#2"},
				"up": {"uv": [10, 10.75, 12, 13], "rotation": 90, "texture": "#2"},
				"down": {"uv": [10, 10.75, 12, 13], "rotation": 90, "texture": "#2"}
			}
		},
		{
			"from": [12.41368, 6.95915, -2],
			"to": [13.16368, 7.70915, -1.25],
			"rotation": {"angle": 22.5, "axis": "z", "origin": [12.78868, 3.33415, -1.625]},
			"faces": {
				"north": {"uv": [14, 0, 16, 2], "rotation": 90, "texture": "#2"},
				"east": {"uv": [10, 10.75, 12, 13], "rotation": 90, "texture": "#2"},
				"south": {"uv": [14, 0, 16, 2], "rotation": 90, "texture": "#2"},
				"west": {"uv": [10, 10.75, 12, 13], "rotation": 90, "texture": "#2"},
				"up": {"uv": [10, 10.75, 12, 13], "rotation": 90, "texture": "#2"},
				"down": {"uv": [10, 10.75, 12, 13], "rotation": 90, "texture": "#2"}
			}
		},
		{
			"from": [12.41368, 3.70915, -2],
			"to": [13.16368, 5.95915, -1.25],
			"rotation": {"angle": 22.5, "axis": "z", "origin": [12.78868, 3.33415, -1.625]},
			"faces": {
				"north": {"uv": [0, 2.5, 2, 5.5], "rotation": 90, "texture": "#2"},
				"east": {"uv": [0, 2.5, 2, 5.5], "rotation": 90, "texture": "#2"},
				"south": {"uv": [0, 2.5, 2, 5.5], "rotation": 90, "texture": "#2"},
				"west": {"uv": [0, 2.5, 2, 5.5], "rotation": 90, "texture": "#2"},
				"up": {"uv": [12, 0, 14, 2], "rotation": 90, "texture": "#2"},
				"down": {"uv": [12, 0, 14, 2], "rotation": 90, "texture": "#2"}
			}
		},
		{
			"from": [12.51368, 2.45915, -1.9],
			"to": [13.06368, 7.45915, -1.35],
			"rotation": {"angle": 22.5, "axis": "z", "origin": [12.78868, 3.33415, -1.625]},
			"faces": {
				"north": {"uv": [11.5, 8.5, 10.5, 15.5], "texture": "#2"},
				"east": {"uv": [11.5, 8.5, 10.5, 15.5], "texture": "#2"},
				"south": {"uv": [11.5, 8.5, 10.5, 15.5], "texture": "#2"},
				"west": {"uv": [11.5, 8.5, 10.5, 15.5], "texture": "#2"},
				"up": {"uv": [11.5, 8.5, 10.5, 15.5], "texture": "#2"},
				"down": {"uv": [11.5, 8.5, 10.5, 15.5], "texture": "#2"}
			}
		},
		{
			"from": [2.40901, 1.05546, 15.25],
			"to": [3.65901, 2.80546, 16.5],
			"rotation": {"angle": 0, "axis": "y", "origin": [7, 8, 8]},
			"faces": {
				"north": {"uv": [8, 5.5, 12.014, 8.014], "texture": "#2"},
				"east": {"uv": [8, 5.5, 12.014, 8.014], "texture": "#2"},
				"south": {"uv": [8, 5.5, 12.014, 8.014], "texture": "#2"},
				"west": {"uv": [8, 5.5, 12.014, 8.014], "texture": "#2"},
				"up": {"uv": [8, 5.5, 12.014, 8.014], "texture": "#2"},
				"down": {"uv": [8, 5.5, 12.014, 8.014], "texture": "#2"}
			}
		},
		{
			"from": [2.25, 2.85, 15.35],
			"to": [4.75, 3.9, 16.4],
			"rotation": {"angle": 45, "axis": "z", "origin": [4.875, 3.625, 16]},
			"faces": {
				"north": {"uv": [11.5, 8.5, 10.5, 15.5], "rotation": 90, "texture": "#2"},
				"east": {"uv": [11.5, 8.5, 10.5, 15.5], "rotation": 90, "texture": "#2"},
				"south": {"uv": [11.5, 8.5, 10.5, 15.5], "rotation": 90, "texture": "#2"},
				"west": {"uv": [11.5, 8.5, 10.5, 15.5], "rotation": 90, "texture": "#2"},
				"up": {"uv": [11.5, 8.5, 10.5, 15.5], "rotation": 90, "texture": "#2"},
				"down": {"uv": [11.5, 8.5, 10.5, 15.5], "rotation": 90, "texture": "#2"}
			}
		},
		{
			"from": [4.5, 2.75, 15.25],
			"to": [5.75, 4, 16.5],
			"rotation": {"angle": 45, "axis": "z", "origin": [4.875, 3.625, 16]},
			"faces": {
				"north": {"uv": [14, 0, 16, 2], "rotation": 90, "texture": "#2"},
				"east": {"uv": [10, 10.75, 12, 13], "rotation": 90, "texture": "#2"},
				"south": {"uv": [14, 0, 16, 2], "rotation": 90, "texture": "#2"},
				"west": {"uv": [10, 10.75, 12, 13], "texture": "#2"},
				"up": {"uv": [10, 10.75, 12, 13], "rotation": 90, "texture": "#2"},
				"down": {"uv": [10, 10.75, 12, 13], "rotation": 90, "texture": "#2"}
			}
		},
		{
			"from": [2.83632, 6.95915, 15.5],
			"to": [3.58632, 7.70915, 16.25],
			"rotation": {"angle": -22.5, "axis": "z", "origin": [3.21132, 3.33415, 15.875]},
			"faces": {
				"north": {"uv": [14, 0, 16, 2], "rotation": 90, "texture": "#2"},
				"east": {"uv": [10, 10.75, 12, 13], "rotation": 90, "texture": "#2"},
				"south": {"uv": [14, 0, 16, 2], "rotation": 90, "texture": "#2"},
				"west": {"uv": [10, 10.75, 12, 13], "texture": "#2"},
				"up": {"uv": [10, 10.75, 12, 13], "rotation": 90, "texture": "#2"},
				"down": {"uv": [10, 10.75, 12, 13], "rotation": 90, "texture": "#2"}
			}
		},
		{
			"from": [2.83632, 3.70915, 15.5],
			"to": [3.58632, 5.95915, 16.25],
			"rotation": {"angle": -22.5, "axis": "z", "origin": [3.21132, 3.33415, 15.875]},
			"faces": {
				"north": {"uv": [0, 2.5, 2, 5.5], "rotation": 90, "texture": "#2"},
				"east": {"uv": [0, 2.5, 2, 5.5], "rotation": 90, "texture": "#2"},
				"south": {"uv": [0, 2.5, 2, 5.5], "rotation": 90, "texture": "#2"},
				"west": {"uv": [0, 2.5, 2, 5.5], "rotation": 90, "texture": "#2"},
				"up": {"uv": [12, 0, 14, 2], "rotation": 90, "texture": "#2"},
				"down": {"uv": [12, 0, 14, 2], "rotation": 90, "texture": "#2"}
			}
		},
		{
			"from": [2.93632, 2.45915, 15.6],
			"to": [3.48632, 7.45915, 16.15],
			"rotation": {"angle": -22.5, "axis": "z", "origin": [3.21132, 3.33415, 15.875]},
			"faces": {
				"north": {"uv": [11.5, 8.5, 10.5, 15.5], "texture": "#2"},
				"east": {"uv": [11.5, 8.5, 10.5, 15.5], "texture": "#2"},
				"south": {"uv": [11.5, 8.5, 10.5, 15.5], "texture": "#2"},
				"west": {"uv": [11.5, 8.5, 10.5, 15.5], "texture": "#2"},
				"up": {"uv": [11.5, 8.5, 10.5, 15.5], "texture": "#2"},
				"down": {"uv": [11.5, 8.5, 10.5, 15.5], "texture": "#2"}
			}
		},
		{
			"from": [12.34099, 1.05546, 15.25],
			"to": [13.59099, 2.80546, 16.5],
			"rotation": {"angle": 0, "axis": "y", "origin": [9, 8, 8]},
			"faces": {
				"north": {"uv": [8, 5.5, 12.014, 8.014], "texture": "#2"},
				"east": {"uv": [8, 5.5, 12.014, 8.014], "texture": "#2"},
				"south": {"uv": [8, 5.5, 12.014, 8.014], "texture": "#2"},
				"west": {"uv": [8, 5.5, 12.014, 8.014], "texture": "#2"},
				"up": {"uv": [8, 5.5, 12.014, 8.014], "texture": "#2"},
				"down": {"uv": [8, 5.5, 12.014, 8.014], "texture": "#2"}
			}
		},
		{
			"from": [11.25, 2.85, 15.35],
			"to": [13.75, 3.9, 16.4],
			"rotation": {"angle": -45, "axis": "z", "origin": [11.125, 3.625, 16]},
			"faces": {
				"north": {"uv": [11.5, 8.5, 10.5, 15.5], "rotation": 90, "texture": "#2"},
				"east": {"uv": [11.5, 8.5, 10.5, 15.5], "rotation": 90, "texture": "#2"},
				"south": {"uv": [11.5, 8.5, 10.5, 15.5], "rotation": 90, "texture": "#2"},
				"west": {"uv": [11.5, 8.5, 10.5, 15.5], "rotation": 90, "texture": "#2"},
				"up": {"uv": [11.5, 8.5, 10.5, 15.5], "rotation": 90, "texture": "#2"},
				"down": {"uv": [11.5, 8.5, 10.5, 15.5], "rotation": 90, "texture": "#2"}
			}
		},
		{
			"from": [10.25, 2.75, 15.25],
			"to": [11.5, 4, 16.5],
			"rotation": {"angle": -45, "axis": "z", "origin": [11.125, 3.625, 16]},
			"faces": {
				"north": {"uv": [14, 0, 16, 2], "rotation": 90, "texture": "#2"},
				"east": {"uv": [10, 10.75, 12, 13], "texture": "#2"},
				"south": {"uv": [14, 0, 16, 2], "rotation": 90, "texture": "#2"},
				"west": {"uv": [10, 10.75, 12, 13], "rotation": 90, "texture": "#2"},
				"up": {"uv": [10, 10.75, 12, 13], "rotation": 90, "texture": "#2"},
				"down": {"uv": [10, 10.75, 12, 13], "rotation": 90, "texture": "#2"}
			}
		},
		{
			"from": [12.41368, 6.95915, 15.5],
			"to": [13.16368, 7.70915, 16.25],
			"rotation": {"angle": 22.5, "axis": "z", "origin": [12.78868, 3.33415, 15.875]},
			"faces": {
				"north": {"uv": [14, 0, 16, 2], "rotation": 90, "texture": "#2"},
				"east": {"uv": [10, 10.75, 12, 13], "texture": "#2"},
				"south": {"uv": [14, 0, 16, 2], "rotation": 90, "texture": "#2"},
				"west": {"uv": [10, 10.75, 12, 13], "rotation": 90, "texture": "#2"},
				"up": {"uv": [10, 10.75, 12, 13], "rotation": 90, "texture": "#2"},
				"down": {"uv": [10, 10.75, 12, 13], "rotation": 90, "texture": "#2"}
			}
		},
		{
			"from": [12.41368, 3.70915, 15.5],
			"to": [13.16368, 5.95915, 16.25],
			"rotation": {"angle": 22.5, "axis": "z", "origin": [12.78868, 3.33415, 15.875]},
			"faces": {
				"north": {"uv": [0, 2.5, 2, 5.5], "rotation": 90, "texture": "#2"},
				"east": {"uv": [0, 2.5, 2, 5.5], "rotation": 90, "texture": "#2"},
				"south": {"uv": [0, 2.5, 2, 5.5], "rotation": 90, "texture": "#2"},
				"west": {"uv": [0, 2.5, 2, 5.5], "rotation": 90, "texture": "#2"},
				"up": {"uv": [12, 0, 14, 2], "rotation": 90, "texture": "#2"},
				"down": {"uv": [12, 0, 14, 2], "rotation": 90, "texture": "#2"}
			}
		},
		{
			"from": [12.51368, 2.45915, 15.6],
			"to": [13.06368, 7.45915, 16.15],
			"rotation": {"angle": 22.5, "axis": "z", "origin": [12.78868, 3.33415, 15.875]},
			"faces": {
				"north": {"uv": [11.5, 8.5, 10.5, 15.5], "texture": "#2"},
				"east": {"uv": [11.5, 8.5, 10.5, 15.5], "texture": "#2"},
				"south": {"uv": [11.5, 8.5, 10.5, 15.5], "texture": "#2"},
				"west": {"uv": [11.5, 8.5, 10.5, 15.5], "texture": "#2"},
				"up": {"uv": [11.5, 8.5, 10.5, 15.5], "texture": "#2"},
				"down": {"uv": [11.5, 8.5, 10.5, 15.5], "texture": "#2"}
			}
		},
		{
			"from": [-0.00002, 8.47338, 11.58801],
			"to": [0.74998, 11.75338, 19.75801],
			"rotation": {"angle": 0, "axis": "y", "origin": [4.1, 8, 8]},
			"faces": {
				"north": {"uv": [0.5, 11.5, 8, 8], "rotation": 180, "texture": "#2"},
				"east": {"uv": [0, 11.5, 7.5, 8], "rotation": 180, "texture": "#2"},
				"south": {"uv": [0.5, 11.5, 8, 8], "rotation": 180, "texture": "#2"},
				"west": {"uv": [0.5, 11.5, 8, 8], "rotation": 180, "texture": "#2"},
				"up": {"uv": [0.5, 11.5, 8, 8], "rotation": 180, "texture": "#2"},
				"down": {"uv": [0.5, 11.5, 8, 8], "rotation": 180, "texture": "#2"}
			}
		},
		{
			"from": [15.25002, 8.47338, 11.58801],
			"to": [16.00002, 11.75338, 19.75801],
			"rotation": {"angle": 0, "axis": "y", "origin": [11.9, 8, 8]},
			"faces": {
				"north": {"uv": [8, 11.5, 0.5, 8], "rotation": 180, "texture": "#2"},
				"east": {"uv": [8, 11.5, 0.5, 8], "rotation": 180, "texture": "#2"},
				"south": {"uv": [8, 11.5, 0.5, 8], "rotation": 180, "texture": "#2"},
				"west": {"uv": [7.5, 11.5, 0, 8], "rotation": 180, "texture": "#2"},
				"up": {"uv": [8, 11.5, 0.5, 8], "rotation": 180, "texture": "#2"},
				"down": {"uv": [8, 11.5, 0.5, 8], "rotation": 180, "texture": "#2"}
			}
		},
		{
			"from": [-0.10001, 7.99156, 19.24263],
			"to": [0.84999, 11.74156, 20.44263],
			"rotation": {"angle": 22.5, "axis": "x", "origin": [8, 9.86656, 19.84263]},
			"faces": {
				"north": {"uv": [3.2, 0, 2, 3.25], "rotation": 180, "texture": "#2"},
				"east": {"uv": [3.2, 0, 2, 3.25], "rotation": 180, "texture": "#2"},
				"south": {"uv": [3.2, 0, 2, 3.25], "rotation": 180, "texture": "#2"},
				"west": {"uv": [3.2, 0, 2, 3.25], "texture": "#2"},
				"up": {"uv": [2, 3.25, 3.2, 0], "rotation": 180, "texture": "#2"},
				"down": {"uv": [2, 3.25, 3.2, 0], "rotation": 180, "texture": "#2"}
			}
		},
		{
			"from": [15.15001, 7.99156, 19.24263],
			"to": [16.10001, 11.74156, 20.44263],
			"rotation": {"angle": 22.5, "axis": "x", "origin": [8, 9.86656, 19.84263]},
			"faces": {
				"north": {"uv": [2, 0, 3.2, 3.25], "rotation": 180, "texture": "#2"},
				"east": {"uv": [2, 0, 3.2, 3.25], "texture": "#2"},
				"south": {"uv": [2, 0, 3.2, 3.25], "rotation": 180, "texture": "#2"},
				"west": {"uv": [2, 0, 3.2, 3.25], "rotation": 180, "texture": "#2"},
				"up": {"uv": [3.2, 3.25, 2, 0], "rotation": 180, "texture": "#2"},
				"down": {"uv": [3.2, 3.25, 2, 0], "rotation": 180, "texture": "#2"}
			}
		},
		{
			"from": [-0.10001, 12.25844, 18.39263],
			"to": [0.84999, 17.25844, 19.59263],
			"rotation": {"angle": -45, "axis": "x", "origin": [4.1, 14.13344, 19.84263]},
			"faces": {
				"north": {"uv": [3.2, 3.25, 2, 0], "rotation": 180, "texture": "#2"},
				"east": {"uv": [3.2, 3.25, 2, 0], "rotation": 180, "texture": "#2"},
				"south": {"uv": [3.2, 3.25, 2, 0], "rotation": 180, "texture": "#2"},
				"west": {"uv": [3.2, 3.25, 2, 0], "texture": "#2"},
				"up": {"uv": [2, 0, 3.2, 3.25], "rotation": 180, "texture": "#2"},
				"down": {"uv": [2, 0, 3.2, 3.25], "rotation": 180, "texture": "#2"}
			}
		},
		{
			"from": [15.15001, 12.25844, 18.39263],
			"to": [16.10001, 17.25844, 19.59263],
			"rotation": {"angle": -45, "axis": "x", "origin": [11.9, 14.13344, 19.84263]},
			"faces": {
				"north": {"uv": [2, 3.25, 3.2, 0], "rotation": 180, "texture": "#2"},
				"east": {"uv": [2, 3.25, 3.2, 0], "texture": "#2"},
				"south": {"uv": [2, 3.25, 3.2, 0], "rotation": 180, "texture": "#2"},
				"west": {"uv": [2, 3.25, 3.2, 0], "rotation": 180, "texture": "#2"},
				"up": {"uv": [3.2, 0, 2, 3.25], "rotation": 180, "texture": "#2"},
				"down": {"uv": [3.2, 0, 2, 3.25], "rotation": 180, "texture": "#2"}
			}
		},
		{
			"from": [-0.12076, 11.35985, 19.78026],
			"to": [0.85424, 12.75985, 21.18026],
			"rotation": {"angle": 0, "axis": "y", "origin": [4.1, 4.15, 18]},
			"faces": {
				"north": {"uv": [2, 2.5, 0, 5], "texture": "#2"},
				"east": {"uv": [16, 0, 14, 2], "texture": "#2"},
				"south": {"uv": [2, 2.5, 0, 5], "texture": "#2"},
				"west": {"uv": [16, 0, 14, 2], "texture": "#2"},
				"up": {"uv": [2, 2.5, 0, 5], "texture": "#2"},
				"down": {"uv": [2, 2.5, 0, 5], "texture": "#2"}
			}
		},
		{
			"from": [15.14576, 11.35985, 19.78026],
			"to": [16.12076, 12.75985, 21.18026],
			"rotation": {"angle": 0, "axis": "y", "origin": [11.9, 4.15, 18]},
			"faces": {
				"north": {"uv": [0, 2.5, 2, 5], "texture": "#2"},
				"east": {"uv": [14, 0, 16, 2], "texture": "#2"},
				"south": {"uv": [0, 2.5, 2, 5], "texture": "#2"},
				"west": {"uv": [14, 0, 16, 2], "texture": "#2"},
				"up": {"uv": [0, 2.5, 2, 5], "texture": "#2"},
				"down": {"uv": [0, 2.5, 2, 5], "texture": "#2"}
			}
		},
		{
			"from": [7.94576, 7.70985, 18.68026],
			"to": [15.57076, 8.90985, 19.88026],
			"rotation": {"angle": 0, "axis": "x", "origin": [8.00826, 8.30985, 19.28026]},
			"faces": {
				"north": {"uv": [2, 0, 4, 8], "rotation": 90, "texture": "#2"},
				"east": {"uv": [2, 0, 4, 8], "rotation": 90, "texture": "#2"},
				"south": {"uv": [2, 0, 4, 8], "rotation": 90, "texture": "#2"},
				"west": {"uv": [2, 0, 4, 8], "rotation": 90, "texture": "#2"},
				"up": {"uv": [2, 0, 4, 8], "rotation": 90, "texture": "#2"},
				"down": {"uv": [2, 0, 4, 8], "rotation": 90, "texture": "#2"}
			}
		},
		{
			"from": [0.42924, 7.70985, 18.68026],
			"to": [8.05424, 8.90985, 19.88026],
			"rotation": {"angle": 0, "axis": "x", "origin": [7.99174, 8.30985, 19.28026]},
			"faces": {
				"north": {"uv": [2, 8, 4, 0], "rotation": 90, "texture": "#2"},
				"east": {"uv": [2, 8, 4, 0], "rotation": 90, "texture": "#2"},
				"south": {"uv": [2, 8, 4, 0], "rotation": 90, "texture": "#2"},
				"west": {"uv": [2, 8, 4, 0], "rotation": 90, "texture": "#2"},
				"up": {"uv": [2, 8, 4, 0], "rotation": 90, "texture": "#2"},
				"down": {"uv": [2, 8, 4, 0], "rotation": 90, "texture": "#2"}
			}
		},
		{
			"from": [-0.12076, 7.60985, 18.53026],
			"to": [0.85424, 9.00985, 19.93026],
			"rotation": {"angle": 0, "axis": "x", "origin": [4.1, 0.4, 16.75]},
			"faces": {
				"north": {"uv": [0, 2.5, 2, 5], "texture": "#2"},
				"east": {"uv": [14, 0, 16, 2], "texture": "#2"},
				"south": {"uv": [0, 2.5, 2, 5], "texture": "#2"},
				"west": {"uv": [14, 0, 16, 2], "texture": "#2"},
				"up": {"uv": [0, 2.5, 2, 5], "texture": "#2"},
				"down": {"uv": [0, 2.5, 2, 5], "texture": "#2"}
			}
		},
		{
			"from": [15.14576, 7.60985, 18.53026],
			"to": [16.12076, 9.00985, 19.93026],
			"rotation": {"angle": 0, "axis": "x", "origin": [11.9, 0.4, 16.75]},
			"faces": {
				"north": {"uv": [2, 2.5, 0, 5], "texture": "#2"},
				"east": {"uv": [16, 0, 14, 2], "texture": "#2"},
				"south": {"uv": [2, 2.5, 0, 5], "texture": "#2"},
				"west": {"uv": [16, 0, 14, 2], "texture": "#2"},
				"up": {"uv": [2, 2.5, 0, 5], "texture": "#2"},
				"down": {"uv": [2, 2.5, 0, 5], "texture": "#2"}
			}
		},
		{
			"from": [-0.10524, 7.71691, 11.10768],
			"to": [0.84476, 8.91691, 19.10768],
			"rotation": {"angle": 0, "axis": "y", "origin": [4.1, 12.5, 16]},
			"faces": {
				"north": {"uv": [2, 0, 3.2, 8], "rotation": 270, "texture": "#2"},
				"east": {"uv": [2, 0, 3.2, 8], "rotation": 270, "texture": "#2"},
				"south": {"uv": [2, 0, 3.2, 8], "rotation": 270, "texture": "#2"},
				"west": {"uv": [2, 0, 3.2, 8], "rotation": 270, "texture": "#2"},
				"up": {"uv": [2, 0, 3.2, 8], "rotation": 180, "texture": "#2"},
				"down": {"uv": [2, 0, 3.2, 8], "texture": "#2"}
			}
		},
		{
			"from": [15.15524, 7.71691, 11.10768],
			"to": [16.10524, 8.91691, 19.10768],
			"rotation": {"angle": 0, "axis": "y", "origin": [11.9, 12.5, 16]},
			"faces": {
				"north": {"uv": [2, 8, 3.2, 0], "rotation": 270, "texture": "#2"},
				"east": {"uv": [2, 8, 3.2, 0], "rotation": 270, "texture": "#2"},
				"south": {"uv": [2, 8, 3.2, 0], "rotation": 270, "texture": "#2"},
				"west": {"uv": [2, 8, 3.2, 0], "rotation": 270, "texture": "#2"},
				"up": {"uv": [3.2, 0, 2, 8], "rotation": 180, "texture": "#2"},
				"down": {"uv": [3.2, 0, 2, 8], "texture": "#2"}
			}
		},
		{
			"from": [-0.10433, 15.34497, 11.29598],
			"to": [0.84567, 16.54497, 17.24598],
			"rotation": {"angle": 0, "axis": "y", "origin": [4.1, 8, 15.9]},
			"faces": {
				"north": {"uv": [2, 0, 3.2, 0.95], "rotation": 270, "texture": "#2"},
				"east": {"uv": [2, 0, 3.2, 7.95], "rotation": 270, "texture": "#2"},
				"south": {"uv": [2, 0, 3.2, 0.95], "rotation": 270, "texture": "#2"},
				"west": {"uv": [2, 0, 3.2, 7.95], "rotation": 90, "texture": "#2"},
				"up": {"uv": [2, 0, 2.95, 5.95], "rotation": 180, "texture": "#2"},
				"down": {"uv": [2, 0, 2.95, 7.95], "rotation": 180, "texture": "#2"}
			}
		},
		{
			"from": [15.15433, 15.34497, 11.29598],
			"to": [16.10433, 16.54497, 17.24598],
			"rotation": {"angle": 0, "axis": "y", "origin": [11.9, 8, 15.9]},
			"faces": {
				"north": {"uv": [2, 0.95, 3.2, 0], "rotation": 270, "texture": "#2"},
				"east": {"uv": [2, 7.95, 3.2, 0], "rotation": 90, "texture": "#2"},
				"south": {"uv": [2, 0.95, 3.2, 0], "rotation": 270, "texture": "#2"},
				"west": {"uv": [2, 7.95, 3.2, 0], "rotation": 270, "texture": "#2"},
				"up": {"uv": [2.95, 0, 2, 5.95], "rotation": 180, "texture": "#2"},
				"down": {"uv": [2.95, 0, 2, 7.95], "rotation": 180, "texture": "#2"}
			}
		},
		{
			"from": [0.5, 7.75, 10.85],
			"to": [8, 8.75, 18.85],
			"rotation": {"angle": 0, "axis": "y", "origin": [4.75, 8, 8]},
			"faces": {
				"north": {"uv": [0, 8, 8, 8.5], "texture": "#2"},
				"east": {"uv": [0, 8, 8, 8.5], "texture": "#2"},
				"south": {"uv": [0, 8, 8, 8.5], "texture": "#2"},
				"west": {"uv": [0, 8, 8, 8.5], "texture": "#2"},
				"up": {"uv": [0, 8, 8, 16], "texture": "#2"},
				"down": {"uv": [0, 8, 8, 16], "texture": "#2"}
			}
		},
		{
			"from": [8, 7.75, 10.85],
			"to": [15.5, 8.75, 18.85],
			"rotation": {"angle": 0, "axis": "y", "origin": [12.25, 8, 8]},
			"faces": {
				"north": {"uv": [0, 8, 8, 8.5], "texture": "#2"},
				"east": {"uv": [0, 8, 8, 8.5], "texture": "#2"},
				"south": {"uv": [0, 8, 8, 8.5], "texture": "#2"},
				"west": {"uv": [0, 8, 8, 8.5], "texture": "#2"},
				"up": {"uv": [0, 8, 8, 16], "texture": "#2"},
				"down": {"uv": [0, 8, 8, 16], "texture": "#2"}
			}
		},
		{
			"from": [0.44576, 16.05985, 4.93026],
			"to": [15.57076, 16.25985, 17.13026],
			"rotation": {"angle": 0, "axis": "y", "origin": [8, 8, 15.15]},
			"faces": {
				"north": {"uv": [0, 8, 8, 16], "rotation": 90, "texture": "#2"},
				"east": {"uv": [0, 8, 8, 16], "rotation": 90, "texture": "#2"},
				"south": {"uv": [0, 8, 8, 16], "rotation": 90, "texture": "#2"},
				"west": {"uv": [0, 8, 8, 16], "rotation": 90, "texture": "#2"},
				"up": {"uv": [0, 8, 8, 16], "rotation": 90, "texture": "#2"},
				"down": {"uv": [0, 8, 8, 16], "rotation": 90, "texture": "#2"}
			}
		},
		{
			"from": [0.44576, 15.30985, 16.53026],
			"to": [8.07076, 16.50985, 17.73026],
			"rotation": {"angle": 0, "axis": "y", "origin": [8, 8, 16.65]},
			"faces": {
				"north": {"uv": [2, 0, 4, 8], "rotation": 90, "texture": "#2"},
				"east": {"uv": [2, 0, 4, 8], "rotation": 90, "texture": "#2"},
				"south": {"uv": [2, 0, 4, 8], "rotation": 90, "texture": "#2"},
				"west": {"uv": [2, 0, 4, 8], "rotation": 90, "texture": "#2"},
				"up": {"uv": [2, 0, 4, 8], "rotation": 90, "texture": "#2"},
				"down": {"uv": [2, 0, 4, 8], "rotation": 90, "texture": "#2"}
			}
		},
		{
			"from": [7.92924, 15.30985, 16.53026],
			"to": [15.55424, 16.50985, 17.73026],
			"rotation": {"angle": 0, "axis": "y", "origin": [8, 8, 16.65]},
			"faces": {
				"north": {"uv": [2, 8, 4, 0], "rotation": 90, "texture": "#2"},
				"east": {"uv": [2, 8, 4, 0], "rotation": 90, "texture": "#2"},
				"south": {"uv": [2, 8, 4, 0], "rotation": 90, "texture": "#2"},
				"west": {"uv": [2, 8, 4, 0], "rotation": 90, "texture": "#2"},
				"up": {"uv": [2, 8, 4, 0], "rotation": 90, "texture": "#2"},
				"down": {"uv": [2, 8, 4, 0], "rotation": 90, "texture": "#2"}
			}
		},
		{
			"from": [-0.12076, 15.20985, 16.43026],
			"to": [0.85424, 16.60985, 17.83026],
			"rotation": {"angle": 0, "axis": "y", "origin": [4.1, 8, 14.65]},
			"faces": {
				"north": {"uv": [0, 2.5, 2, 5], "texture": "#2"},
				"east": {"uv": [14, 0, 16, 2], "texture": "#2"},
				"south": {"uv": [0, 2.5, 2, 5], "texture": "#2"},
				"west": {"uv": [14, 0, 16, 2], "texture": "#2"},
				"up": {"uv": [0, 2.5, 2, 5], "texture": "#2"},
				"down": {"uv": [0, 2.5, 2, 5], "texture": "#2"}
			}
		},
		{
			"from": [15.14576, 15.20985, 16.43026],
			"to": [16.12076, 16.60985, 17.83026],
			"rotation": {"angle": 0, "axis": "y", "origin": [11.9, 8, 14.65]},
			"faces": {
				"north": {"uv": [2, 2.5, 0, 5], "texture": "#2"},
				"east": {"uv": [16, 0, 14, 2], "texture": "#2"},
				"south": {"uv": [2, 2.5, 0, 5], "texture": "#2"},
				"west": {"uv": [16, 0, 14, 2], "texture": "#2"},
				"up": {"uv": [2, 2.5, 0, 5], "texture": "#2"},
				"down": {"uv": [2, 2.5, 0, 5], "texture": "#2"}
			}
		},
		{
			"from": [7, 6, 18.5],
			"to": [9, 7, 20],
			"rotation": {"angle": 0, "axis": "y", "origin": [15.5, 15.5, 15.5]},
			"faces": {
				"north": {"uv": [4, 0, 6, 1], "texture": "#2"},
				"east": {"uv": [4, 0, 6, 1], "texture": "#2"},
				"south": {"uv": [4, 0, 6, 1], "texture": "#2"},
				"west": {"uv": [4, 0, 6, 1], "texture": "#2"},
				"up": {"uv": [4, 0, 6, 1.5], "texture": "#2"},
				"down": {"uv": [4, 0, 6, 1.5], "texture": "#2"}
			}
		}
	],
	"display": {
		"thirdperson_righthand": {
			"scale": [0.5, 0.5, 0.5]
		},
		"firstperson_righthand": {
			"rotation": [16, 26, 0],
			"scale": [0.5, 0.5, 0.5]
		},
		"ground": {
			"translation": [0, 0.75, 0],
			"scale": [0.5, 0.5, 0.5]
		},
		"gui": {
			"rotation": [45, 145, 0],
			"translation": [0, -0.5, 0],
			"scale": [0.5, 0.5, 0.5]
		},
		"head": {
			"translation": [0, -5.5, 0],
			"scale": [3.3, 3.3, 3.3]
		},
		"fixed": {
			"rotation": [0, 90, 0],
			"translation": [-0.25, -1.75, 0],
			"scale": [0.7, 0.7, 0.7]
		}
	},
	"groups": [
		{
			"name": "seat",
			"origin": [8, 8, 8],
			"children": [0, 1, 2, 3, 4, 5, 6, 7]
		}, 8, 9, 10, 11, 12, 13, 14, 15, 16, 17, 18, 19, 20, 21, 22, 23, 24, 25, 26, 27, 28, 29, 30, 31, 32, 33, 34, 35, 36, 37, 38, 39, 40, 41, 42, 43, 44, 45, 46, 47, 48, 49, 50, 51, 52, 53, 54, 55, 56, 57, 58, 59, 60, 61, 62, 63, 64, 65, 66, 67, 68, 69,
		{
			"name": "suspension",
			"origin": [8, 8, 8],
			"children": [70, 71, 72, 73, 74, 75]
		},
		{
			"name": "suspension2",
			"origin": [8, 8, 8],
			"children": [76, 77, 78, 79, 80, 81]
		},
		{
			"name": "suspension3",
			"origin": [8, 8, 8],
			"children": [82, 83, 84, 85, 86, 87]
		},
		{
			"name": "suspension4",
			"origin": [8, 8, 8],
			"children": [88, 89, 90, 91, 92, 93]
		},
		{
			"name": "cargo",
			"origin": [8, 12, 15.15],
			"children": [94, 95, 96, 97, 98, 99, 100, 101, 102, 103, 104, 105, 106, 107, 108, 109, 110, 111, 112, 113, 114, 115, 116]
		}, 117]
}