{
	"credit": "Made with Blockbench",
	"textures": {
		"2": "w3e:vehicle/hover/hover",
		"3": "w3e:vehicle/glass",
		"particle": "w3e:vehicle/waterfix"
	},
	"elements": [
		{
			"from": [5, 4, 4.5],
			"to": [11, 5, 10.75],
			"faces": {
				"north": {"uv": [8, 0, 12, 2.5], "texture": "#2"},
				"east": {"uv": [8, 0, 12, 2.5], "texture": "#2"},
				"south": {"uv": [8, 0, 12, 2.5], "texture": "#2"},
				"west": {"uv": [8, 0, 12, 2.5], "texture": "#2"},
				"up": {"uv": [8, 0, 12, 2.5], "texture": "#2"},
				"down": {"uv": [8, 0, 12, 2.5], "texture": "#2"}
			}
		},
		{
			"from": [5.25, 4.25, 4.75],
			"to": [10.75, 5.25, 10.25],
			"faces": {
				"north": {"uv": [12, 8, 13.5, 16], "texture": "#2"},
				"east": {"uv": [12, 8, 13.5, 16], "texture": "#2"},
				"south": {"uv": [12, 8, 13.5, 16], "texture": "#2"},
				"west": {"uv": [12, 8, 13.5, 16], "texture": "#2"},
				"up": {"uv": [12, 8, 13.5, 16], "texture": "#2"},
				"down": {"uv": [12, 8, 13.5, 16], "texture": "#2"}
			}
		},
		{
			"from": [5, 5, 10],
			"to": [11, 11.25, 10.5],
			"rotation": {"angle": 22.5, "axis": "x", "origin": [8, 8, 10.125]},
			"faces": {
				"north": {"uv": [8, 0, 12, 2.5], "rotation": 180, "texture": "#2"},
				"east": {"uv": [8, 0, 12, 2.5], "rotation": 180, "texture": "#2"},
				"south": {"uv": [8, 0, 12, 2.5], "rotation": 180, "texture": "#2"},
				"west": {"uv": [8, 0, 12, 2.5], "rotation": 180, "texture": "#2"},
				"up": {"uv": [8, 0, 12, 2.5], "rotation": 180, "texture": "#2"},
				"down": {"uv": [8, 0, 12, 2.5], "rotation": 180, "texture": "#2"}
			}
		},
		{
			"from": [5.25, 4.75, 9.75],
			"to": [10.75, 11, 10.5],
			"rotation": {"angle": 22.5, "axis": "x", "origin": [8, 8, 10.125]},
			"faces": {
				"north": {"uv": [12, 8, 13.5, 16], "texture": "#2"},
				"east": {"uv": [12, 8, 13.5, 16], "texture": "#2"},
				"south": {"uv": [12, 8, 13.5, 16], "texture": "#2"},
				"west": {"uv": [12, 8, 13.5, 16], "texture": "#2"},
				"up": {"uv": [12, 8, 13.5, 16], "texture": "#2"},
				"down": {"uv": [12, 8, 13.5, 16], "texture": "#2"}
			}
		},
		{
			"from": [4.75, 3.25, 3],
			"to": [11.25, 4.25, 11],
			"faces": {
				"north": {"uv": [0, 8, 8, 8.5], "texture": "#2"},
				"east": {"uv": [0, 8, 8, 8.5], "texture": "#2"},
				"south": {"uv": [0, 8, 8, 8.5], "texture": "#2"},
				"west": {"uv": [0, 8, 8, 8.5], "texture": "#2"},
				"up": {"uv": [0, 8, 8, 16], "texture": "#2"},
				"down": {"uv": [0, 8, 8, 16], "texture": "#2"}
			}
		},
		{
			"from": [4.74999, 4.7633, 1.10767],
			"to": [11.24999, 8.7633, 2.10767],
			"rotation": {"angle": -22.5, "axis": "x", "origin": [7.99999, 8.7633, 5.85767]},
			"faces": {
				"north": {"uv": [0, 8, 8, 13], "rotation": 180, "texture": "#2"},
				"east": {"uv": [10.5, 3.5, 16, 9], "rotation": 180, "texture": "#2"},
				"south": {"uv": [0, 8, 8, 13], "rotation": 180, "texture": "#2"},
				"west": {"uv": [9.5, 1.25, 15.027, 6.777], "rotation": 180, "texture": "#2"},
				"up": {"uv": [9.5, 1.25, 15.027, 6.777], "rotation": 180, "texture": "#2"},
				"down": {"uv": [9.5, 1.25, 15.027, 6.777], "rotation": 180, "texture": "#2"}
			}
		},
		{
			"from": [4.74998, 6.94556, 1.56924],
			"to": [11.24998, 9.44556, 2.46924],
			"faces": {
				"north": {"uv": [0, 8, 8.027, 11.527], "rotation": 180, "texture": "#2"},
				"east": {"uv": [0, 8, 8.027, 11.527], "rotation": 180, "texture": "#2"},
				"south": {"uv": [0, 12.5, 8, 16], "rotation": 180, "texture": "#2"},
				"west": {"uv": [0, 8, 8.027, 11.527], "rotation": 180, "texture": "#2"},
				"up": {"uv": [0, 8, 8.027, 11.527], "rotation": 180, "texture": "#2"},
				"down": {"uv": [0, 8, 8.027, 11.527], "rotation": 180, "texture": "#2"}
			}
		},
		{
			"from": [5.25192, 5.5235, 1.86629],
			"to": [6.75192, 5.8235, 3.61629],
			"rotation": {"angle": 45, "axis": "x", "origin": [5.62692, 4.9235, 3.11629]},
			"faces": {
				"north": {"uv": [8, 5.25, 12, 8], "texture": "#2"},
				"east": {"uv": [8, 5.25, 12, 8], "texture": "#2"},
				"south": {"uv": [8, 5.25, 12, 8], "texture": "#2"},
				"west": {"uv": [8, 5.25, 12, 8], "texture": "#2"},
				"up": {"uv": [8, 5.25, 12, 8], "texture": "#2"},
				"down": {"uv": [8, 5.25, 12, 8], "texture": "#2"}
			}
		},
		{
			"from": [5.15192, 5.2485, 1.59129],
			"to": [6.85192, 5.9485, 2.29129],
			"rotation": {"angle": 45, "axis": "x", "origin": [5.62692, 4.9235, 3.11629]},
			"faces": {
				"north": {"uv": [10, 16, 12, 8], "rotation": 90, "texture": "#2"},
				"east": {"uv": [10, 16, 12, 8], "rotation": 90, "texture": "#2"},
				"south": {"uv": [10, 16, 12, 8], "rotation": 90, "texture": "#2"},
				"west": {"uv": [10, 16, 12, 8], "rotation": 90, "texture": "#2"},
				"up": {"uv": [10, 16, 12, 8], "rotation": 90, "texture": "#2"},
				"down": {"uv": [10, 16, 12, 8], "rotation": 90, "texture": "#2"}
			}
		},
		{
			"from": [9.14808, 5.2485, 1.59129],
			"to": [10.84808, 5.9485, 2.29129],
			"rotation": {"angle": 45, "axis": "x", "origin": [10.37308, 4.9235, 3.11629]},
			"faces": {
				"north": {"uv": [10, 16, 12, 8], "rotation": 90, "texture": "#2"},
				"east": {"uv": [10, 16, 12, 8], "rotation": 90, "texture": "#2"},
				"south": {"uv": [10, 16, 12, 8], "rotation": 90, "texture": "#2"},
				"west": {"uv": [10, 16, 12, 8], "rotation": 90, "texture": "#2"},
				"up": {"uv": [10, 16, 12, 8], "rotation": 90, "texture": "#2"},
				"down": {"uv": [10, 16, 12, 8], "rotation": 90, "texture": "#2"}
			}
		},
		{
			"from": [9.24808, 5.5235, 1.86629],
			"to": [10.74808, 5.8235, 3.61629],
			"rotation": {"angle": 45, "axis": "x", "origin": [10.37308, 4.9235, 3.11629]},
			"faces": {
				"north": {"uv": [8, 5.25, 12, 8], "texture": "#2"},
				"east": {"uv": [8, 5.25, 12, 8], "texture": "#2"},
				"south": {"uv": [8, 5.25, 12, 8], "texture": "#2"},
				"west": {"uv": [8, 5.25, 12, 8], "texture": "#2"},
				"up": {"uv": [8, 5.25, 12, 8], "texture": "#2"},
				"down": {"uv": [8, 5.25, 12, 8], "texture": "#2"}
			}
		},
		{
			"from": [4.91998, 3.33338, -3.69199],
			"to": [11.07998, 8.26338, 2.95801],
			"faces": {
				"north": {"uv": [8, 5.5, 12, 8], "rotation": 180, "texture": "#2"},
				"east": {"uv": [8, 5.5, 12, 8], "rotation": 180, "texture": "#2"},
				"south": {"uv": [8, 5.5, 12, 8], "rotation": 180, "texture": "#2"},
				"west": {"uv": [8, 5.5, 12, 8], "rotation": 180, "texture": "#2"},
				"up": {"uv": [8, 5.5, 12, 8], "rotation": 180, "texture": "#2"},
				"down": {"uv": [8, 5.5, 12, 8], "rotation": 180, "texture": "#2"}
			}
		},
		{
			"from": [4.66998, 5.93338, 2.30801],
			"to": [11.07998, 6.96338, 2.98301],
			"rotation": {"angle": 0, "axis": "y", "origin": [7.99998, 6.14838, 2.73301]},
			"faces": {
				"north": {"uv": [8, 0, 12, 2.25], "rotation": 180, "texture": "#2"},
				"east": {"uv": [8, 0, 12, 2.25], "rotation": 180, "texture": "#2"},
				"south": {"uv": [8, 0, 12, 2.25], "rotation": 180, "texture": "#2"},
				"west": {"uv": [8, 0, 12, 2.25], "rotation": 180, "texture": "#2"},
				"up": {"uv": [8, 0, 12, 2.25], "rotation": 180, "texture": "#2"},
				"down": {"uv": [8, 0, 12, 2.25], "rotation": 180, "texture": "#2"}
			}
		},
		{
			"from": [3.79999, 5.5133, 0.95767],
			"to": [4.74999, 9.2633, 2.15767],
			"rotation": {"angle": -22.5, "axis": "x", "origin": [7.89999, 8.7633, 5.80767]},
			"faces": {
				"north": {"uv": [2, 0, 3.2, 3.25], "rotation": 180, "texture": "#2"},
				"east": {"uv": [2, 0, 3.2, 3.25], "rotation": 180, "texture": "#2"},
				"south": {"uv": [2, 0, 3.2, 3.25], "rotation": 180, "texture": "#2"},
				"west": {"uv": [2, 0, 3.2, 3.25], "texture": "#2"},
				"up": {"uv": [2, 0, 3.2, 3.25], "rotation": 180, "texture": "#2"},
				"down": {"uv": [2, 0, 3.2, 3.25], "rotation": 180, "texture": "#2"}
			}
		},
		{
			"from": [3.79567, 6.49344, 2.49606],
			"to": [4.74567, 14.99344, 3.69606],
			"rotation": {"angle": 22.5, "axis": "x", "origin": [7.89567, 10.99344, 7.34606]},
			"faces": {
				"north": {"uv": [2, 0, 3.2, 8], "texture": "#2"},
				"east": {"uv": [2, 0, 3.2, 8], "rotation": 180, "texture": "#2"},
				"south": {"uv": [2, 0, 3.2, 8], "rotation": 180, "texture": "#2"},
				"west": {"uv": [2, 0, 3.2, 8], "texture": "#2"},
				"up": {"uv": [2, 0, 3.2, 8], "rotation": 180, "texture": "#2"},
				"down": {"uv": [2, 0, 3.2, 8], "rotation": 180, "texture": "#2"}
			}
		},
		{
			"from": [3.79476, 3.21691, 3.10768],
			"to": [4.74476, 4.41691, 11.10768],
			"faces": {
				"north": {"uv": [2, 0, 3.2, 8], "rotation": 270, "texture": "#2"},
				"east": {"uv": [2, 0, 3.2, 8], "rotation": 270, "texture": "#2"},
				"south": {"uv": [2, 0, 3.2, 8], "rotation": 270, "texture": "#2"},
				"west": {"uv": [2, 0, 3.2, 8], "rotation": 270, "texture": "#2"},
				"up": {"uv": [2, 0, 3.2, 8], "rotation": 180, "texture": "#2"},
				"down": {"uv": [2, 0, 3.2, 8], "texture": "#2"}
			}
		},
		{
			"from": [3.77924, 3.20985, 2.65526],
			"to": [4.75424, 4.45985, 3.90526],
			"rotation": {"angle": 45, "axis": "x", "origin": [4.27924, 3.80985, 3.28026]},
			"faces": {
				"north": {"uv": [0, 2.5, 2, 5], "texture": "#2"},
				"east": {"uv": [14, 0, 16, 2], "texture": "#2"},
				"south": {"uv": [0, 2.5, 2, 5], "texture": "#2"},
				"west": {"uv": [14, 0, 16, 2], "texture": "#2"},
				"up": {"uv": [0, 2.5, 2, 5], "texture": "#2"},
				"down": {"uv": [0, 2.5, 2, 5], "texture": "#2"}
			}
		},
		{
			"from": [4.82841, 6.97338, -4.12764],
			"to": [11.17159, 9.05338, 1.70801],
			"rotation": {"angle": 0, "axis": "y", "origin": [8.00002, 8, 8]},
			"faces": {
				"north": {"uv": [0, 16, 8, 13], "rotation": 180, "texture": "#2"},
				"east": {"uv": [0, 16, 8, 8], "rotation": 180, "texture": "#2"},
				"south": {"uv": [0, 16, 8, 8], "rotation": 180, "texture": "#2"},
				"west": {"uv": [0, 16, 8, 8], "rotation": 180, "texture": "#2"},
				"up": {"uv": [2.5, 13.25, 5.5, 10.5], "rotation": 180, "texture": "#2"},
				"down": {"uv": [3.5, 12.75, 4.5, 11.25], "rotation": 180, "texture": "#2"}
			}
		},
		{
			"from": [0.0491, 6.97338, -3.94052],
			"to": [1.6091, 9.05338, -0.73052],
			"rotation": {"angle": -22.5, "axis": "y", "origin": [2.9091, 8.01338, 7.97948]},
			"faces": {
				"north": {"uv": [0, 16, 8, 8], "rotation": 180, "texture": "#2"},
				"east": {"uv": [0, 16, 8, 8], "rotation": 180, "texture": "#2"},
				"south": {"uv": [0, 16, 8, 8], "rotation": 180, "texture": "#2"},
				"west": {"uv": [3.21, 10.08, 0, 8], "rotation": 180, "texture": "#2"},
				"up": {"uv": [2.5, 13.25, 5.5, 10.5], "rotation": 180, "texture": "#2"},
				"down": {"uv": [3.25, 12.5, 4.5, 11.25], "rotation": 180, "texture": "#2"}
			}
		},
		{
			"from": [14.3909, 6.97338, -3.94052],
			"to": [15.9509, 9.05338, -0.73052],
			"rotation": {"angle": 22.5, "axis": "y", "origin": [13.0909, 8.01338, 7.97948]},
			"faces": {
				"north": {"uv": [8, 16, 0, 8], "rotation": 180, "texture": "#2"},
				"east": {"uv": [0, 10.08, 3.21, 8], "rotation": 180, "texture": "#2"},
				"south": {"uv": [8, 16, 0, 8], "rotation": 180, "texture": "#2"},
				"west": {"uv": [8, 16, 0, 8], "rotation": 180, "texture": "#2"},
				"up": {"uv": [5.5, 13.25, 2.5, 10.5], "rotation": 180, "texture": "#2"},
				"down": {"uv": [4.5, 12.5, 3.25, 11.25], "rotation": 180, "texture": "#2"}
			}
		},
		{
			"from": [3.59998, 6.97338, -1.16199],
			"to": [12.39998, 9.05338, 2.70801],
			"faces": {
				"north": {"uv": [0, 16, 8, 8], "rotation": 180, "texture": "#2"},
				"east": {"uv": [3.87, 10.08, 0, 8], "rotation": 180, "texture": "#2"},
				"south": {"uv": [0, 10.08, 8, 8], "rotation": 180, "texture": "#2"},
				"west": {"uv": [3.869, 8, 0, 10.08], "texture": "#2"},
				"up": {"uv": [2.5, 13.25, 5.5, 10.5], "rotation": 180, "texture": "#2"},
				"down": {"uv": [3.25, 12.5, 4.5, 11.25], "rotation": 180, "texture": "#2"}
			}
		},
		{
			"from": [11.42502, 4.22338, 3.64199],
			"to": [12.17502, 9.00338, 11.31199],
			"rotation": {"angle": 0, "axis": "y", "origin": [8, 4.25, 15.4]},
			"faces": {
				"north": {"uv": [0.5, 11.5, 8, 8], "rotation": 180, "texture": "#2"},
				"east": {"uv": [0, 15.92, 4.78, 8.25], "rotation": 90, "texture": "#2"},
				"south": {"uv": [0.5, 11.5, 8, 8], "rotation": 180, "texture": "#2"},
				"west": {"uv": [4.78, 8.25, 0, 15.92], "rotation": 90, "texture": "#2"},
				"up": {"uv": [0.5, 8.25, 0, 15.92], "rotation": 180, "texture": "#2"},
				"down": {"uv": [8, 8, 0.5, 11.5], "rotation": 180, "texture": "#2"}
			}
		},
		{
			"from": [3.82498, 4.22338, 3.64199],
			"to": [4.57498, 9.00338, 11.31199],
			"rotation": {"angle": 0, "axis": "y", "origin": [8, 4.25, 15.4]},
			"faces": {
				"north": {"uv": [8, 11.5, 0.5, 8], "rotation": 180, "texture": "#2"},
				"east": {"uv": [4.78, 15.92, 0, 8.25], "rotation": 90, "texture": "#2"},
				"south": {"uv": [8, 11.5, 0.5, 8], "rotation": 180, "texture": "#2"},
				"west": {"uv": [0, 8.25, 4.78, 15.92], "rotation": 90, "texture": "#2"},
				"up": {"uv": [0, 8.25, 0.5, 15.92], "rotation": 180, "texture": "#2"},
				"down": {"uv": [0.5, 8, 8, 11.5], "rotation": 180, "texture": "#2"}
			}
		},
		{
			"from": [11.42502, 4.47338, 2.49199],
			"to": [12.17502, 9.00338, 3.63699],
			"rotation": {"angle": 0, "axis": "y", "origin": [8, 4.25, 14]},
			"faces": {
				"north": {"uv": [3.145, 0, 2, 4.03], "texture": "#2"},
				"east": {"uv": [3.145, 0, 2, 4.03], "texture": "#2"},
				"south": {"uv": [3.145, 0, 2, 4.03], "texture": "#2"},
				"west": {"uv": [3.145, 0, 2, 4.03], "texture": "#2"},
				"up": {"uv": [2.75, 0, 2, 1.145], "texture": "#2"},
				"down": {"uv": [3.145, 0, 2, 4.03], "texture": "#2"}
			}
		},
		{
			"from": [3.82498, 4.47338, 2.49199],
			"to": [4.57498, 9.00338, 3.63699],
			"rotation": {"angle": 0, "axis": "y", "origin": [8, 4.25, 14]},
			"faces": {
				"north": {"uv": [2, 0, 3.145, 4.03], "texture": "#2"},
				"east": {"uv": [2, 0, 3.145, 4.03], "texture": "#2"},
				"south": {"uv": [2, 0, 3.145, 4.03], "texture": "#2"},
				"west": {"uv": [2, 0, 3.145, 4.03], "texture": "#2"},
				"up": {"uv": [2, 0, 2.75, 1.145], "texture": "#2"},
				"down": {"uv": [2, 0, 3.145, 4.03], "texture": "#2"}
			}
		},
		{
			"from": [4.97385, 8.82838, -1.92874],
			"to": [11.02606, 9.96523, 1.96801],
			"rotation": {"angle": 0, "axis": "y", "origin": [8.12048, 8, 8]},
			"faces": {
				"north": {"uv": [0, 16, 8, 8], "rotation": 180, "texture": "#2"},
				"east": {"uv": [2.5, 13.25, 5.25, 10.5], "rotation": 180, "texture": "#2"},
				"south": {"uv": [0, 16, 8, 8], "rotation": 180, "texture": "#2"},
				"west": {"uv": [2.5, 13.25, 5.25, 10.5], "rotation": 180, "texture": "#2"},
				"up": {"uv": [0, 16, 8, 13.5], "rotation": 180, "texture": "#2"},
				"down": {"uv": [0, 16, 8, 8], "rotation": 180, "texture": "#2"}
			}
		},
		{
			"from": [4.97385, 10.95368, -3.47327],
			"to": [11.02625, 11.99368, -1.09101],
			"rotation": {"angle": -22.5, "axis": "x", "origin": [8.12067, 8.87368, 3.58899]},
			"faces": {
				"north": {"uv": [0, 16, 8, 8], "rotation": 180, "texture": "#2"},
				"east": {"uv": [2.5, 13.25, 5.25, 10.5], "rotation": 180, "texture": "#2"},
				"south": {"uv": [0, 16, 8, 8], "rotation": 180, "texture": "#2"},
				"west": {"uv": [2.5, 13.25, 5.25, 10.5], "rotation": 180, "texture": "#2"},
				"up": {"uv": [0, 11.249, 8, 8.75], "rotation": 180, "texture": "#2"},
				"down": {"uv": [0, 16, 8, 8], "rotation": 180, "texture": "#2"}
			}
		},
		{
			"from": [4.97385, 3.62938, -4.67199],
			"to": [11.02625, 9.11406, -2.9384],
			"rotation": {"angle": -22.5, "axis": "x", "origin": [8, 6.08938, -3.38199]},
			"faces": {
				"north": {"uv": [0, 8, 8.013, 16], "rotation": 180, "texture": "#2"},
				"east": {"uv": [0, 8, 0.513, 16], "rotation": 180, "texture": "#2"},
				"south": {"uv": [0, 8, 8.013, 16], "rotation": 180, "texture": "#2"},
				"west": {"uv": [0, 8, 0.513, 16], "rotation": 180, "texture": "#2"},
				"up": {"uv": [0, 8, 8, 10], "texture": "#2"},
				"down": {"uv": [0, 8, 8.012, 8.5], "rotation": 180, "texture": "#2"}
			}
		},
		{
			"from": [4.74567, 6.79348, 2.59609],
			"to": [11.25433, 7.99353, 3.59597],
			"rotation": {"angle": 22.5, "axis": "x", "origin": [7.90433, 10.99353, 7.34597]},
			"faces": {
				"north": {"uv": [4, 0, 2, 8], "rotation": 90, "texture": "#2"},
				"east": {"uv": [4, 0, 2, 8], "rotation": 90, "texture": "#2"},
				"south": {"uv": [4, 0, 2, 8], "rotation": 90, "texture": "#2"},
				"west": {"uv": [4, 0, 2, 8], "rotation": 90, "texture": "#2"},
				"up": {"uv": [4, 0, 2, 8], "rotation": 90, "texture": "#2"},
				"down": {"uv": [4, 0, 2, 8], "rotation": 90, "texture": "#2"}
			}
		},
		{
			"from": [4.54567, 7.79348, 2.79609],
			"to": [11.45433, 14.24353, 2.79609],
			"rotation": {"angle": 22.5, "axis": "x", "origin": [7.90433, 10.99353, 7.34597]},
			"faces": {
				"north": {"uv": [0, 0, 16, 16], "rotation": 90, "texture": "#3"}
			}
		},
		{
			"from": [3.79476, 9.21691, 10.65768],
			"to": [4.74476, 16.16691, 11.85768],
			"rotation": {"angle": 0, "axis": "y", "origin": [8, 8, 8.75]},
			"faces": {
				"north": {"uv": [2, 0, 3.45, 7.95], "texture": "#2"},
				"east": {"uv": [2, 0, 3.45, 7.95], "texture": "#2"},
				"south": {"uv": [2, 0, 3.45, 7.95], "rotation": 180, "texture": "#2"},
				"west": {"uv": [2, 0, 3.2, 7.95], "rotation": 180, "texture": "#2"},
				"up": {"uv": [2, 0, 3.45, 7.95], "texture": "#2"},
				"down": {"uv": [2, 0, 3.45, 7.95], "texture": "#2"}
			}
		},
		{
			"from": [3.79476, 3.31691, 10.65768],
			"to": [4.74476, 9.26691, 11.85768],
			"rotation": {"angle": 0, "axis": "y", "origin": [8, 1.1, 8.75]},
			"faces": {
				"north": {"uv": [2, 0, 3.45, 7.95], "texture": "#2"},
				"east": {"uv": [2, 0, 3.45, 7.95], "texture": "#2"},
				"south": {"uv": [2, 0, 3.45, 7.95], "rotation": 180, "texture": "#2"},
				"west": {"uv": [2, 0, 3.2, 7.95], "rotation": 180, "texture": "#2"},
				"up": {"uv": [2, 0, 3.45, 7.95], "texture": "#2"},
				"down": {"uv": [2, 0, 3.45, 7.95], "texture": "#2"}
			}
		},
		{
			"from": [3.77924, 3.10985, 10.53026],
			"to": [4.75424, 4.50985, 11.93026],
			"rotation": {"angle": 0, "axis": "y", "origin": [8, 8, 8.75]},
			"faces": {
				"north": {"uv": [0, 2.5, 2, 5], "texture": "#2"},
				"east": {"uv": [14, 0, 16, 2], "texture": "#2"},
				"south": {"uv": [0, 2.5, 2, 5], "texture": "#2"},
				"west": {"uv": [14, 0, 16, 2], "texture": "#2"},
				"up": {"uv": [0, 2.5, 2, 5], "texture": "#2"},
				"down": {"uv": [0, 2.5, 2, 5], "texture": "#2"}
			}
		},
		{
			"from": [3.77924, 15.20985, 10.53026],
			"to": [4.75424, 16.60985, 11.93026],
			"rotation": {"angle": 0, "axis": "y", "origin": [8, 8, 8.75]},
			"faces": {
				"north": {"uv": [0, 2.5, 2, 5], "texture": "#2"},
				"east": {"uv": [14, 0, 16, 2], "texture": "#2"},
				"south": {"uv": [0, 2.5, 2, 5], "texture": "#2"},
				"west": {"uv": [14, 0, 16, 2], "texture": "#2"},
				"up": {"uv": [0, 2.5, 2, 5], "texture": "#2"},
				"down": {"uv": [0, 2.5, 2, 5], "texture": "#2"}
			}
		},
		{
			"from": [3.77924, 7.60985, 10.58026],
			"to": [4.75424, 9.00985, 11.98026],
			"rotation": {"angle": 0, "axis": "y", "origin": [8, 0.4, 8.8]},
			"faces": {
				"north": {"uv": [0, 2.5, 2, 5], "texture": "#2"},
				"east": {"uv": [14, 0, 16, 2], "texture": "#2"},
				"south": {"uv": [0, 2.5, 2, 5], "texture": "#2"},
				"west": {"uv": [14, 0, 16, 2], "texture": "#2"},
				"up": {"uv": [0, 2.5, 2, 5], "texture": "#2"},
				"down": {"uv": [0, 2.5, 2, 5], "texture": "#2"}
			}
		},
		{
			"from": [3.79567, 15.34497, 4.89598],
			"to": [4.74567, 16.54497, 10.84598],
			"rotation": {"angle": 0, "axis": "y", "origin": [8, 8, 8.5]},
			"faces": {
				"north": {"uv": [2, 0, 3.2, 5.95], "rotation": 270, "texture": "#2"},
				"east": {"uv": [2, 0, 3.2, 5.95], "rotation": 270, "texture": "#2"},
				"south": {"uv": [2, 0, 3.2, 5.95], "rotation": 270, "texture": "#2"},
				"west": {"uv": [2, 0, 3.2, 5.95], "rotation": 90, "texture": "#2"},
				"up": {"uv": [2, 0, 3.2, 5.95], "rotation": 180, "texture": "#2"},
				"down": {"uv": [2, 0, 2.95, 5.95], "rotation": 180, "texture": "#2"}
			}
		},
		{
			"from": [11.25524, 9.21691, 10.65768],
			"to": [12.20524, 16.16691, 11.85768],
			"rotation": {"angle": 0, "axis": "y", "origin": [8, 8, 8.75]},
			"faces": {
				"north": {"uv": [2, 0, 3.45, 7.95], "rotation": 180, "texture": "#2"},
				"east": {"uv": [2, 0, 3.45, 7.95], "texture": "#2"},
				"south": {"uv": [2, 0, 3.45, 7.95], "texture": "#2"},
				"west": {"uv": [2, 0, 3.2, 7.95], "rotation": 180, "texture": "#2"},
				"up": {"uv": [2, 0, 3.45, 7.95], "texture": "#2"},
				"down": {"uv": [2, 0, 3.45, 7.95], "texture": "#2"}
			}
		},
		{
			"from": [11.25524, 3.31691, 10.65768],
			"to": [12.20524, 9.26691, 11.85768],
			"rotation": {"angle": 0, "axis": "y", "origin": [8, 1.1, 8.75]},
			"faces": {
				"north": {"uv": [2, 0, 3.45, 7.95], "rotation": 180, "texture": "#2"},
				"east": {"uv": [2, 0, 3.45, 7.95], "texture": "#2"},
				"south": {"uv": [2, 0, 3.45, 7.95], "texture": "#2"},
				"west": {"uv": [2, 0, 3.2, 7.95], "rotation": 180, "texture": "#2"},
				"up": {"uv": [2, 0, 3.45, 7.95], "texture": "#2"},
				"down": {"uv": [2, 0, 3.45, 7.95], "texture": "#2"}
			}
		},
		{
			"from": [11.24576, 3.10985, 10.53026],
			"to": [12.22076, 4.50985, 11.93026],
			"rotation": {"angle": 0, "axis": "y", "origin": [8, 8, 8.75]},
			"faces": {
				"north": {"uv": [0, 2.5, 2, 5], "texture": "#2"},
				"east": {"uv": [14, 0, 16, 2], "texture": "#2"},
				"south": {"uv": [0, 2.5, 2, 5], "texture": "#2"},
				"west": {"uv": [14, 0, 16, 2], "texture": "#2"},
				"up": {"uv": [0, 2.5, 2, 5], "texture": "#2"},
				"down": {"uv": [0, 2.5, 2, 5], "texture": "#2"}
			}
		},
		{
			"from": [11.25524, 3.21691, 3.10768],
			"to": [12.20524, 4.41691, 11.10768],
			"faces": {
				"north": {"uv": [2, 0, 3.2, 8], "rotation": 90, "texture": "#2"},
				"east": {"uv": [2, 0, 3.2, 8], "rotation": 270, "texture": "#2"},
				"south": {"uv": [2, 0, 3.2, 8], "rotation": 90, "texture": "#2"},
				"west": {"uv": [2, 0, 3.2, 8], "rotation": 270, "texture": "#2"},
				"up": {"uv": [2, 0, 3.2, 8], "texture": "#2"},
				"down": {"uv": [2, 0, 3.2, 8], "rotation": 180, "texture": "#2"}
			}
		},
		{
			"from": [11.24576, 3.20985, 2.65526],
			"to": [12.22076, 4.45985, 3.90526],
			"rotation": {"angle": 45, "axis": "x", "origin": [11.72076, 3.80985, 3.28026]},
			"faces": {
				"north": {"uv": [0, 2.5, 2, 5], "texture": "#2"},
				"east": {"uv": [14, 0, 16, 2], "texture": "#2"},
				"south": {"uv": [0, 2.5, 2, 5], "texture": "#2"},
				"west": {"uv": [14, 0, 16, 2], "texture": "#2"},
				"up": {"uv": [0, 2.5, 2, 5], "texture": "#2"},
				"down": {"uv": [0, 2.5, 2, 5], "texture": "#2"}
			}
		},
		{
			"from": [11.24576, 15.20985, 10.53026],
			"to": [12.22076, 16.60985, 11.93026],
			"faces": {
				"north": {"uv": [0, 2.5, 2, 5], "texture": "#2"},
				"east": {"uv": [14, 0, 16, 2], "texture": "#2"},
				"south": {"uv": [0, 2.5, 2, 5], "texture": "#2"},
				"west": {"uv": [14, 0, 16, 2], "texture": "#2"},
				"up": {"uv": [0, 2.5, 2, 5], "texture": "#2"},
				"down": {"uv": [0, 2.5, 2, 5], "texture": "#2"}
			}
		},
		{
			"from": [11.24576, 7.60985, 10.58026],
			"to": [12.22076, 9.00985, 11.98026],
			"rotation": {"angle": 0, "axis": "y", "origin": [8, 0.4, 8.8]},
			"faces": {
				"north": {"uv": [0, 2.5, 2, 5], "texture": "#2"},
				"east": {"uv": [14, 0, 16, 2], "texture": "#2"},
				"south": {"uv": [0, 2.5, 2, 5], "texture": "#2"},
				"west": {"uv": [14, 0, 16, 2], "texture": "#2"},
				"up": {"uv": [0, 2.5, 2, 5], "texture": "#2"},
				"down": {"uv": [0, 2.5, 2, 5], "texture": "#2"}
			}
		},
		{
			"from": [11.25433, 15.34497, 4.89598],
			"to": [12.20433, 16.54497, 10.84598],
			"rotation": {"angle": 0, "axis": "y", "origin": [8, 8, 8.5]},
			"faces": {
				"north": {"uv": [2, 0, 3.2, 5.95], "rotation": 90, "texture": "#2"},
				"east": {"uv": [2, 0, 3.2, 5.95], "rotation": 90, "texture": "#2"},
				"south": {"uv": [2, 0, 3.2, 5.95], "rotation": 90, "texture": "#2"},
				"west": {"uv": [2, 0, 3.2, 5.95], "rotation": 90, "texture": "#2"},
				"up": {"uv": [2, 0, 3.2, 5.95], "texture": "#2"},
				"down": {"uv": [2, 0, 2.95, 5.95], "texture": "#2"}
			}
		},
		{
			"from": [4.44576, 15.30985, 10.63026],
			"to": [11.57076, 16.50985, 11.83026],
			"rotation": {"angle": 0, "axis": "y", "origin": [8, 8, 8.75]},
			"faces": {
				"north": {"uv": [2, 0, 4, 8], "rotation": 90, "texture": "#2"},
				"east": {"uv": [2, 0, 4, 8], "rotation": 90, "texture": "#2"},
				"south": {"uv": [2, 0, 4, 8], "rotation": 90, "texture": "#2"},
				"west": {"uv": [2, 0, 4, 8], "rotation": 90, "texture": "#2"},
				"up": {"uv": [2, 0, 4, 8], "rotation": 90, "texture": "#2"},
				"down": {"uv": [2, 0, 4, 8], "rotation": 90, "texture": "#2"}
			}
		},
		{
			"from": [11.24576, 15.20985, 4.18026],
			"to": [12.22076, 16.60985, 5.58026],
			"faces": {
				"north": {"uv": [0, 2.5, 2, 5], "texture": "#2"},
				"east": {"uv": [14, 0, 16, 2], "texture": "#2"},
				"south": {"uv": [0, 2.5, 2, 5], "texture": "#2"},
				"west": {"uv": [14, 0, 16, 2], "texture": "#2"},
				"up": {"uv": [0, 2.5, 2, 5], "texture": "#2"},
				"down": {"uv": [0, 2.5, 2, 5], "texture": "#2"}
			}
		},
		{
			"from": [3.77924, 15.20985, 4.18026],
			"to": [4.75424, 16.60985, 5.58026],
			"faces": {
				"north": {"uv": [0, 2.5, 2, 5], "texture": "#2"},
				"east": {"uv": [14, 0, 16, 2], "texture": "#2"},
				"south": {"uv": [0, 2.5, 2, 5], "texture": "#2"},
				"west": {"uv": [14, 0, 16, 2], "texture": "#2"},
				"up": {"uv": [0, 2.5, 2, 5], "texture": "#2"},
				"down": {"uv": [0, 2.5, 2, 5], "texture": "#2"}
			}
		},
		{
			"from": [4.44576, 15.30985, 4.28026],
			"to": [11.57076, 16.50985, 5.48026],
			"faces": {
				"north": {"uv": [2, 0, 4, 8], "rotation": 90, "texture": "#2"},
				"east": {"uv": [2, 0, 4, 8], "rotation": 90, "texture": "#2"},
				"south": {"uv": [2, 0, 4, 8], "rotation": 90, "texture": "#2"},
				"west": {"uv": [2, 0, 4, 8], "rotation": 90, "texture": "#2"},
				"up": {"uv": [2, 0, 4, 8], "rotation": 90, "texture": "#2"},
				"down": {"uv": [2, 0, 4, 8], "rotation": 90, "texture": "#2"}
			}
		},
		{
			"from": [4.91998, 3.33338, 10.50801],
			"to": [11.07998, 8.01338, 18.95801],
			"faces": {
				"north": {"uv": [8, 0, 12, 2.5], "rotation": 180, "texture": "#2"},
				"east": {"uv": [8, 0, 12, 2.5], "rotation": 180, "texture": "#2"},
				"south": {"uv": [8, 0, 12, 2.5], "rotation": 180, "texture": "#2"},
				"west": {"uv": [8, 0, 12, 2.5], "rotation": 180, "texture": "#2"},
				"up": {"uv": [8, 0, 12, 2.5], "texture": "#2"},
				"down": {"uv": [8, 0, 12, 2.5], "texture": "#2"}
			}
		},
		{
			"from": [4.75, 4.25, 11.3],
			"to": [11.25, 11.18, 11.75],
			"faces": {
				"north": {"uv": [0, 8, 8, 16], "rotation": 180, "texture": "#2"},
				"east": {"uv": [0, 8, 8, 16], "rotation": 180, "texture": "#2"},
				"south": {"uv": [0, 8, 8, 16], "rotation": 180, "texture": "#2"},
				"west": {"uv": [0, 8, 8, 16], "rotation": 180, "texture": "#2"},
				"up": {"uv": [0, 8, 8, 16], "rotation": 180, "texture": "#2"},
				"down": {"uv": [0, 8, 8, 16], "rotation": 180, "texture": "#2"}
			}
		},
		{
			"from": [4.44576, 16.05985, 5.03026],
			"to": [11.57076, 16.25985, 10.98026],
			"rotation": {"angle": 0, "axis": "y", "origin": [8, 8, 8.75]},
			"faces": {
				"north": {"uv": [0, 14.5, 8, 9.75], "rotation": 90, "texture": "#2"},
				"east": {"uv": [0, 14.5, 8, 9.75], "rotation": 90, "texture": "#2"},
				"south": {"uv": [0, 14.5, 8, 9.75], "rotation": 90, "texture": "#2"},
				"west": {"uv": [0, 14.5, 8, 9.75], "rotation": 90, "texture": "#2"},
				"up": {"uv": [0, 14.499, 8, 9.25], "rotation": 90, "texture": "#2"},
				"down": {"uv": [0, 14.499, 8, 9.25], "rotation": 90, "texture": "#2"}
			}
		},
		{
			"from": [11.25001, 5.5133, 0.95767],
			"to": [12.20001, 9.2633, 2.15767],
			"rotation": {"angle": -22.5, "axis": "x", "origin": [8.10001, 8.7633, 5.80767]},
			"faces": {
				"north": {"uv": [2.25, 0, 3.45, 3.25], "rotation": 180, "texture": "#2"},
				"east": {"uv": [2, 0, 3.2, 3.25], "rotation": 180, "texture": "#2"},
				"south": {"uv": [2.25, 0, 3.45, 3.25], "rotation": 180, "texture": "#2"},
				"west": {"uv": [2.25, 0, 3.45, 3.25], "texture": "#2"},
				"up": {"uv": [2.25, 0, 3.45, 3.25], "rotation": 180, "texture": "#2"},
				"down": {"uv": [2.25, 0, 3.45, 3.25], "rotation": 180, "texture": "#2"}
			}
		},
		{
			"from": [11.25433, 6.49344, 2.49606],
			"to": [12.20433, 14.99344, 3.69606],
			"rotation": {"angle": 22.5, "axis": "x", "origin": [8.10433, 10.99344, 7.34606]},
			"faces": {
				"north": {"uv": [2, 0, 3.2, 8], "rotation": 180, "texture": "#2"},
				"east": {"uv": [2, 0, 3.2, 8], "rotation": 180, "texture": "#2"},
				"south": {"uv": [2, 0, 3.2, 8], "rotation": 180, "texture": "#2"},
				"west": {"uv": [2, 0, 3.2, 8], "texture": "#2"},
				"up": {"uv": [2, 0, 3.2, 8], "rotation": 180, "texture": "#2"},
				"down": {"uv": [2, 0, 3.2, 8], "rotation": 180, "texture": "#2"}
			}
		},
		{
			"from": [6, 8.25, 3.55],
			"to": [6.7, 10.25, 4.25],
			"rotation": {"angle": -22.5, "axis": "x", "origin": [8, 9.5, 3.5]},
			"faces": {
				"north": {"uv": [10.75, 6.5, 8.75, 8], "texture": "#2"},
				"east": {"uv": [10.75, 6.5, 8.75, 8], "texture": "#2"},
				"south": {"uv": [10.75, 6.5, 8.75, 8], "texture": "#2"},
				"west": {"uv": [10.75, 6.5, 8.75, 8], "texture": "#2"},
				"up": {"uv": [10.75, 6.5, 8.75, 8], "texture": "#2"},
				"down": {"uv": [10.75, 6.5, 8.75, 8], "texture": "#2"}
			}
		},
		{
			"from": [6.5, 8.5, 3.65],
			"to": [9.5, 9.5, 4.15],
			"rotation": {"angle": -22.5, "axis": "x", "origin": [8, 9.5, 3.5]},
			"faces": {
				"north": {"uv": [12, 5.5, 8, 8], "texture": "#2"},
				"east": {"uv": [12, 5.5, 8, 8], "texture": "#2"},
				"south": {"uv": [12, 5.5, 8, 8], "texture": "#2"},
				"west": {"uv": [12, 5.5, 8, 8], "texture": "#2"},
				"up": {"uv": [12, 5.5, 8, 8], "texture": "#2"},
				"down": {"uv": [12, 5.5, 8, 8], "texture": "#2"}
			}
		},
		{
			"from": [7.6, 8.6, 1.95],
			"to": [8.4, 9.4, 4.2],
			"rotation": {"angle": -22.5, "axis": "x", "origin": [8, 9.5, 3.5]},
			"faces": {
				"north": {"uv": [10, 9.5, 12, 14.75], "texture": "#2"},
				"east": {"uv": [10, 9.5, 12, 14.75], "rotation": 90, "texture": "#2"},
				"south": {"uv": [14, 0, 16, 2], "texture": "#2"},
				"west": {"uv": [10, 9.5, 12, 14.75], "rotation": 90, "texture": "#2"},
				"up": {"uv": [10, 9.5, 12, 14.75], "texture": "#2"},
				"down": {"uv": [10, 9.5, 12, 14.75], "texture": "#2"}
			}
		},
		{
			"from": [5.975, 8.225, 3.525],
			"to": [6.45, 10.275, 4.275],
			"rotation": {"angle": -22.5, "axis": "x", "origin": [8, 9.5, 3.5]},
			"faces": {
				"north": {"uv": [12, 8, 13.5, 16], "texture": "#2"},
				"east": {"uv": [12, 8, 13.5, 16], "texture": "#2"},
				"south": {"uv": [12, 8, 13.5, 16], "texture": "#2"},
				"west": {"uv": [12, 8, 13.5, 16], "texture": "#2"},
				"up": {"uv": [12, 8, 13.5, 16], "texture": "#2"},
				"down": {"uv": [12, 8, 13.5, 16], "texture": "#2"}
			}
		},
		{
			"from": [9.3, 8.25, 3.55],
			"to": [10, 10.25, 4.25],
			"rotation": {"angle": -22.5, "axis": "x", "origin": [8, 9.5, 3.5]},
			"faces": {
				"north": {"uv": [10.75, 6.5, 8.75, 8], "texture": "#2"},
				"east": {"uv": [10.75, 6.5, 8.75, 8], "texture": "#2"},
				"south": {"uv": [10.75, 6.5, 8.75, 8], "texture": "#2"},
				"west": {"uv": [10.75, 6.5, 8.75, 8], "texture": "#2"},
				"up": {"uv": [10.75, 6.5, 8.75, 8], "texture": "#2"},
				"down": {"uv": [10.75, 6.5, 8.75, 8], "texture": "#2"}
			}
		},
		{
			"from": [9.55, 8.225, 3.525],
			"to": [10.025, 10.275, 4.275],
			"rotation": {"angle": -22.5, "axis": "x", "origin": [8, 9.5, 3.5]},
			"faces": {
				"north": {"uv": [12, 8, 13.5, 16], "texture": "#2"},
				"east": {"uv": [12, 8, 13.5, 16], "texture": "#2"},
				"south": {"uv": [12, 8, 13.5, 16], "texture": "#2"},
				"west": {"uv": [12, 8, 13.5, 16], "texture": "#2"},
				"up": {"uv": [12, 8, 13.5, 16], "texture": "#2"},
				"down": {"uv": [12, 8, 13.5, 16], "texture": "#2"}
			}
		},
		{
			"from": [3.40901, 1.05546, -2.25],
			"to": [4.65901, 2.80546, -1],
			"faces": {
				"north": {"uv": [8, 5.5, 12.014, 8.014], "texture": "#2"},
				"east": {"uv": [8, 5.5, 12.014, 8.014], "texture": "#2"},
				"south": {"uv": [8, 5.5, 12.014, 8.014], "texture": "#2"},
				"west": {"uv": [8, 5.5, 12.014, 8.014], "texture": "#2"},
				"up": {"uv": [8, 5.5, 12.014, 8.014], "texture": "#2"},
				"down": {"uv": [8, 5.5, 12.014, 8.014], "texture": "#2"}
			}
		},
		{
			"from": [3.25, 2.85, -2.15],
			"to": [5.75, 3.9, -1.1],
			"rotation": {"angle": 45, "axis": "z", "origin": [5.875, 3.625, -1.5]},
			"faces": {
				"north": {"uv": [11.5, 8.5, 10.5, 15.5], "rotation": 90, "texture": "#2"},
				"east": {"uv": [11.5, 8.5, 10.5, 15.5], "rotation": 90, "texture": "#2"},
				"south": {"uv": [11.5, 8.5, 10.5, 15.5], "rotation": 90, "texture": "#2"},
				"west": {"uv": [11.5, 8.5, 10.5, 15.5], "rotation": 90, "texture": "#2"},
				"up": {"uv": [11.5, 8.5, 10.5, 15.5], "rotation": 90, "texture": "#2"},
				"down": {"uv": [11.5, 8.5, 10.5, 15.5], "rotation": 90, "texture": "#2"}
			}
		},
		{
			"from": [5.5, 2.75, -2.25],
			"to": [6.75, 4, -1],
			"rotation": {"angle": 45, "axis": "z", "origin": [5.875, 3.625, -1.5]},
			"faces": {
				"north": {"uv": [14, 0, 16, 2], "rotation": 90, "texture": "#2"},
				"east": {"uv": [10, 10.75, 12, 13], "rotation": 90, "texture": "#2"},
				"south": {"uv": [14, 0, 16, 2], "rotation": 90, "texture": "#2"},
				"west": {"uv": [10, 10.75, 12, 13], "texture": "#2"},
				"up": {"uv": [10, 10.75, 12, 13], "rotation": 90, "texture": "#2"},
				"down": {"uv": [10, 10.75, 12, 13], "rotation": 90, "texture": "#2"}
			}
		},
		{
			"from": [11.34099, 1.05546, -2.25],
			"to": [12.59099, 2.80546, -1],
			"faces": {
				"north": {"uv": [8, 5.5, 12.014, 8.014], "texture": "#2"},
				"east": {"uv": [8, 5.5, 12.014, 8.014], "texture": "#2"},
				"south": {"uv": [8, 5.5, 12.014, 8.014], "texture": "#2"},
				"west": {"uv": [8, 5.5, 12.014, 8.014], "texture": "#2"},
				"up": {"uv": [8, 5.5, 12.014, 8.014], "texture": "#2"},
				"down": {"uv": [8, 5.5, 12.014, 8.014], "texture": "#2"}
			}
		},
		{
			"from": [10.25, 2.85, -2.15],
			"to": [12.75, 3.9, -1.1],
			"rotation": {"angle": -45, "axis": "z", "origin": [10.125, 3.625, -1.5]},
			"faces": {
				"north": {"uv": [11.5, 8.5, 10.5, 15.5], "rotation": 90, "texture": "#2"},
				"east": {"uv": [11.5, 8.5, 10.5, 15.5], "rotation": 90, "texture": "#2"},
				"south": {"uv": [11.5, 8.5, 10.5, 15.5], "rotation": 90, "texture": "#2"},
				"west": {"uv": [11.5, 8.5, 10.5, 15.5], "rotation": 90, "texture": "#2"},
				"up": {"uv": [11.5, 8.5, 10.5, 15.5], "rotation": 90, "texture": "#2"},
				"down": {"uv": [11.5, 8.5, 10.5, 15.5], "rotation": 90, "texture": "#2"}
			}
		},
		{
			"from": [9.25, 2.75, -2.25],
			"to": [10.5, 4, -1],
			"rotation": {"angle": -45, "axis": "z", "origin": [10.125, 3.625, -1.5]},
			"faces": {
				"north": {"uv": [14, 0, 16, 2], "rotation": 90, "texture": "#2"},
				"east": {"uv": [10, 10.75, 12, 13], "rotation": 90, "texture": "#2"},
				"south": {"uv": [14, 0, 16, 2], "rotation": 90, "texture": "#2"},
				"west": {"uv": [10, 10.75, 12, 13], "rotation": 90, "texture": "#2"},
				"up": {"uv": [10, 10.75, 12, 13], "rotation": 90, "texture": "#2"},
				"down": {"uv": [10, 10.75, 12, 13], "rotation": 90, "texture": "#2"}
			}
		},
		{
			"from": [3.40901, 1.05546, 14.5],
			"to": [4.65901, 2.80546, 15.75],
			"rotation": {"angle": 0, "axis": "y", "origin": [8, 8, 7.25]},
			"faces": {
				"north": {"uv": [8, 5.5, 12.014, 8.014], "texture": "#2"},
				"east": {"uv": [8, 5.5, 12.014, 8.014], "texture": "#2"},
				"south": {"uv": [8, 5.5, 12.014, 8.014], "texture": "#2"},
				"west": {"uv": [8, 5.5, 12.014, 8.014], "texture": "#2"},
				"up": {"uv": [8, 5.5, 12.014, 8.014], "texture": "#2"},
				"down": {"uv": [8, 5.5, 12.014, 8.014], "texture": "#2"}
			}
		},
		{
			"from": [3.25, 2.85, 14.6],
			"to": [5.75, 3.9, 15.65],
			"rotation": {"angle": 45, "axis": "z", "origin": [5.875, 3.625, 15.25]},
			"faces": {
				"north": {"uv": [11.5, 8.5, 10.5, 15.5], "rotation": 90, "texture": "#2"},
				"east": {"uv": [11.5, 8.5, 10.5, 15.5], "rotation": 90, "texture": "#2"},
				"south": {"uv": [11.5, 8.5, 10.5, 15.5], "rotation": 90, "texture": "#2"},
				"west": {"uv": [11.5, 8.5, 10.5, 15.5], "rotation": 90, "texture": "#2"},
				"up": {"uv": [11.5, 8.5, 10.5, 15.5], "rotation": 90, "texture": "#2"},
				"down": {"uv": [11.5, 8.5, 10.5, 15.5], "rotation": 90, "texture": "#2"}
			}
		},
		{
			"from": [5.5, 2.75, 14.5],
			"to": [6.75, 4, 15.75],
			"rotation": {"angle": 45, "axis": "z", "origin": [5.875, 3.625, 15.25]},
			"faces": {
				"north": {"uv": [14, 0, 16, 2], "rotation": 90, "texture": "#2"},
				"east": {"uv": [10, 10.75, 12, 13], "rotation": 90, "texture": "#2"},
				"south": {"uv": [14, 0, 16, 2], "rotation": 90, "texture": "#2"},
				"west": {"uv": [10, 10.75, 12, 13], "texture": "#2"},
				"up": {"uv": [10, 10.75, 12, 13], "rotation": 90, "texture": "#2"},
				"down": {"uv": [10, 10.75, 12, 13], "rotation": 90, "texture": "#2"}
			}
		},
		{
			"from": [11.34099, 1.05546, 14.5],
			"to": [12.59099, 2.80546, 15.75],
			"rotation": {"angle": 0, "axis": "y", "origin": [8, 8, 7.25]},
			"faces": {
				"north": {"uv": [8, 5.5, 12.014, 8.014], "texture": "#2"},
				"east": {"uv": [8, 5.5, 12.014, 8.014], "texture": "#2"},
				"south": {"uv": [8, 5.5, 12.014, 8.014], "texture": "#2"},
				"west": {"uv": [8, 5.5, 12.014, 8.014], "texture": "#2"},
				"up": {"uv": [8, 5.5, 12.014, 8.014], "texture": "#2"},
				"down": {"uv": [8, 5.5, 12.014, 8.014], "texture": "#2"}
			}
		},
		{
			"from": [10.25, 2.85, 14.6],
			"to": [12.75, 3.9, 15.65],
			"rotation": {"angle": -45, "axis": "z", "origin": [10.125, 3.625, 15.25]},
			"faces": {
				"north": {"uv": [11.5, 8.5, 10.5, 15.5], "rotation": 90, "texture": "#2"},
				"east": {"uv": [11.5, 8.5, 10.5, 15.5], "rotation": 90, "texture": "#2"},
				"south": {"uv": [11.5, 8.5, 10.5, 15.5], "rotation": 90, "texture": "#2"},
				"west": {"uv": [11.5, 8.5, 10.5, 15.5], "rotation": 90, "texture": "#2"},
				"up": {"uv": [11.5, 8.5, 10.5, 15.5], "rotation": 90, "texture": "#2"},
				"down": {"uv": [11.5, 8.5, 10.5, 15.5], "rotation": 90, "texture": "#2"}
			}
		},
		{
			"from": [9.25, 2.75, 14.5],
			"to": [10.5, 4, 15.75],
			"rotation": {"angle": -45, "axis": "z", "origin": [10.125, 3.625, 15.25]},
			"faces": {
				"north": {"uv": [14, 0, 16, 2], "rotation": 90, "texture": "#2"},
				"east": {"uv": [10, 10.75, 12, 13], "texture": "#2"},
				"south": {"uv": [14, 0, 16, 2], "rotation": 90, "texture": "#2"},
				"west": {"uv": [10, 10.75, 12, 13], "rotation": 90, "texture": "#2"},
				"up": {"uv": [10, 10.75, 12, 13], "rotation": 90, "texture": "#2"},
				"down": {"uv": [10, 10.75, 12, 13], "rotation": 90, "texture": "#2"}
			}
		},
		{
			"from": [3.89998, 8.47338, 10.83801],
			"to": [4.64998, 11.75338, 19.75801],
			"faces": {
				"north": {"uv": [0.5, 11.5, 8, 8], "rotation": 180, "texture": "#2"},
				"east": {"uv": [0, 11.5, 7.5, 8], "rotation": 180, "texture": "#2"},
				"south": {"uv": [0.5, 11.5, 8, 8], "rotation": 180, "texture": "#2"},
				"west": {"uv": [0.5, 11.5, 8, 8], "rotation": 180, "texture": "#2"},
				"up": {"uv": [0.5, 11.5, 8, 8], "rotation": 180, "texture": "#2"},
				"down": {"uv": [0.5, 11.5, 8, 8], "rotation": 180, "texture": "#2"}
			}
		},
		{
			"from": [11.35002, 8.47338, 10.83801],
			"to": [12.10002, 11.75338, 19.75801],
			"faces": {
				"north": {"uv": [8, 11.5, 0.5, 8], "rotation": 180, "texture": "#2"},
				"east": {"uv": [8, 11.5, 0.5, 8], "rotation": 180, "texture": "#2"},
				"south": {"uv": [8, 11.5, 0.5, 8], "rotation": 180, "texture": "#2"},
				"west": {"uv": [7.5, 11.5, 0, 8], "rotation": 180, "texture": "#2"},
				"up": {"uv": [8, 11.5, 0.5, 8], "rotation": 180, "texture": "#2"},
				"down": {"uv": [8, 11.5, 0.5, 8], "rotation": 180, "texture": "#2"}
			}
		},
		{
			"from": [3.79999, 9.5133, 20.09233],
			"to": [4.74999, 13.2633, 21.29233],
			"rotation": {"angle": 22.5, "axis": "x", "origin": [7.89999, 12.7633, 16.44233]},
			"faces": {
				"north": {"uv": [3.2, 0, 2, 3.25], "rotation": 180, "texture": "#2"},
				"east": {"uv": [3.2, 0, 2, 3.25], "rotation": 180, "texture": "#2"},
				"south": {"uv": [3.2, 0, 2, 3.25], "rotation": 180, "texture": "#2"},
				"west": {"uv": [3.2, 0, 2, 3.25], "texture": "#2"},
				"up": {"uv": [2, 3.25, 3.2, 0], "rotation": 180, "texture": "#2"},
				"down": {"uv": [2, 3.25, 3.2, 0], "rotation": 180, "texture": "#2"}
			}
		},
		{
			"from": [3.79999, 12.25844, 18.39263],
			"to": [4.74999, 17.25844, 19.59263],
			"rotation": {"angle": -45, "axis": "x", "origin": [8, 14.13344, 19.84263]},
			"faces": {
				"north": {"uv": [3.2, 3.25, 2, 0], "rotation": 180, "texture": "#2"},
				"east": {"uv": [3.2, 3.25, 2, 0], "rotation": 180, "texture": "#2"},
				"south": {"uv": [3.2, 3.25, 2, 0], "rotation": 180, "texture": "#2"},
				"west": {"uv": [3.2, 3.25, 2, 0], "texture": "#2"},
				"up": {"uv": [2, 0, 3.2, 3.25], "rotation": 180, "texture": "#2"},
				"down": {"uv": [2, 0, 3.2, 3.25], "rotation": 180, "texture": "#2"}
			}
		},
		{
			"from": [11.25001, 9.5133, 20.09233],
			"to": [12.20001, 13.2633, 21.29233],
			"rotation": {"angle": 22.5, "axis": "x", "origin": [8.10001, 12.7633, 16.44233]},
			"faces": {
				"north": {"uv": [3.45, 0, 2.25, 3.25], "rotation": 180, "texture": "#2"},
				"east": {"uv": [3.2, 0, 2, 3.25], "rotation": 180, "texture": "#2"},
				"south": {"uv": [3.45, 0, 2.25, 3.25], "rotation": 180, "texture": "#2"},
				"west": {"uv": [3.45, 0, 2.25, 3.25], "texture": "#2"},
				"up": {"uv": [2.25, 3.25, 3.45, 0], "rotation": 180, "texture": "#2"},
				"down": {"uv": [2.25, 3.25, 3.45, 0], "rotation": 180, "texture": "#2"}
			}
		},
		{
			"from": [11.25001, 12.25844, 18.39263],
			"to": [12.20001, 17.25844, 19.59263],
			"rotation": {"angle": -45, "axis": "x", "origin": [8, 14.13344, 19.84263]},
			"faces": {
				"north": {"uv": [3.45, 3.25, 2.25, 0], "rotation": 180, "texture": "#2"},
				"east": {"uv": [3.2, 3.25, 2, 0], "rotation": 180, "texture": "#2"},
				"south": {"uv": [3.45, 3.25, 2.25, 0], "rotation": 180, "texture": "#2"},
				"west": {"uv": [3.45, 3.25, 2.25, 0], "texture": "#2"},
				"up": {"uv": [2.25, 0, 3.45, 3.25], "rotation": 180, "texture": "#2"},
				"down": {"uv": [2.25, 0, 3.45, 3.25], "rotation": 180, "texture": "#2"}
			}
		},
		{
			"from": [11.24576, 11.35985, 19.78026],
			"to": [12.22076, 12.75985, 21.18026],
			"rotation": {"angle": 0, "axis": "y", "origin": [8, 4.15, 18]},
			"faces": {
				"north": {"uv": [0, 2.5, 2, 5], "texture": "#2"},
				"east": {"uv": [14, 0, 16, 2], "texture": "#2"},
				"south": {"uv": [0, 2.5, 2, 5], "texture": "#2"},
				"west": {"uv": [14, 0, 16, 2], "texture": "#2"},
				"up": {"uv": [0, 2.5, 2, 5], "texture": "#2"},
				"down": {"uv": [0, 2.5, 2, 5], "texture": "#2"}
			}
		},
		{
			"from": [3.77924, 11.35985, 19.78026],
			"to": [4.75424, 12.75985, 21.18026],
			"rotation": {"angle": 0, "axis": "y", "origin": [8, 4.15, 18]},
			"faces": {
				"north": {"uv": [2, 2.5, 0, 5], "texture": "#2"},
				"east": {"uv": [16, 0, 14, 2], "texture": "#2"},
				"south": {"uv": [2, 2.5, 0, 5], "texture": "#2"},
				"west": {"uv": [16, 0, 14, 2], "texture": "#2"},
				"up": {"uv": [2, 2.5, 0, 5], "texture": "#2"},
				"down": {"uv": [2, 2.5, 0, 5], "texture": "#2"}
			}
		},
		{
			"from": [11.24576, 7.60985, 18.53026],
			"to": [12.22076, 9.00985, 19.93026],
			"rotation": {"angle": 0, "axis": "x", "origin": [8, 0.4, 16.75]},
			"faces": {
				"north": {"uv": [0, 2.5, 2, 5], "texture": "#2"},
				"east": {"uv": [14, 0, 16, 2], "texture": "#2"},
				"south": {"uv": [0, 2.5, 2, 5], "texture": "#2"},
				"west": {"uv": [14, 0, 16, 2], "texture": "#2"},
				"up": {"uv": [0, 2.5, 2, 5], "texture": "#2"},
				"down": {"uv": [0, 2.5, 2, 5], "texture": "#2"}
			}
		},
		{
			"from": [4.44576, 7.70985, 18.68026],
			"to": [11.57076, 8.90985, 19.88026],
			"rotation": {"angle": 0, "axis": "x", "origin": [8.00826, 8.30985, 19.28026]},
			"faces": {
				"north": {"uv": [2, 0, 4, 8], "rotation": 90, "texture": "#2"},
				"east": {"uv": [2, 0, 4, 8], "rotation": 90, "texture": "#2"},
				"south": {"uv": [2, 0, 4, 8], "rotation": 90, "texture": "#2"},
				"west": {"uv": [2, 0, 4, 8], "rotation": 90, "texture": "#2"},
				"up": {"uv": [2, 0, 4, 8], "rotation": 90, "texture": "#2"},
				"down": {"uv": [2, 0, 4, 8], "rotation": 90, "texture": "#2"}
			}
		},
		{
			"from": [4.44576, 3.20985, 10.68026],
			"to": [11.57076, 4.40985, 11.88026],
			"rotation": {"angle": 0, "axis": "x", "origin": [8.00826, 8.30985, 19.28026]},
			"faces": {
				"north": {"uv": [2, 0, 4, 8], "rotation": 90, "texture": "#2"},
				"east": {"uv": [2, 0, 4, 8], "rotation": 90, "texture": "#2"},
				"south": {"uv": [2, 0, 4, 8], "rotation": 90, "texture": "#2"},
				"west": {"uv": [2, 0, 4, 8], "rotation": 90, "texture": "#2"},
				"up": {"uv": [2, 0, 4, 8], "rotation": 90, "texture": "#2"},
				"down": {"uv": [2, 0, 4, 8], "rotation": 90, "texture": "#2"}
			}
		},
		{
			"from": [11.25524, 7.71691, 11.10768],
			"to": [12.20524, 8.91691, 19.10768],
			"rotation": {"angle": 0, "axis": "y", "origin": [8, 12.5, 16]},
			"faces": {
				"north": {"uv": [2, 0, 3.2, 8], "rotation": 90, "texture": "#2"},
				"east": {"uv": [2, 0, 3.2, 8], "rotation": 270, "texture": "#2"},
				"south": {"uv": [2, 0, 3.2, 8], "rotation": 90, "texture": "#2"},
				"west": {"uv": [2, 0, 3.2, 8], "rotation": 270, "texture": "#2"},
				"up": {"uv": [2, 0, 3.2, 8], "texture": "#2"},
				"down": {"uv": [2, 0, 3.2, 8], "rotation": 180, "texture": "#2"}
			}
		},
		{
			"from": [3.77924, 7.60985, 18.53026],
			"to": [4.75424, 9.00985, 19.93026],
			"rotation": {"angle": 0, "axis": "x", "origin": [8, 0.4, 16.75]},
			"faces": {
				"north": {"uv": [0, 2.5, 2, 5], "texture": "#2"},
				"east": {"uv": [14, 0, 16, 2], "texture": "#2"},
				"south": {"uv": [0, 2.5, 2, 5], "texture": "#2"},
				"west": {"uv": [14, 0, 16, 2], "texture": "#2"},
				"up": {"uv": [0, 2.5, 2, 5], "texture": "#2"},
				"down": {"uv": [0, 2.5, 2, 5], "texture": "#2"}
			}
		},
		{
			"from": [3.79476, 7.71691, 11.10768],
			"to": [4.74476, 8.91691, 19.10768],
			"rotation": {"angle": 0, "axis": "y", "origin": [8, 12.5, 16]},
			"faces": {
				"north": {"uv": [2, 0, 3.2, 8], "rotation": 270, "texture": "#2"},
				"east": {"uv": [2, 0, 3.2, 8], "rotation": 270, "texture": "#2"},
				"south": {"uv": [2, 0, 3.2, 8], "rotation": 270, "texture": "#2"},
				"west": {"uv": [2, 0, 3.2, 8], "rotation": 270, "texture": "#2"},
				"up": {"uv": [2, 0, 3.2, 8], "rotation": 180, "texture": "#2"},
				"down": {"uv": [2, 0, 3.2, 8], "texture": "#2"}
			}
		},
		{
			"from": [3.79567, 15.34497, 10.54598],
			"to": [4.74567, 16.54497, 16.49598],
			"rotation": {"angle": 0, "axis": "y", "origin": [8, 8, 15.15]},
			"faces": {
				"north": {"uv": [2, 0, 3.2, 0.95], "rotation": 270, "texture": "#2"},
				"east": {"uv": [2, 0, 3.2, 7.95], "rotation": 270, "texture": "#2"},
				"south": {"uv": [2, 0, 3.2, 0.95], "rotation": 270, "texture": "#2"},
				"west": {"uv": [2, 0, 3.2, 7.95], "rotation": 90, "texture": "#2"},
				"up": {"uv": [2, 0, 2.95, 5.95], "rotation": 180, "texture": "#2"},
				"down": {"uv": [2, 0, 2.95, 7.95], "rotation": 180, "texture": "#2"}
			}
		},
		{
			"from": [11.25433, 15.34497, 10.54598],
			"to": [12.20433, 16.54497, 16.49598],
			"rotation": {"angle": 0, "axis": "y", "origin": [8, 8, 15.15]},
			"faces": {
				"north": {"uv": [2, 0, 3.2, 0.95], "rotation": 90, "texture": "#2"},
				"east": {"uv": [2, 0, 3.2, 7.95], "rotation": 90, "texture": "#2"},
				"south": {"uv": [2, 0, 3.2, 0.95], "rotation": 90, "texture": "#2"},
				"west": {"uv": [2, 0, 3.2, 7.95], "rotation": 90, "texture": "#2"},
				"up": {"uv": [2, 0, 2.95, 5.95], "texture": "#2"},
				"down": {"uv": [2, 0, 2.95, 7.95], "rotation": 180, "texture": "#2"}
			}
		},
		{
			"from": [4.75, 7.75, 10.85],
			"to": [11.25, 8.75, 18.85],
			"faces": {
				"north": {"uv": [0, 8, 8, 8.5], "texture": "#2"},
				"east": {"uv": [0, 8, 8, 8.5], "texture": "#2"},
				"south": {"uv": [0, 8, 8, 8.5], "texture": "#2"},
				"west": {"uv": [0, 8, 8, 8.5], "texture": "#2"},
				"up": {"uv": [0, 8, 8, 16], "texture": "#2"},
				"down": {"uv": [0, 8, 8, 16], "texture": "#2"}
			}
		},
		{
			"from": [4.44576, 16.05985, 10.93026],
			"to": [11.57076, 16.25985, 17.88026],
			"rotation": {"angle": 0, "axis": "y", "origin": [8, 8, 15.15]},
			"faces": {
				"north": {"uv": [0, 8, 8, 16], "rotation": 90, "texture": "#2"},
				"east": {"uv": [0, 8, 8, 16], "rotation": 90, "texture": "#2"},
				"south": {"uv": [0, 8, 8, 16], "rotation": 90, "texture": "#2"},
				"west": {"uv": [0, 8, 8, 16], "rotation": 90, "texture": "#2"},
				"up": {"uv": [0, 8, 8, 16], "rotation": 90, "texture": "#2"},
				"down": {"uv": [0, 8, 8, 16], "rotation": 90, "texture": "#2"}
			}
		},
		{
			"from": [4.44576, 15.30985, 16.53026],
			"to": [11.57076, 16.50985, 17.73026],
			"rotation": {"angle": 0, "axis": "y", "origin": [8, 8, 16.65]},
			"faces": {
				"north": {"uv": [2, 0, 4, 8], "rotation": 90, "texture": "#2"},
				"east": {"uv": [2, 0, 4, 8], "rotation": 90, "texture": "#2"},
				"south": {"uv": [2, 0, 4, 8], "rotation": 90, "texture": "#2"},
				"west": {"uv": [2, 0, 4, 8], "rotation": 90, "texture": "#2"},
				"up": {"uv": [2, 0, 4, 8], "rotation": 90, "texture": "#2"},
				"down": {"uv": [2, 0, 4, 8], "rotation": 90, "texture": "#2"}
			}
		},
		{
			"from": [3.77924, 15.20985, 16.43026],
			"to": [4.75424, 16.60985, 17.83026],
			"rotation": {"angle": 0, "axis": "y", "origin": [8, 8, 14.65]},
			"faces": {
				"north": {"uv": [0, 2.5, 2, 5], "texture": "#2"},
				"east": {"uv": [14, 0, 16, 2], "texture": "#2"},
				"south": {"uv": [0, 2.5, 2, 5], "texture": "#2"},
				"west": {"uv": [14, 0, 16, 2], "texture": "#2"},
				"up": {"uv": [0, 2.5, 2, 5], "texture": "#2"},
				"down": {"uv": [0, 2.5, 2, 5], "texture": "#2"}
			}
		},
		{
			"from": [11.24576, 15.20985, 16.43026],
			"to": [12.22076, 16.60985, 17.83026],
			"rotation": {"angle": 0, "axis": "y", "origin": [8, 8, 14.65]},
			"faces": {
				"north": {"uv": [2, 2.5, 0, 5], "texture": "#2"},
				"east": {"uv": [16, 0, 14, 2], "texture": "#2"},
				"south": {"uv": [2, 2.5, 0, 5], "texture": "#2"},
				"west": {"uv": [16, 0, 14, 2], "texture": "#2"},
				"up": {"uv": [2, 2.5, 0, 5], "texture": "#2"},
				"down": {"uv": [2, 2.5, 0, 5], "texture": "#2"}
			}
		},
		{
			"from": [3.40901, 1.05546, 6.75],
			"to": [4.65901, 2.80546, 8],
			"rotation": {"angle": 0, "axis": "y", "origin": [8, 8, 17]},
			"faces": {
				"north": {"uv": [8, 5.5, 12.014, 8.014], "texture": "#2"},
				"east": {"uv": [8, 5.5, 12.014, 8.014], "texture": "#2"},
				"south": {"uv": [8, 5.5, 12.014, 8.014], "texture": "#2"},
				"west": {"uv": [8, 5.5, 12.014, 8.014], "texture": "#2"},
				"up": {"uv": [8, 5.5, 12.014, 8.014], "texture": "#2"},
				"down": {"uv": [8, 5.5, 12.014, 8.014], "texture": "#2"}
			}
		},
		{
			"from": [3.25, 2.85, 6.85],
			"to": [5.75, 3.9, 7.9],
			"rotation": {"angle": 45, "axis": "z", "origin": [5.875, 3.625, 7.5]},
			"faces": {
				"north": {"uv": [11.5, 8.5, 10.5, 15.5], "rotation": 90, "texture": "#2"},
				"east": {"uv": [11.5, 8.5, 10.5, 15.5], "rotation": 90, "texture": "#2"},
				"south": {"uv": [11.5, 8.5, 10.5, 15.5], "rotation": 90, "texture": "#2"},
				"west": {"uv": [11.5, 8.5, 10.5, 15.5], "rotation": 90, "texture": "#2"},
				"up": {"uv": [11.5, 8.5, 10.5, 15.5], "rotation": 90, "texture": "#2"},
				"down": {"uv": [11.5, 8.5, 10.5, 15.5], "rotation": 90, "texture": "#2"}
			}
		},
		{
			"from": [5.5, 2.75, 6.75],
			"to": [6.75, 4, 8],
			"rotation": {"angle": 45, "axis": "z", "origin": [5.875, 3.625, 7.5]},
			"faces": {
				"north": {"uv": [14, 0, 16, 2], "rotation": 90, "texture": "#2"},
				"east": {"uv": [10, 10.75, 12, 13], "rotation": 90, "texture": "#2"},
				"south": {"uv": [14, 0, 16, 2], "rotation": 90, "texture": "#2"},
				"west": {"uv": [10, 10.75, 12, 13], "texture": "#2"},
				"up": {"uv": [10, 10.75, 12, 13], "rotation": 90, "texture": "#2"},
				"down": {"uv": [10, 10.75, 12, 13], "rotation": 90, "texture": "#2"}
			}
		},
		{
			"from": [11.34099, 1.05546, 6.75],
			"to": [12.59099, 2.80546, 8],
			"rotation": {"angle": 0, "axis": "y", "origin": [8, 8, 17]},
			"faces": {
				"north": {"uv": [12.014, 5.5, 8, 8.014], "texture": "#2"},
				"east": {"uv": [12.014, 5.5, 8, 8.014], "texture": "#2"},
				"south": {"uv": [12.014, 5.5, 8, 8.014], "texture": "#2"},
				"west": {"uv": [12.014, 5.5, 8, 8.014], "texture": "#2"},
				"up": {"uv": [12.014, 5.5, 8, 8.014], "texture": "#2"},
				"down": {"uv": [12.014, 5.5, 8, 8.014], "texture": "#2"}
			}
		},
		{
			"from": [10.25, 2.85, 6.85],
			"to": [12.75, 3.9, 7.9],
			"rotation": {"angle": -45, "axis": "z", "origin": [10.125, 3.625, 7.5]},
			"faces": {
				"north": {"uv": [11.5, 15.5, 10.5, 8.5], "rotation": 90, "texture": "#2"},
				"east": {"uv": [11.5, 15.5, 10.5, 8.5], "rotation": 90, "texture": "#2"},
				"south": {"uv": [11.5, 15.5, 10.5, 8.5], "rotation": 90, "texture": "#2"},
				"west": {"uv": [11.5, 15.5, 10.5, 8.5], "rotation": 90, "texture": "#2"},
				"up": {"uv": [11.5, 15.5, 10.5, 8.5], "rotation": 90, "texture": "#2"},
				"down": {"uv": [11.5, 15.5, 10.5, 8.5], "rotation": 90, "texture": "#2"}
			}
		},
		{
			"from": [9.25, 2.75, 6.75],
			"to": [10.5, 4, 8],
			"rotation": {"angle": -45, "axis": "z", "origin": [10.125, 3.625, 7.5]},
			"faces": {
				"north": {"uv": [14, 2, 16, 0], "rotation": 90, "texture": "#2"},
				"east": {"uv": [12, 10.75, 10, 13], "texture": "#2"},
				"south": {"uv": [14, 2, 16, 0], "rotation": 90, "texture": "#2"},
				"west": {"uv": [10, 13, 12, 10.75], "rotation": 90, "texture": "#2"},
				"up": {"uv": [10, 13, 12, 10.75], "rotation": 90, "texture": "#2"},
				"down": {"uv": [10, 13, 12, 10.75], "rotation": 90, "texture": "#2"}
			}
		},
		{
			"from": [0.25, 6.475, 2.75],
			"to": [4, 8.525, 10.75],
			"rotation": {"angle": 0, "axis": "y", "origin": [8.25, 7.5, 8]},
			"faces": {
				"north": {"uv": [4.25, 8, 7.999, 10], "texture": "#2"},
				"east": {"uv": [0, 8.5, 8, 10.5], "texture": "#2"},
				"south": {"uv": [0, 8, 3.75, 10], "texture": "#2"},
				"west": {"uv": [0, 13.5, 8, 15.5], "texture": "#2"},
				"up": {"uv": [0.5, 8, 4.249, 16], "texture": "#2"},
				"down": {"uv": [0.5, 8, 4.249, 16], "texture": "#2"}
			}
		},
		{
			"from": [0.25, 6.475, 10.75],
			"to": [4, 8.525, 18.75],
			"rotation": {"angle": 0, "axis": "y", "origin": [8.25, 7.5, 16]},
			"faces": {
				"north": {"uv": [4.25, 8, 7.999, 10], "texture": "#2"},
				"east": {"uv": [0, 8.5, 8, 10.5], "texture": "#2"},
				"south": {"uv": [0, 8, 3.75, 10], "texture": "#2"},
				"west": {"uv": [0, 13.5, 8, 15.5], "texture": "#2"},
				"up": {"uv": [0.5, 8, 4.249, 16], "texture": "#2"},
				"down": {"uv": [0.5, 8, 4.249, 16], "texture": "#2"}
			}
		},
		{
			"from": [12, 6.475, 2.75],
			"to": [15.75, 8.525, 10.75],
			"rotation": {"angle": 0, "axis": "y", "origin": [7.75, 7.5, 8]},
			"faces": {
				"north": {"uv": [7.999, 8, 4.25, 10], "texture": "#2"},
				"east": {"uv": [8, 13.5, 0, 15.5], "texture": "#2"},
				"south": {"uv": [3.75, 8, 0, 10], "texture": "#2"},
				"west": {"uv": [8, 8.5, 0, 10.5], "texture": "#2"},
				"up": {"uv": [4.249, 8, 0.5, 16], "texture": "#2"},
				"down": {"uv": [4.249, 8, 0.5, 16], "texture": "#2"}
			}
		},
		{
			"from": [12, 6.475, 10.75],
			"to": [15.75, 8.525, 18.75],
			"rotation": {"angle": 0, "axis": "y", "origin": [7.75, 7.5, 16]},
			"faces": {
				"north": {"uv": [7.999, 8, 4.25, 10], "texture": "#2"},
				"east": {"uv": [8, 13.5, 0, 15.5], "texture": "#2"},
				"south": {"uv": [3.75, 8, 0, 10], "texture": "#2"},
				"west": {"uv": [8, 8.5, 0, 10.5], "texture": "#2"},
				"up": {"uv": [4.249, 8, 0.5, 16], "texture": "#2"},
				"down": {"uv": [4.249, 8, 0.5, 16], "texture": "#2"}
			}
		},
		{
			"from": [1.63801, 6.5, -3.22799],
			"to": [5.38801, 8.5, 3.77201],
			"rotation": {"angle": -22.5, "axis": "y", "origin": [3.51301, 7.5, -0.22799]},
			"faces": {
				"north": {"uv": [4.25, 8, 8, 10], "texture": "#2"},
				"east": {"uv": [0, 8.5, 7, 10.5], "texture": "#2"},
				"south": {"uv": [0, 8, 3.75, 10], "texture": "#2"},
				"west": {"uv": [0, 13.5, 7, 15.5], "texture": "#2"},
				"up": {"uv": [0.5, 8, 4.249, 15], "texture": "#2"},
				"down": {"uv": [0.5, 9, 4.249, 16], "texture": "#2"}
			}
		},
		{
			"from": [10.61199, 6.5, -3.22799],
			"to": [14.36199, 8.5, 3.77201],
			"rotation": {"angle": 22.5, "axis": "y", "origin": [12.48699, 7.5, -0.22799]},
			"faces": {
				"north": {"uv": [8, 8, 4.25, 10], "texture": "#2"},
				"east": {"uv": [7, 13.5, 0, 15.5], "texture": "#2"},
				"south": {"uv": [3.75, 8, 0, 10], "texture": "#2"},
				"west": {"uv": [7, 8.5, 0, 10.5], "texture": "#2"},
				"up": {"uv": [4.249, 8, 0.5, 15], "texture": "#2"},
				"down": {"uv": [4.249, 9, 0.5, 16], "texture": "#2"}
			}
		},
		{
			"from": [8.12434, 6.6, -5.34735],
			"to": [11.12434, 8.4, -1.59735],
			"rotation": {"angle": 22.5, "axis": "y", "origin": [9.62434, 7.5, 8.52765]},
			"faces": {
				"north": {"uv": [0, 13.5, 3, 15.5], "texture": "#2"},
				"east": {"uv": [4.25, 8, 8, 10], "texture": "#2"},
				"south": {"uv": [0, 8.5, 3, 10.5], "texture": "#2"},
				"west": {"uv": [0, 8, 3.75, 10], "texture": "#2"},
				"up": {"uv": [0.5, 8, 4.25, 11], "rotation": 90, "texture": "#2"},
				"down": {"uv": [0.5, 9, 4.25, 12], "rotation": 270, "texture": "#2"}
			}
		},
		{
			"from": [4.87566, 6.6, -5.34735],
			"to": [7.87566, 8.4, -1.59735],
			"rotation": {"angle": -22.5, "axis": "y", "origin": [6.37566, 7.5, 8.52765]},
			"faces": {
				"north": {"uv": [3, 13.5, 0, 15.5], "texture": "#2"},
				"east": {"uv": [3.75, 8, 0, 10], "texture": "#2"},
				"south": {"uv": [3, 8.5, 0, 10.5], "texture": "#2"},
				"west": {"uv": [8, 8, 4.25, 10], "texture": "#2"},
				"up": {"uv": [0.5, 11, 4.25, 8], "rotation": 90, "texture": "#2"},
				"down": {"uv": [0.5, 12, 4.25, 9], "rotation": 270, "texture": "#2"}
			}
		}
	],
	"display": {
		"ground": {
			"translation": [0, 0.75, 0],
			"scale": [0.5, 0.5, 0.5]
		},
		"gui": {
			"rotation": [45, 145, 0],
			"translation": [0, -0.5, 0],
			"scale": [0.5, 0.5, 0.5]
		},
		"head": {
			"translation": [0, -5.5, 0],
			"scale": [3.3, 3.3, 3.3]
		},
		"fixed": {
			"rotation": [0, 90, 0],
			"translation": [-0.25, -1.75, 0],
			"scale": [0.7, 0.7, 0.7]
		}
	},
	"groups": [
		{
			"name": "seat",
			"origin": [8, 8, 8],
			"children": [0, 1, 2, 3]
		}, 4, 5, 6, 7, 8, 9, 10, 11, 12, 13, 14, 15, 16, 17, 18, 19, 20, 21, 22, 23, 24, 25, 26, 27, 28, 29, 30, 31, 32, 33, 34, 35, 36, 37, 38, 39, 40, 41, 42, 43, 44, 45, 46, 47, 48, 49, 50, 51, 52, 53, 54, 55, 56, 57, 58,
		{
			"name": "suspension",
			"origin": [8, 8, 8],
			"children": [59, 60, 61]
		},
		{
			"name": "suspension2",
			"origin": [8, 8, 8],
			"children": [62, 63, 64]
		},
		{
			"name": "suspension3",
			"origin": [8, 8, 8],
			"children": [65, 66, 67]
		},
		{
			"name": "suspension4",
			"origin": [8, 8, 8],
			"children": [68, 69, 70]
		},
		{
			"name": "cargo",
			"origin": [8, 12, 15.15],
			"children": [71, 72, 73, 74, 75, 76, 77, 78, 79, 80, 81, 82, 83, 84, 85, 86, 87, 88, 89, 90, 91]
		},
		{
			"name": "suspension5",
			"origin": [8, 8, 8],
			"children": [92, 93, 94]
		},
		{
			"name": "suspension6",
			"origin": [8, 8, 8],
			"children": [95, 96, 97]
		}, 98, 99, 100, 101, 102, 103, 104, 105]
}