{
	"credit": "Made with Blockbench",
	"parent": "item/generated",
	"textures": {
		"layer0": "w3e:spirits/item/lightingspiritstaff"
	},
	"display": {
		"thirdperson_righthand": {
			"rotation": [0, 90, 45],
			"translation": [0, 1, 1.5],
			"scale": [1.15, 1.15, 1.15]
		},
		"thirdperson_lefthand": {
			"rotation": [0, 90, -45],
			"translation": [0, 1, 1.5],
			"scale": [1.15, 1.15, 1.15]
		},
		"firstperson_righthand": {
			"rotation": [0, -90, 35]
		},
		"firstperson_lefthand": {
			"rotation": [0, 90, -35]
		},
		"ground": {
			"scale": [0.7, 0.7, 0.7]
		}
	}
}