{
	"credit": "Made with Blockbench",
	"texture_size": [32, 32],
	"textures": {
		"0": "w3e:spirits/item/maskparts1",
		"particle": "w3e:spirits/item/maskparts1"
	},
	"elements": [
		{
			"from": [0, 0, 7],
			"to": [16, 16, 8],
			"rotation": {"angle": 0, "axis": "y", "origin": [8, 8, 15]},
			"faces": {
				"north": {"uv": [0, 0, 8, 8], "texture": "#0"},
				"south": {"uv": [0, 0, 8, 8], "texture": "#0"}
			}
		},
		{
			"from": [6, 13.8, 6],
			"to": [10, 17.8, 7],
			"rotation": {"angle": 22.5, "axis": "x", "origin": [7.97469, 13.81482, 6.51052]},
			"faces": {
				"north": {"uv": [3, 8, 5, 10], "texture": "#0"},
				"east": {"uv": [3, 8, 3.5, 10], "texture": "#0"},
				"south": {"uv": [3, 8, 5, 10], "texture": "#0"},
				"west": {"uv": [4.5, 8, 5, 10], "texture": "#0"},
				"up": {"uv": [3, 8, 5, 8.5], "texture": "#0"},
				"down": {"uv": [3, 11, 5, 11.5], "texture": "#0"}
			}
		},
		{
			"from": [6.00023, 11.99309, 6.03635],
			"to": [10.00023, 13.99309, 7.03635],
			"rotation": {"angle": 0, "axis": "x", "origin": [7.97963, 11.01083, 6.53166]},
			"faces": {
				"north": {"uv": [3, 10.5, 5, 11.5], "texture": "#0"},
				"east": {"uv": [3, 10, 3.5, 11], "texture": "#0"},
				"south": {"uv": [3, 10, 5, 11], "texture": "#0"},
				"west": {"uv": [4.5, 10, 5, 11], "texture": "#0"},
				"up": {"uv": [3, 8, 5, 8.5], "texture": "#0"},
				"down": {"uv": [3, 11, 5, 11.5], "texture": "#0"}
			}
		},
		{
			"from": [1, 9, 7],
			"to": [1, 13, 8],
			"rotation": {"angle": 0, "axis": "y", "origin": [13, 8, 15]},
			"faces": {
				"north": {"uv": [7, 1.5, 7.5, 3.5], "texture": "#0"},
				"south": {"uv": [7, 1.5, 7.5, 3.5], "texture": "#0"},
				"west": {"uv": [7, 1.5, 7.5, 3.5], "texture": "#0"},
				"up": {"uv": [7, 1.5, 7.5, 3.5], "texture": "#0"},
				"down": {"uv": [7, 1.5, 7.5, 3.5], "texture": "#0"}
			}
		},
		{
			"from": [15, 9, 7],
			"to": [15, 13, 8],
			"rotation": {"angle": 0, "axis": "y", "origin": [3, 8, 15]},
			"faces": {
				"north": {"uv": [7.5, 1.5, 7, 3.5], "texture": "#0"},
				"east": {"uv": [7.5, 1.5, 7, 3.5], "texture": "#0"},
				"south": {"uv": [7.5, 1.5, 7, 3.5], "texture": "#0"},
				"up": {"uv": [7.5, 1.5, 7, 3.5], "texture": "#0"},
				"down": {"uv": [7.5, 1.5, 7, 3.5], "texture": "#0"}
			}
		},
		{
			"from": [2, 6, 7],
			"to": [2, 9, 8],
			"rotation": {"angle": 0, "axis": "y", "origin": [13, 8, 15]},
			"faces": {
				"north": {"uv": [7, 1.5, 7.5, 3.5], "texture": "#0"},
				"south": {"uv": [7, 1.5, 7.5, 3.5], "texture": "#0"},
				"west": {"uv": [6.5, 3.5, 7, 5], "texture": "#0"},
				"up": {"uv": [7, 1.5, 7.5, 3.5], "texture": "#0"},
				"down": {"uv": [7, 1.5, 7.5, 3.5], "texture": "#0"}
			}
		},
		{
			"from": [14, 6, 7],
			"to": [14, 9, 8],
			"rotation": {"angle": 0, "axis": "y", "origin": [3, 8, 15]},
			"faces": {
				"north": {"uv": [7.5, 1.5, 7, 3.5], "texture": "#0"},
				"east": {"uv": [7, 3.5, 6.5, 5], "texture": "#0"},
				"south": {"uv": [7.5, 1.5, 7, 3.5], "texture": "#0"},
				"up": {"uv": [7.5, 1.5, 7, 3.5], "texture": "#0"},
				"down": {"uv": [7.5, 1.5, 7, 3.5], "texture": "#0"}
			}
		},
		{
			"from": [10, 6, 7],
			"to": [10, 9, 8],
			"rotation": {"angle": 0, "axis": "y", "origin": [3, 8, 15]},
			"faces": {
				"north": {"uv": [7.5, 1.5, 7, 3.5], "texture": "#0"},
				"east": {"uv": [3.5, 3.5, 3, 5], "texture": "#0"},
				"south": {"uv": [7.5, 1.5, 7, 3.5], "texture": "#0"},
				"up": {"uv": [7.5, 1.5, 7, 3.5], "texture": "#0"},
				"down": {"uv": [7.5, 1.5, 7, 3.5], "texture": "#0"}
			}
		},
		{
			"from": [6, 6, 7],
			"to": [6, 9, 8],
			"rotation": {"angle": 0, "axis": "y", "origin": [13, 8, 15]},
			"faces": {
				"north": {"uv": [7, 1.5, 7.5, 3.5], "texture": "#0"},
				"south": {"uv": [7, 1.5, 7.5, 3.5], "texture": "#0"},
				"west": {"uv": [3, 3.5, 3.5, 5], "texture": "#0"},
				"up": {"uv": [7, 1.5, 7.5, 3.5], "texture": "#0"},
				"down": {"uv": [7, 1.5, 7.5, 3.5], "texture": "#0"}
			}
		},
		{
			"from": [13, 6, 7],
			"to": [13, 9, 8],
			"rotation": {"angle": 0, "axis": "y", "origin": [13, 8, 15]},
			"faces": {
				"north": {"uv": [7, 1.5, 7.5, 3.5], "texture": "#0"},
				"south": {"uv": [7, 1.5, 7.5, 3.5], "texture": "#0"},
				"west": {"uv": [1, 3.5, 1.5, 5], "texture": "#0"},
				"up": {"uv": [7, 1.5, 7.5, 3.5], "texture": "#0"},
				"down": {"uv": [7, 1.5, 7.5, 3.5], "texture": "#0"}
			}
		},
		{
			"from": [3, 6, 7],
			"to": [3, 9, 8],
			"rotation": {"angle": 0, "axis": "y", "origin": [3, 8, 15]},
			"faces": {
				"north": {"uv": [7.5, 1.5, 7, 3.5], "texture": "#0"},
				"east": {"uv": [1.5, 3.5, 1, 5], "texture": "#0"},
				"south": {"uv": [7.5, 1.5, 7, 3.5], "texture": "#0"},
				"up": {"uv": [7.5, 1.5, 7, 3.5], "texture": "#0"},
				"down": {"uv": [7.5, 1.5, 7, 3.5], "texture": "#0"}
			}
		},
		{
			"from": [10, 9, 7],
			"to": [13, 9, 8],
			"rotation": {"angle": 0, "axis": "z", "origin": [13, 8, 15]},
			"faces": {
				"north": {"uv": [7, 1.5, 7.5, 3.5], "rotation": 90, "texture": "#0"},
				"east": {"uv": [7, 1.5, 7.5, 3.5], "rotation": 270, "texture": "#0"},
				"south": {"uv": [7, 1.5, 7.5, 3.5], "rotation": 270, "texture": "#0"},
				"west": {"uv": [7, 1.5, 7.5, 3.5], "rotation": 270, "texture": "#0"},
				"down": {"uv": [1.5, 3, 3, 3.5], "texture": "#0"}
			}
		},
		{
			"from": [3, 9, 7],
			"to": [6, 9, 8],
			"rotation": {"angle": 0, "axis": "z", "origin": [3, 8, 15]},
			"faces": {
				"north": {"uv": [7, 3.5, 7.5, 1.5], "rotation": 90, "texture": "#0"},
				"east": {"uv": [7, 3.5, 7.5, 1.5], "rotation": 270, "texture": "#0"},
				"south": {"uv": [7, 3.5, 7.5, 1.5], "rotation": 270, "texture": "#0"},
				"west": {"uv": [7, 3.5, 7.5, 1.5], "rotation": 270, "texture": "#0"},
				"down": {"uv": [3, 3, 1.5, 3.5], "texture": "#0"}
			}
		},
		{
			"from": [10, 6, 7],
			"to": [13, 6, 8],
			"rotation": {"angle": 0, "axis": "z", "origin": [13, 8, 15]},
			"faces": {
				"north": {"uv": [7.5, 1.5, 7, 3.5], "rotation": 90, "texture": "#0"},
				"east": {"uv": [7.5, 1.5, 7, 3.5], "rotation": 270, "texture": "#0"},
				"south": {"uv": [7.5, 1.5, 7, 3.5], "rotation": 270, "texture": "#0"},
				"west": {"uv": [7.5, 1.5, 7, 3.5], "rotation": 270, "texture": "#0"},
				"up": {"uv": [3, 5, 1.5, 5.5], "texture": "#0"}
			}
		},
		{
			"from": [3, 6, 7],
			"to": [6, 6, 8],
			"rotation": {"angle": 0, "axis": "z", "origin": [3, 8, 15]},
			"faces": {
				"north": {"uv": [7.5, 3.5, 7, 1.5], "rotation": 90, "texture": "#0"},
				"east": {"uv": [7.5, 3.5, 7, 1.5], "rotation": 270, "texture": "#0"},
				"south": {"uv": [7.5, 3.5, 7, 1.5], "rotation": 270, "texture": "#0"},
				"west": {"uv": [7.5, 3.5, 7, 1.5], "rotation": 270, "texture": "#0"},
				"up": {"uv": [1.5, 5, 3, 5.5], "texture": "#0"}
			}
		},
		{
			"from": [2, 13, 7],
			"to": [2, 14, 8],
			"rotation": {"angle": 0, "axis": "z", "origin": [1, 13.5, 7.5]},
			"faces": {
				"west": {"uv": [6.5, 1, 7, 1.5], "texture": "#0"}
			}
		},
		{
			"from": [14, 13, 7],
			"to": [14, 14, 8],
			"rotation": {"angle": 0, "axis": "z", "origin": [15, 13.5, 7.5]},
			"faces": {
				"east": {"uv": [7, 1, 6.5, 1.5], "texture": "#0"}
			}
		},
		{
			"from": [2, 14, 7],
			"to": [3, 14, 8],
			"rotation": {"angle": 0, "axis": "y", "origin": [2.5, 15, 7.5]},
			"faces": {
				"up": {"uv": [6.5, 1, 7, 1.5], "rotation": 270, "texture": "#0"}
			}
		},
		{
			"from": [13, 14, 7],
			"to": [14, 14, 8],
			"rotation": {"angle": 0, "axis": "y", "origin": [13.5, 15, 7.5]},
			"faces": {
				"up": {"uv": [6.5, 1.5, 7, 1], "rotation": 270, "texture": "#0"}
			}
		},
		{
			"from": [3, 14, 7],
			"to": [3, 15, 8],
			"rotation": {"angle": 0, "axis": "z", "origin": [1, 13.5, 7.5]},
			"faces": {
				"west": {"uv": [6.5, 1, 7, 1.5], "texture": "#0"}
			}
		},
		{
			"from": [13, 14, 7],
			"to": [13, 15, 8],
			"rotation": {"angle": 0, "axis": "z", "origin": [15, 13.5, 7.5]},
			"faces": {
				"east": {"uv": [7, 1, 6.5, 1.5], "texture": "#0"}
			}
		},
		{
			"from": [5, 15, 7],
			"to": [5, 16, 8],
			"rotation": {"angle": 0, "axis": "z", "origin": [1, 13.5, 7.5]},
			"faces": {
				"west": {"uv": [6.5, 1, 7, 1.5], "texture": "#0"}
			}
		},
		{
			"from": [11, 15, 7],
			"to": [11, 16, 8],
			"rotation": {"angle": 0, "axis": "z", "origin": [15, 13.5, 7.5]},
			"faces": {
				"east": {"uv": [7, 1, 6.5, 1.5], "texture": "#0"}
			}
		},
		{
			"from": [3, 15, 7],
			"to": [5, 15, 8],
			"rotation": {"angle": 0, "axis": "z", "origin": [1, 13.5, 7.5]},
			"faces": {
				"up": {"uv": [5.5, 0.5, 6.5, 1], "rotation": 90, "texture": "#0"}
			}
		},
		{
			"from": [11, 15, 7],
			"to": [13, 15, 8],
			"rotation": {"angle": 0, "axis": "z", "origin": [15, 13.5, 7.5]},
			"faces": {
				"up": {"uv": [5.5, 1, 6.5, 0.5], "rotation": 90, "texture": "#0"}
			}
		},
		{
			"from": [5, 16, 7],
			"to": [8, 16, 8],
			"rotation": {"angle": 0, "axis": "z", "origin": [1, 13.5, 7.5]},
			"faces": {
				"up": {"uv": [4, 0, 5.5, 0.5], "rotation": 90, "texture": "#0"}
			}
		},
		{
			"from": [8, 16, 7],
			"to": [11, 16, 8],
			"rotation": {"angle": 0, "axis": "z", "origin": [15, 13.5, 7.5]},
			"faces": {
				"up": {"uv": [4, 0.5, 5.5, 0], "rotation": 90, "texture": "#0"}
			}
		},
		{
			"from": [4, 4, 7],
			"to": [6, 4, 8],
			"rotation": {"angle": 0, "axis": "z", "origin": [4, 4, 7.5]},
			"faces": {
				"down": {"uv": [5, 5.5, 6, 6], "rotation": 270, "texture": "#0"}
			}
		},
		{
			"from": [10, 4, 7],
			"to": [12, 4, 8],
			"rotation": {"angle": 0, "axis": "z", "origin": [12, 4, 7.5]},
			"faces": {
				"down": {"uv": [5, 6, 6, 5.5], "rotation": 270, "texture": "#0"}
			}
		},
		{
			"from": [1, 13, 7],
			"to": [2, 13, 8],
			"rotation": {"angle": 0, "axis": "y", "origin": [2.5, 15, 7.5]},
			"faces": {
				"up": {"uv": [6.5, 1, 7, 1.5], "rotation": 270, "texture": "#0"}
			}
		},
		{
			"from": [14, 13, 7],
			"to": [15, 13, 8],
			"rotation": {"angle": 0, "axis": "y", "origin": [13.5, 15, 7.5]},
			"faces": {
				"up": {"uv": [6.5, 1.5, 7, 1], "rotation": 270, "texture": "#0"}
			}
		},
		{
			"from": [1, 9, 7],
			"to": [2, 9, 8],
			"rotation": {"angle": 0, "axis": "z", "origin": [1.5, 13, 7.5]},
			"faces": {
				"down": {"uv": [6.5, 3.5, 7, 4], "rotation": 90, "texture": "#0"}
			}
		},
		{
			"from": [14, 9, 7],
			"to": [15, 9, 8],
			"rotation": {"angle": 0, "axis": "z", "origin": [14.5, 13, 7.5]},
			"faces": {
				"down": {"uv": [6.5, 4, 7, 3.5], "rotation": 90, "texture": "#0"}
			}
		},
		{
			"from": [2, 6, 7],
			"to": [3, 6, 8],
			"rotation": {"angle": 0, "axis": "z", "origin": [1.5, 13, 7.5]},
			"faces": {
				"down": {"uv": [6, 5, 6.5, 5.5], "rotation": 90, "texture": "#0"}
			}
		},
		{
			"from": [13, 6, 7],
			"to": [14, 6, 8],
			"rotation": {"angle": 0, "axis": "z", "origin": [14.5, 13, 7.5]},
			"faces": {
				"down": {"uv": [6, 5.5, 6.5, 5], "rotation": 90, "texture": "#0"}
			}
		},
		{
			"from": [3, 5, 7],
			"to": [4, 5, 8],
			"rotation": {"angle": 0, "axis": "z", "origin": [2.5, 12, 7.5]},
			"faces": {
				"down": {"uv": [6, 5, 6.5, 5.5], "rotation": 90, "texture": "#0"}
			}
		},
		{
			"from": [12, 5, 7],
			"to": [13, 5, 8],
			"rotation": {"angle": 0, "axis": "z", "origin": [13.5, 12, 7.5]},
			"faces": {
				"down": {"uv": [6, 5.5, 6.5, 5], "rotation": 90, "texture": "#0"}
			}
		},
		{
			"from": [6, 5, 7],
			"to": [7, 5, 8],
			"rotation": {"angle": 0, "axis": "z", "origin": [2.5, 12, 7.5]},
			"faces": {
				"down": {"uv": [4.5, 5, 5, 5.5], "rotation": 90, "texture": "#0"}
			}
		},
		{
			"from": [9, 5, 7],
			"to": [10, 5, 8],
			"rotation": {"angle": 0, "axis": "z", "origin": [13.5, 12, 7.5]},
			"faces": {
				"down": {"uv": [4.5, 5.5, 5, 5], "rotation": 90, "texture": "#0"}
			}
		},
		{
			"from": [7, 6, 7],
			"to": [8, 6, 8],
			"rotation": {"angle": 0, "axis": "z", "origin": [3.5, 13, 7.5]},
			"faces": {
				"down": {"uv": [4.5, 5, 5, 5.5], "rotation": 90, "texture": "#0"}
			}
		},
		{
			"from": [8, 6, 7],
			"to": [9, 6, 8],
			"rotation": {"angle": 0, "axis": "z", "origin": [12.5, 13, 7.5]},
			"faces": {
				"down": {"uv": [4.5, 5.5, 5, 5], "rotation": 90, "texture": "#0"}
			}
		},
		{
			"from": [3, 5, 7],
			"to": [3, 6, 8],
			"rotation": {"angle": 0, "axis": "z", "origin": [2.5, 6, 7.5]},
			"faces": {
				"west": {"uv": [6, 5, 6.5, 5.5], "rotation": 180, "texture": "#0"}
			}
		},
		{
			"from": [13, 5, 7],
			"to": [13, 6, 8],
			"rotation": {"angle": 0, "axis": "z", "origin": [13.5, 6, 7.5]},
			"faces": {
				"east": {"uv": [6.5, 5, 6, 5.5], "rotation": 180, "texture": "#0"}
			}
		},
		{
			"from": [4, 4, 7],
			"to": [4, 5, 8],
			"rotation": {"angle": 0, "axis": "z", "origin": [3.5, 5, 7.5]},
			"faces": {
				"west": {"uv": [6, 5, 6.5, 5.5], "rotation": 180, "texture": "#0"}
			}
		},
		{
			"from": [12, 4, 7],
			"to": [12, 5, 8],
			"rotation": {"angle": 0, "axis": "z", "origin": [12.5, 5, 7.5]},
			"faces": {
				"east": {"uv": [6.5, 5, 6, 5.5], "rotation": 180, "texture": "#0"}
			}
		},
		{
			"from": [6, 4, 7],
			"to": [6, 5, 8],
			"rotation": {"angle": 0, "axis": "z", "origin": [29.5, 5, 7.5]},
			"faces": {
				"east": {"uv": [5, 5, 4.5, 5.5], "rotation": 180, "texture": "#0"}
			}
		},
		{
			"from": [10, 4, 7],
			"to": [10, 5, 8],
			"rotation": {"angle": 0, "axis": "z", "origin": [-13.5, 5, 7.5]},
			"faces": {
				"west": {"uv": [4.5, 5, 5, 5.5], "rotation": 180, "texture": "#0"}
			}
		},
		{
			"from": [7, 5, 7],
			"to": [7, 6, 8],
			"rotation": {"angle": 0, "axis": "z", "origin": [27.5, 6, 7.5]},
			"faces": {
				"east": {"uv": [5, 5, 4.5, 5.5], "rotation": 180, "texture": "#0"}
			}
		},
		{
			"from": [9, 5, 7],
			"to": [9, 6, 8],
			"rotation": {"angle": 0, "axis": "z", "origin": [-11.5, 6, 7.5]},
			"faces": {
				"west": {"uv": [4.5, 5, 5, 5.5], "rotation": 180, "texture": "#0"}
			}
		}
	],
	"display": {
		"thirdperson_righthand": {
			"translation": [0, 0, 0.25],
			"scale": [0.6, 0.6, 0.6]
		},
		"firstperson_righthand": {
			"rotation": [0, 111, -30],
			"translation": [-0.5, 1.5, 0],
			"scale": [0.6, 0.6, 0.6]
		},
		"ground": {
			"scale": [0.6, 0.6, 0.6]
		},
		"gui": {
			"rotation": [15, 145, 0],
			"translation": [0, -2.25, 0]
		},
		"head": {
			"translation": [0, -1, -6.25],
			"scale": [1.1, 1.1, 1.1]
		},
		"fixed": {
			"translation": [0, -3.25, 0]
		}
	}
}