{
	"credit": "Made with Blockbench",
	"textures": {
		"2": "w3e:vehicle/glass",
		"4": "w3e:vehicle/hover/hover",
		"5": "w3e:vehicle/heli/2rotoridle",
		"particle": "w3e:vehicle/hover/hover"
	},
	"elements": [
		{
			"from": [5.35, 6.67594, 0.262],
			"to": [10.65, 7.20594, 5.138],
			"faces": {
				"north": {"uv": [8, 0, 11.875, 0.78], "texture": "#4"},
				"east": {"uv": [8, 0, 11.875, 0.78], "texture": "#4"},
				"south": {"uv": [8, 0, 11.875, 0.78], "texture": "#4"},
				"west": {"uv": [8, 0, 11.875, 0.78], "texture": "#4"},
				"up": {"uv": [8, 0, 12, 2.28], "texture": "#4"},
				"down": {"uv": [8, 0, 12, 0.78], "texture": "#4"}
			}
		},
		{
			"from": [5.35, 4.87781, 5.56524],
			"to": [10.65, 12.37381, 6.62524],
			"rotation": {"angle": 22.5, "axis": "x", "origin": [12.56794, 9.51531, 10.40149]},
			"faces": {
				"north": {"uv": [8, 0, 12, 2.496], "texture": "#4"},
				"east": {"uv": [8, 0, 8.56, 2.496], "texture": "#4"},
				"south": {"uv": [8, 0, 12.06, 2.496], "texture": "#4"},
				"west": {"uv": [8, 0, 8.56, 2.496], "rotation": 180, "texture": "#4"},
				"up": {"uv": [8, 0, 12.06, 2.496], "texture": "#4"},
				"down": {"uv": [8, 0, 12.06, 2.496], "texture": "#4"}
			}
		},
		{
			"from": [5.615, 4.61281, 5.45924],
			"to": [10.385, 12.10881, 5.98924],
			"rotation": {"angle": 22.5, "axis": "x", "origin": [12.56794, 9.51531, 10.40149]},
			"faces": {
				"north": {"uv": [12, 8, 13.5, 12.5], "texture": "#4"},
				"east": {"uv": [12, 8, 13.5, 16], "texture": "#4"},
				"south": {"uv": [12, 8, 13.5, 16], "texture": "#4"},
				"west": {"uv": [12, 8, 13.5, 16], "texture": "#4"},
				"up": {"uv": [12, 8, 13.5, 16], "texture": "#4"},
				"down": {"uv": [12, 8, 13.5, 16], "texture": "#4"}
			}
		},
		{
			"from": [5.615, 6.94094, 0.527],
			"to": [10.385, 7.47094, 4.608],
			"faces": {
				"north": {"uv": [12, 8, 13.5, 16], "texture": "#4"},
				"east": {"uv": [12, 8, 13.5, 16], "texture": "#4"},
				"south": {"uv": [12, 8, 13.5, 16], "texture": "#4"},
				"west": {"uv": [12, 8, 13.5, 16], "texture": "#4"},
				"up": {"uv": [12, 8.25, 13.5, 9.5], "texture": "#4"},
				"down": {"uv": [12, 8, 13.5, 16], "texture": "#4"}
			}
		},
		{
			"from": [5.244, 4.53331, 5.53874],
			"to": [10.756, 5.64631, 6.65174],
			"rotation": {"angle": 22.5, "axis": "x", "origin": [12.56794, 9.51531, 10.40149]},
			"faces": {
				"north": {"uv": [0, 0, 2, 8], "rotation": 90, "texture": "#4"},
				"east": {"uv": [14, 0, 16, 2], "rotation": 90, "texture": "#4"},
				"south": {"uv": [0, 0, 2, 8], "rotation": 90, "texture": "#4"},
				"west": {"uv": [14, 0, 16, 2], "rotation": 90, "texture": "#4"},
				"up": {"uv": [0, 0, 2, 8], "rotation": 90, "texture": "#4"},
				"down": {"uv": [0, 0, 2, 8], "rotation": 90, "texture": "#4"}
			}
		},
		{
			"from": [5.35, 5.615, -0.48],
			"to": [10.65, 6.675, 5.35],
			"faces": {
				"north": {"uv": [3, 11.5, 5.33, 12.56], "texture": "#4"},
				"east": {"uv": [3, 11.5, 5.33, 12.56], "texture": "#4"},
				"south": {"uv": [3, 11.5, 5.33, 12.56], "texture": "#4"},
				"west": {"uv": [3, 11.5, 5.33, 12.56], "texture": "#4"},
				"up": {"uv": [0, 9, 8, 14.83], "texture": "#4"},
				"down": {"uv": [0, 9.25, 8, 15.08], "texture": "#4"}
			}
		},
		{
			"from": [5.35, 6.67001, -2.86888],
			"to": [10.65, 7.73001, 0.04612],
			"rotation": {"angle": 22.5, "axis": "x", "origin": [8, 7.46501, -2.86888]},
			"faces": {
				"north": {"uv": [0, 11.5, 8, 12.56], "texture": "#4"},
				"east": {"uv": [2.5, 11.75, 5.415, 12.81], "texture": "#4"},
				"south": {"uv": [0, 11.75, 8, 12.81], "texture": "#4"},
				"west": {"uv": [2.5, 11.5, 5.415, 12.56], "texture": "#4"},
				"up": {"uv": [0, 10.5, 8, 13.415], "texture": "#4"},
				"down": {"uv": [0, 10.75, 8, 13.665], "texture": "#4"}
			}
		},
		{
			"from": [5.35, 6.73052, -3.17311],
			"to": [10.65, 10.17552, -1.31811],
			"faces": {
				"north": {"uv": [0, 8, 8, 12.445], "texture": "#4"},
				"east": {"uv": [3, 10.5, 4.855, 13.945], "rotation": 180, "texture": "#4"},
				"south": {"uv": [0, 8, 8, 12.445], "texture": "#4"},
				"west": {"uv": [3, 10.25, 4.855, 13.695], "rotation": 180, "texture": "#4"},
				"up": {"uv": [0, 11, 8, 12.855], "rotation": 180, "texture": "#4"},
				"down": {"uv": [0, 11.25, 8, 13.105], "rotation": 180, "texture": "#4"}
			}
		},
		{
			"from": [5.88, 7.99501, -2.07388],
			"to": [10.12, 8.79001, -0.21888],
			"rotation": {"angle": 45, "axis": "x", "origin": [8, 7.46501, -2.86888]},
			"faces": {
				"north": {"uv": [7.75, 0, 11.99, 1.855], "texture": "#4"},
				"east": {"uv": [7.75, 0, 9.605, 0.795], "texture": "#4"},
				"south": {"uv": [7.75, 0, 11.99, 1.855], "texture": "#4"},
				"west": {"uv": [7.75, 0, 9.605, 0.795], "texture": "#4"},
				"up": {"uv": [7.75, 0, 11.99, 1.855], "texture": "#4"},
				"down": {"uv": [7.75, 0, 11.99, 1.855], "texture": "#4"}
			}
		},
		{
			"from": [7.47, 8.10101, -1.86188],
			"to": [8.53, 8.89601, -0.74888],
			"rotation": {"angle": 45, "axis": "x", "origin": [8, 7.46501, -2.86888]},
			"faces": {
				"north": {"uv": [13.5, 10.5, 16, 13], "texture": "#4"},
				"east": {"uv": [13.5, 10.5, 16, 13], "texture": "#4"},
				"south": {"uv": [13.5, 10.5, 16, 13], "texture": "#4"},
				"west": {"uv": [13.5, 10.5, 16, 13], "texture": "#4"},
				"up": {"uv": [12.5, 0.5, 13.5, 1.5], "texture": "#4"},
				"down": {"uv": [13.5, 10.5, 16, 13], "texture": "#4"}
			}
		},
		{
			"from": [9.166, 8.17674, -1.48301],
			"to": [10.014, 8.44174, -0.10501],
			"rotation": {"angle": 45, "axis": "x", "origin": [9.166, 8.15024, -1.35051]},
			"faces": {
				"north": {"uv": [2.5, 0, 3.348, 1.378], "texture": "#4"},
				"east": {"uv": [2.5, 0, 3.878, 0.265], "texture": "#4"},
				"south": {"uv": [2.5, 0, 3.348, 0.265], "texture": "#4"},
				"west": {"uv": [2.5, 0, 3.878, 0.265], "texture": "#4"},
				"up": {"uv": [2.5, 0, 3.348, 1.378], "texture": "#4"},
				"down": {"uv": [2.5, 0, 3.348, 1.378], "texture": "#4"}
			}
		},
		{
			"from": [5.986, 8.17674, -1.48301],
			"to": [6.834, 8.44174, -0.10501],
			"rotation": {"angle": 45, "axis": "x", "origin": [9.166, 8.15024, -1.35051]},
			"faces": {
				"north": {"uv": [2.5, 0, 3.348, 1.378], "texture": "#4"},
				"east": {"uv": [2.5, 0, 3.878, 0.265], "texture": "#4"},
				"south": {"uv": [2.5, 0, 3.348, 0.265], "texture": "#4"},
				"west": {"uv": [2.5, 0, 3.878, 0.265], "texture": "#4"},
				"up": {"uv": [2.5, 0, 3.348, 1.378], "texture": "#4"},
				"down": {"uv": [2.5, 0, 3.348, 1.378], "texture": "#4"}
			}
		},
		{
			"from": [7.841, 7.00541, -0.95835],
			"to": [8.159, 10.98041, -0.64035],
			"faces": {
				"north": {"uv": [10.5, 8.5, 10.818, 12.475], "texture": "#4"},
				"east": {"uv": [10.5, 8.5, 10.818, 12.475], "texture": "#4"},
				"south": {"uv": [10.5, 8.5, 10.818, 12.475], "texture": "#4"},
				"west": {"uv": [10.5, 8.5, 10.818, 12.475], "texture": "#4"},
				"up": {"uv": [10.5, 8.5, 10.818, 12.475], "texture": "#4"},
				"down": {"uv": [10.5, 8.5, 10.818, 12.475], "texture": "#4"}
			}
		},
		{
			"from": [9.0865, 6.93501, -2.02088],
			"to": [10.0935, 8.57801, -1.22588],
			"faces": {
				"north": {"uv": [9.5, 0, 10.507, 1.643], "texture": "#4"},
				"east": {"uv": [9.5, 0, 10.507, 1.643], "texture": "#4"},
				"south": {"uv": [9.5, 0, 10.507, 1.643], "texture": "#4"},
				"west": {"uv": [9.5, 0, 10.507, 1.643], "texture": "#4"},
				"up": {"uv": [9.5, 0, 10.507, 1.643], "texture": "#4"},
				"down": {"uv": [9.5, 0, 10.507, 1.643], "texture": "#4"}
			}
		},
		{
			"from": [5.9065, 6.93501, -2.02088],
			"to": [6.9135, 8.57801, -1.22588],
			"faces": {
				"north": {"uv": [9.5, 0, 10.507, 1.643], "texture": "#4"},
				"east": {"uv": [9.5, 0, 10.507, 1.643], "texture": "#4"},
				"south": {"uv": [9.5, 0, 10.507, 1.643], "texture": "#4"},
				"west": {"uv": [9.5, 0, 10.507, 1.643], "texture": "#4"},
				"up": {"uv": [9.5, 0, 10.507, 1.643], "texture": "#4"},
				"down": {"uv": [9.5, 0, 10.507, 1.643], "texture": "#4"}
			}
		},
		{
			"from": [7.735, 9.54941, -1.06435],
			"to": [8.265, 10.87441, -0.53435],
			"faces": {
				"north": {"uv": [12, 9.25, 13.5, 10.575], "texture": "#4"},
				"east": {"uv": [12, 9.25, 13.5, 10.575], "texture": "#4"},
				"south": {"uv": [12, 9.25, 13.5, 10.575], "texture": "#4"},
				"west": {"uv": [12, 9.25, 13.5, 10.575], "texture": "#4"},
				"up": {"uv": [12, 11.75, 13.5, 13.075], "texture": "#4"},
				"down": {"uv": [12, 9.25, 13.5, 10.575], "texture": "#4"}
			}
		},
		{
			"from": [7.76, 9.44941, -1.03935],
			"to": [8.24, 10.97441, -0.55935],
			"faces": {
				"north": {"uv": [2, 1.5, 2.48, 3.025], "texture": "#4"},
				"east": {"uv": [2, 1.5, 2.48, 3.025], "texture": "#4"},
				"south": {"uv": [2, 1.5, 2.48, 3.025], "texture": "#4"},
				"west": {"uv": [2, 1.5, 2.48, 3.025], "texture": "#4"},
				"up": {"uv": [2, 1.5, 2.48, 1.98], "texture": "#4"},
				"down": {"uv": [2, 1.5, 2.48, 1.98], "texture": "#4"}
			}
		},
		{
			"from": [5.509, 10.06652, -1.90111],
			"to": [10.5175, 13.51152, -1.90111],
			"rotation": {"angle": 22.5, "axis": "x", "origin": [8, 12.37097, -2.40223]},
			"faces": {
				"north": {"uv": [0, 5, 16, 16], "texture": "#2"}
			}
		},
		{
			"from": [5.509, 13.61647, -2.37573],
			"to": [10.5175, 16.00147, -2.37573],
			"rotation": {"angle": 45, "axis": "x", "origin": [8, 12.37097, -2.40223]},
			"faces": {
				"north": {"uv": [0, 4, 16, 12], "rotation": 180, "texture": "#2"}
			}
		},
		{
			"from": [5.35, 5.43235, 5.49175],
			"to": [10.65, 6.49235, 9.46675],
			"rotation": {"angle": -22.5, "axis": "x", "origin": [8, 5.16735, 4.96175]},
			"faces": {
				"north": {"uv": [2.25, 11.5, 6.225, 12.56], "texture": "#4"},
				"east": {"uv": [2.25, 11.5, 6.225, 12.56], "texture": "#4"},
				"south": {"uv": [2.25, 11.5, 6.225, 12.56], "texture": "#4"},
				"west": {"uv": [2.25, 11.5, 6.225, 12.56], "texture": "#4"},
				"up": {"uv": [0, 10, 8, 13.975], "texture": "#4"},
				"down": {"uv": [0, 10.25, 8, 14.225], "texture": "#4"}
			}
		},
		{
			"from": [5.606, 8.54746, 6.03547],
			"to": [8.026, 13.25746, 8.45547],
			"rotation": {"angle": 22.5, "axis": "x", "origin": [8, 8.60246, 7.02047]},
			"faces": {
				"north": {"uv": [8, 0, 12, 8], "rotation": 180, "texture": "#4"},
				"east": {"uv": [8, 0, 12, 8], "rotation": 180, "texture": "#4"},
				"south": {"uv": [8, 0, 12, 8], "rotation": 180, "texture": "#4"},
				"west": {"uv": [8, 0, 12, 8], "rotation": 180, "texture": "#4"},
				"up": {"uv": [12, 2, 16, 6], "rotation": 180, "texture": "#4"},
				"down": {"uv": [12, 2, 16, 6], "rotation": 180, "texture": "#4"}
			}
		},
		{
			"from": [7.974, 8.54746, 6.03547],
			"to": [10.394, 13.25746, 8.45547],
			"rotation": {"angle": 22.5, "axis": "x", "origin": [8, 8.60246, 7.02047]},
			"faces": {
				"north": {"uv": [12, 0, 8, 8], "rotation": 180, "texture": "#4"},
				"east": {"uv": [12, 0, 8, 8], "rotation": 180, "texture": "#4"},
				"south": {"uv": [12, 0, 8, 8], "rotation": 180, "texture": "#4"},
				"west": {"uv": [12, 0, 8, 8], "rotation": 180, "texture": "#4"},
				"up": {"uv": [16, 2, 12, 6], "rotation": 180, "texture": "#4"},
				"down": {"uv": [16, 2, 12, 6], "rotation": 180, "texture": "#4"}
			}
		},
		{
			"from": [7.205, 6.29016, -2.65858],
			"to": [7.576, 6.66116, 0.41542],
			"rotation": {"angle": -45, "axis": "x", "origin": [8, 4.88566, -0.90958]},
			"faces": {
				"north": {"uv": [10.5, 8.5, 10.871, 11.574], "rotation": 180, "texture": "#4"},
				"east": {"uv": [10.5, 8.5, 10.871, 11.574], "rotation": 180, "texture": "#4"},
				"south": {"uv": [10.5, 8.5, 10.871, 11.574], "rotation": 180, "texture": "#4"},
				"west": {"uv": [10.5, 8.5, 10.871, 11.574], "rotation": 180, "texture": "#4"},
				"up": {"uv": [10.5, 8.5, 10.871, 11.574], "rotation": 180, "texture": "#4"},
				"down": {"uv": [10.5, 8.5, 10.871, 11.574], "rotation": 180, "texture": "#4"}
			}
		},
		{
			"name": "hexadecagon",
			"from": [7.682, 4.58866, -4.29],
			"to": [8.318, 5.01034, -2.17],
			"rotation": {"angle": -45, "axis": "x", "origin": [8, 4.7995, -3.23]},
			"faces": {
				"north": {"uv": [12.5, 0.5, 13.5, 1.5], "texture": "#4"},
				"east": {"uv": [12.5, 0.5, 13.5, 1.5], "texture": "#4"},
				"south": {"uv": [12.5, 0.5, 13.5, 1.5], "texture": "#4"},
				"west": {"uv": [12.5, 0.5, 13.5, 1.5], "texture": "#4"},
				"up": {"uv": [12.5, 0.5, 13.5, 1.5], "texture": "#4"},
				"down": {"uv": [12.5, 0.5, 13.5, 1.5], "texture": "#4"}
			}
		},
		{
			"name": "hexadecagon",
			"from": [7.682, 4.58866, -4.29],
			"to": [8.318, 5.01034, -2.17],
			"rotation": {"angle": -22.5, "axis": "x", "origin": [8, 4.7995, -3.23]},
			"faces": {
				"north": {"uv": [12.5, 0.5, 13.5, 1.5], "texture": "#4"},
				"east": {"uv": [12.5, 0.5, 13.5, 1.5], "texture": "#4"},
				"south": {"uv": [12.5, 0.5, 13.5, 1.5], "texture": "#4"},
				"west": {"uv": [12.5, 0.5, 13.5, 1.5], "texture": "#4"},
				"up": {"uv": [12.5, 0.5, 13.5, 1.5], "texture": "#4"},
				"down": {"uv": [12.5, 0.5, 13.5, 1.5], "texture": "#4"}
			}
		},
		{
			"name": "hexadecagon",
			"from": [7.682, 4.58866, -4.29],
			"to": [8.318, 5.01034, -2.17],
			"rotation": {"angle": 0, "axis": "y", "origin": [8, 7.9, 7.9]},
			"faces": {
				"north": {"uv": [12.5, 0.5, 13.5, 1.5], "texture": "#4"},
				"east": {"uv": [12.5, 0.5, 13.5, 1.5], "texture": "#4"},
				"south": {"uv": [12.5, 0.5, 13.5, 1.5], "texture": "#4"},
				"west": {"uv": [12.5, 0.5, 13.5, 1.5], "texture": "#4"},
				"up": {"uv": [12.5, 0.5, 13.5, 1.5], "texture": "#4"},
				"down": {"uv": [12.5, 0.5, 13.5, 1.5], "texture": "#4"}
			}
		},
		{
			"name": "hexadecagon",
			"from": [7.682, 4.58866, -4.29],
			"to": [8.318, 5.01034, -2.17],
			"rotation": {"angle": 22.5, "axis": "x", "origin": [8, 4.7995, -3.23]},
			"faces": {
				"north": {"uv": [12.5, 0.5, 13.5, 1.5], "texture": "#4"},
				"east": {"uv": [12.5, 0.5, 13.5, 1.5], "texture": "#4"},
				"south": {"uv": [12.5, 0.5, 13.5, 1.5], "texture": "#4"},
				"west": {"uv": [12.5, 0.5, 13.5, 1.5], "texture": "#4"},
				"up": {"uv": [12.5, 0.5, 13.5, 1.5], "texture": "#4"},
				"down": {"uv": [12.5, 0.5, 13.5, 1.5], "texture": "#4"}
			}
		},
		{
			"name": "hexadecagon",
			"from": [7.682, 4.58866, -4.29],
			"to": [8.318, 5.01034, -2.17],
			"rotation": {"angle": 45, "axis": "x", "origin": [8, 4.7995, -3.23]},
			"faces": {
				"north": {"uv": [12.5, 0.5, 13.5, 1.5], "texture": "#4"},
				"east": {"uv": [12.5, 0.5, 13.5, 1.5], "texture": "#4"},
				"south": {"uv": [12.5, 0.5, 13.5, 1.5], "texture": "#4"},
				"west": {"uv": [12.5, 0.5, 13.5, 1.5], "texture": "#4"},
				"up": {"uv": [12.5, 0.5, 13.5, 1.5], "texture": "#4"},
				"down": {"uv": [12.5, 0.5, 13.5, 1.5], "texture": "#4"}
			}
		},
		{
			"name": "hexadecagon",
			"from": [7.682, 3.7395, -3.44084],
			"to": [8.318, 5.8595, -3.01916],
			"rotation": {"angle": -22.5, "axis": "x", "origin": [8, 4.7995, -3.23]},
			"faces": {
				"north": {"uv": [12.5, 0.5, 13.5, 1.5], "texture": "#4"},
				"east": {"uv": [12.5, 0.5, 13.5, 1.5], "texture": "#4"},
				"south": {"uv": [12.5, 0.5, 13.5, 1.5], "texture": "#4"},
				"west": {"uv": [12.5, 0.5, 13.5, 1.5], "texture": "#4"},
				"up": {"uv": [12.5, 0.5, 13.5, 1.5], "texture": "#4"},
				"down": {"uv": [12.5, 0.5, 13.5, 1.5], "texture": "#4"}
			}
		},
		{
			"name": "hexadecagon",
			"from": [7.682, 3.7395, -3.44084],
			"to": [8.318, 5.8595, -3.01916],
			"rotation": {"angle": 0, "axis": "y", "origin": [8, 7.9, 7.9]},
			"faces": {
				"north": {"uv": [12.5, 0.5, 13.5, 1.5], "texture": "#4"},
				"east": {"uv": [12.5, 0.5, 13.5, 1.5], "texture": "#4"},
				"south": {"uv": [12.5, 0.5, 13.5, 1.5], "texture": "#4"},
				"west": {"uv": [12.5, 0.5, 13.5, 1.5], "texture": "#4"},
				"up": {"uv": [12.5, 0.5, 13.5, 1.5], "texture": "#4"},
				"down": {"uv": [12.5, 0.5, 13.5, 1.5], "texture": "#4"}
			}
		},
		{
			"name": "hexadecagon",
			"from": [7.682, 3.7395, -3.44084],
			"to": [8.318, 5.8595, -3.01916],
			"rotation": {"angle": 22.5, "axis": "x", "origin": [8, 4.7995, -3.23]},
			"faces": {
				"north": {"uv": [12.5, 0.5, 13.5, 1.5], "texture": "#4"},
				"east": {"uv": [12.5, 0.5, 13.5, 1.5], "texture": "#4"},
				"south": {"uv": [12.5, 0.5, 13.5, 1.5], "texture": "#4"},
				"west": {"uv": [12.5, 0.5, 13.5, 1.5], "texture": "#4"},
				"up": {"uv": [12.5, 0.5, 13.5, 1.5], "texture": "#4"},
				"down": {"uv": [12.5, 0.5, 13.5, 1.5], "texture": "#4"}
			}
		},
		{
			"from": [5.35, 7.0751, 7.73943],
			"to": [10.65, 10.3611, 8.79943],
			"rotation": {"angle": 22.5, "axis": "x", "origin": [8, 6.5451, 9.06443]},
			"faces": {
				"north": {"uv": [0, 10.5, 8, 13.786], "texture": "#4"},
				"east": {"uv": [2.25, 11.75, 5.536, 12.81], "rotation": 90, "texture": "#4"},
				"south": {"uv": [0, 10, 8, 13.286], "texture": "#4"},
				"west": {"uv": [2.25, 11.75, 5.536, 12.81], "rotation": 90, "texture": "#4"},
				"up": {"uv": [0, 11.5, 8, 12.56], "texture": "#4"},
				"down": {"uv": [2.25, 11.75, 5.536, 12.81], "rotation": 90, "texture": "#4"}
			}
		},
		{
			"from": [7.1255, 6.21066, -2.11658],
			"to": [7.6555, 6.74066, -1.05658],
			"rotation": {"angle": -45, "axis": "x", "origin": [8, 4.88566, -0.90958]},
			"faces": {
				"north": {"uv": [2.5, 3.25, 3.03, 4.31], "rotation": 180, "texture": "#4"},
				"east": {"uv": [2.5, 3.25, 3.03, 4.31], "rotation": 180, "texture": "#4"},
				"south": {"uv": [2.5, 3.25, 3.03, 4.31], "rotation": 180, "texture": "#4"},
				"west": {"uv": [2.5, 3.25, 3.03, 4.31], "rotation": 180, "texture": "#4"},
				"up": {"uv": [2.5, 3.25, 3.03, 4.31], "rotation": 180, "texture": "#4"},
				"down": {"uv": [2.5, 3.25, 3.03, 4.31], "rotation": 180, "texture": "#4"}
			}
		},
		{
			"from": [7.12158, 4.52352, -3.5221],
			"to": [7.65158, 5.05352, -2.9921],
			"rotation": {"angle": 45, "axis": "x", "origin": [7.38658, 4.78852, -3.2571]},
			"faces": {
				"north": {"uv": [10, 11, 12.03, 13.03], "rotation": 180, "texture": "#4"},
				"east": {"uv": [14, 0, 16, 2.03], "rotation": 180, "texture": "#4"},
				"south": {"uv": [10, 11, 12.03, 13.03], "rotation": 180, "texture": "#4"},
				"west": {"uv": [14, 0, 16, 2.03], "rotation": 180, "texture": "#4"},
				"up": {"uv": [10, 11, 12.03, 13.03], "rotation": 180, "texture": "#4"},
				"down": {"uv": [10, 11, 12.03, 13.03], "rotation": 180, "texture": "#4"}
			}
		},
		{
			"from": [8.3445, 6.21066, -2.11658],
			"to": [8.8745, 6.74066, -1.05658],
			"rotation": {"angle": -45, "axis": "x", "origin": [8, 4.88566, -0.90958]},
			"faces": {
				"north": {"uv": [2.5, 3.25, 3.03, 4.31], "rotation": 180, "texture": "#4"},
				"east": {"uv": [2.5, 3.25, 3.03, 4.31], "rotation": 180, "texture": "#4"},
				"south": {"uv": [2.5, 3.25, 3.03, 4.31], "rotation": 180, "texture": "#4"},
				"west": {"uv": [2.5, 3.25, 3.03, 4.31], "rotation": 180, "texture": "#4"},
				"up": {"uv": [2.5, 3.25, 3.03, 4.31], "rotation": 180, "texture": "#4"},
				"down": {"uv": [2.5, 3.25, 3.03, 4.31], "rotation": 180, "texture": "#4"}
			}
		},
		{
			"from": [8.424, 6.29016, -2.65858],
			"to": [8.795, 6.66116, 0.41542],
			"rotation": {"angle": -45, "axis": "x", "origin": [8, 4.88566, -0.90958]},
			"faces": {
				"north": {"uv": [10.5, 8.5, 10.871, 11.574], "rotation": 180, "texture": "#4"},
				"east": {"uv": [10.5, 8.5, 10.871, 11.574], "rotation": 180, "texture": "#4"},
				"south": {"uv": [10.5, 8.5, 10.871, 11.574], "rotation": 180, "texture": "#4"},
				"west": {"uv": [10.5, 8.5, 10.871, 11.574], "rotation": 180, "texture": "#4"},
				"up": {"uv": [10.5, 8.5, 10.871, 11.574], "rotation": 180, "texture": "#4"},
				"down": {"uv": [10.5, 8.5, 10.871, 11.574], "rotation": 180, "texture": "#4"}
			}
		},
		{
			"from": [8.34842, 4.52352, -3.5221],
			"to": [8.87842, 5.05352, -2.9921],
			"rotation": {"angle": 45, "axis": "x", "origin": [8.61342, 4.78852, -3.2571]},
			"faces": {
				"north": {"uv": [10, 11, 12.03, 13.03], "rotation": 180, "texture": "#4"},
				"east": {"uv": [14, 0, 16, 2.03], "rotation": 180, "texture": "#4"},
				"south": {"uv": [10, 11, 12.03, 13.03], "rotation": 180, "texture": "#4"},
				"west": {"uv": [14, 0, 16, 2.03], "rotation": 180, "texture": "#4"},
				"up": {"uv": [10, 11, 12.03, 13.03], "rotation": 180, "texture": "#4"},
				"down": {"uv": [10, 11, 12.03, 13.03], "rotation": 180, "texture": "#4"}
			}
		},
		{
			"from": [11.87292, 4.38501, 9.24711],
			"to": [12.40292, 5.65701, 9.77711],
			"rotation": {"angle": -22.5, "axis": "x", "origin": [8.50742, 2.00001, 5.80211]},
			"faces": {
				"north": {"uv": [2.75, 2.5, 3.28, 3.772], "texture": "#4"},
				"east": {"uv": [2.75, 2.5, 3.28, 3.772], "texture": "#4"},
				"south": {"uv": [2.75, 2.5, 3.28, 3.772], "texture": "#4"},
				"west": {"uv": [2.75, 2.5, 3.28, 3.772], "texture": "#4"},
				"up": {"uv": [2.75, 2.5, 3.28, 3.03], "texture": "#4"},
				"down": {"uv": [2.75, 2.5, 3.28, 3.03], "texture": "#4"}
			}
		},
		{
			"from": [3.59708, 4.38501, 9.24711],
			"to": [4.12708, 5.65701, 9.77711],
			"rotation": {"angle": -22.5, "axis": "x", "origin": [7.49258, 2.00001, 5.80211]},
			"faces": {
				"north": {"uv": [3.28, 2.5, 2.75, 3.772], "texture": "#4"},
				"east": {"uv": [3.28, 2.5, 2.75, 3.772], "texture": "#4"},
				"south": {"uv": [3.28, 2.5, 2.75, 3.772], "texture": "#4"},
				"west": {"uv": [3.28, 2.5, 2.75, 3.772], "texture": "#4"},
				"up": {"uv": [3.28, 2.5, 2.75, 3.03], "texture": "#4"},
				"down": {"uv": [3.28, 2.5, 2.75, 3.03], "texture": "#4"}
			}
		},
		{
			"from": [10.79792, 4.38501, 9.24711],
			"to": [11.32792, 5.65701, 9.77711],
			"rotation": {"angle": -22.5, "axis": "x", "origin": [7.43242, 2.00001, 5.80211]},
			"faces": {
				"north": {"uv": [2.75, 2.5, 3.28, 3.772], "texture": "#4"},
				"east": {"uv": [2.75, 2.5, 3.28, 3.772], "texture": "#4"},
				"south": {"uv": [2.75, 2.5, 3.28, 3.772], "texture": "#4"},
				"west": {"uv": [2.75, 2.5, 3.28, 3.772], "texture": "#4"},
				"up": {"uv": [2.75, 2.5, 3.28, 3.03], "texture": "#4"},
				"down": {"uv": [2.75, 2.5, 3.28, 3.03], "texture": "#4"}
			}
		},
		{
			"from": [4.67208, 4.38501, 9.24711],
			"to": [5.20208, 5.65701, 9.77711],
			"rotation": {"angle": -22.5, "axis": "x", "origin": [8.56758, 2.00001, 5.80211]},
			"faces": {
				"north": {"uv": [3.28, 2.5, 2.75, 3.772], "texture": "#4"},
				"east": {"uv": [3.28, 2.5, 2.75, 3.772], "texture": "#4"},
				"south": {"uv": [3.28, 2.5, 2.75, 3.772], "texture": "#4"},
				"west": {"uv": [3.28, 2.5, 2.75, 3.772], "texture": "#4"},
				"up": {"uv": [3.28, 2.5, 2.75, 3.03], "texture": "#4"},
				"down": {"uv": [3.28, 2.5, 2.75, 3.03], "texture": "#4"}
			}
		},
		{
			"from": [11.87292, 3.21901, 9.24711],
			"to": [12.40292, 3.74901, 9.77711],
			"rotation": {"angle": -22.5, "axis": "x", "origin": [8.50742, 2.00001, 5.80211]},
			"faces": {
				"north": {"uv": [12, 11, 10, 13], "rotation": 180, "texture": "#4"},
				"east": {"uv": [16, 0, 14, 2], "rotation": 180, "texture": "#4"},
				"south": {"uv": [12, 11, 10, 13], "rotation": 180, "texture": "#4"},
				"west": {"uv": [16, 0, 14, 2], "rotation": 180, "texture": "#4"},
				"up": {"uv": [12, 11, 10, 13], "rotation": 180, "texture": "#4"},
				"down": {"uv": [12, 11, 10, 13], "rotation": 180, "texture": "#4"}
			}
		},
		{
			"from": [3.59708, 3.21901, 9.24711],
			"to": [4.12708, 3.74901, 9.77711],
			"rotation": {"angle": -22.5, "axis": "x", "origin": [7.49258, 2.00001, 5.80211]},
			"faces": {
				"north": {"uv": [10, 11, 12, 13], "rotation": 180, "texture": "#4"},
				"east": {"uv": [14, 0, 16, 2], "rotation": 180, "texture": "#4"},
				"south": {"uv": [10, 11, 12, 13], "rotation": 180, "texture": "#4"},
				"west": {"uv": [14, 0, 16, 2], "rotation": 180, "texture": "#4"},
				"up": {"uv": [10, 11, 12, 13], "rotation": 180, "texture": "#4"},
				"down": {"uv": [10, 11, 12, 13], "rotation": 180, "texture": "#4"}
			}
		},
		{
			"from": [10.79792, 3.21901, 9.24711],
			"to": [11.32792, 3.74901, 9.77711],
			"rotation": {"angle": -22.5, "axis": "x", "origin": [7.43242, 2.00001, 5.80211]},
			"faces": {
				"north": {"uv": [12, 11, 10, 13], "rotation": 180, "texture": "#4"},
				"east": {"uv": [16, 0, 14, 2], "rotation": 180, "texture": "#4"},
				"south": {"uv": [12, 11, 10, 13], "rotation": 180, "texture": "#4"},
				"west": {"uv": [16, 0, 14, 2], "rotation": 180, "texture": "#4"},
				"up": {"uv": [12, 11, 10, 13], "rotation": 180, "texture": "#4"},
				"down": {"uv": [12, 11, 10, 13], "rotation": 180, "texture": "#4"}
			}
		},
		{
			"from": [4.67208, 3.21901, 9.24711],
			"to": [5.20208, 3.74901, 9.77711],
			"rotation": {"angle": -22.5, "axis": "x", "origin": [8.56758, 2.00001, 5.80211]},
			"faces": {
				"north": {"uv": [10, 11, 12, 13], "rotation": 180, "texture": "#4"},
				"east": {"uv": [14, 0, 16, 2], "rotation": 180, "texture": "#4"},
				"south": {"uv": [10, 11, 12, 13], "rotation": 180, "texture": "#4"},
				"west": {"uv": [14, 0, 16, 2], "rotation": 180, "texture": "#4"},
				"up": {"uv": [10, 11, 12, 13], "rotation": 180, "texture": "#4"},
				"down": {"uv": [10, 11, 12, 13], "rotation": 180, "texture": "#4"}
			}
		},
		{
			"from": [11.95242, 3.32501, 9.32661],
			"to": [12.32342, 7.14101, 9.69761],
			"rotation": {"angle": -22.5, "axis": "x", "origin": [8.50742, 2.00001, 5.80211]},
			"faces": {
				"north": {"uv": [10.5, 8.5, 10.871, 12.316], "texture": "#4"},
				"east": {"uv": [10.5, 8.5, 10.871, 12.316], "texture": "#4"},
				"south": {"uv": [10.5, 8.5, 10.871, 12.316], "texture": "#4"},
				"west": {"uv": [10.5, 8.5, 10.871, 12.316], "texture": "#4"},
				"up": {"uv": [10.5, 8.5, 10.871, 12.316], "texture": "#4"},
				"down": {"uv": [10.5, 8.5, 10.871, 12.316], "texture": "#4"}
			}
		},
		{
			"from": [3.67658, 3.32501, 9.32661],
			"to": [4.04758, 7.14101, 9.69761],
			"rotation": {"angle": -22.5, "axis": "x", "origin": [7.49258, 2.00001, 5.80211]},
			"faces": {
				"north": {"uv": [10.871, 8.5, 10.5, 12.316], "texture": "#4"},
				"east": {"uv": [10.871, 8.5, 10.5, 12.316], "texture": "#4"},
				"south": {"uv": [10.871, 8.5, 10.5, 12.316], "texture": "#4"},
				"west": {"uv": [10.871, 8.5, 10.5, 12.316], "texture": "#4"},
				"up": {"uv": [10.871, 8.5, 10.5, 12.316], "texture": "#4"},
				"down": {"uv": [10.871, 8.5, 10.5, 12.316], "texture": "#4"}
			}
		},
		{
			"from": [10.87742, 3.32501, 9.32661],
			"to": [11.24842, 7.14101, 9.69761],
			"rotation": {"angle": -22.5, "axis": "x", "origin": [7.43242, 2.00001, 5.80211]},
			"faces": {
				"north": {"uv": [10.5, 8.5, 10.871, 12.316], "texture": "#4"},
				"east": {"uv": [10.5, 8.5, 10.871, 12.316], "texture": "#4"},
				"south": {"uv": [10.5, 8.5, 10.871, 12.316], "texture": "#4"},
				"west": {"uv": [10.5, 8.5, 10.871, 12.316], "texture": "#4"},
				"up": {"uv": [10.5, 8.5, 10.871, 12.316], "texture": "#4"},
				"down": {"uv": [10.5, 8.5, 10.871, 12.316], "texture": "#4"}
			}
		},
		{
			"from": [4.75158, 3.32501, 9.32661],
			"to": [5.12258, 7.14101, 9.69761],
			"rotation": {"angle": -22.5, "axis": "x", "origin": [8.56758, 2.00001, 5.80211]},
			"faces": {
				"north": {"uv": [10.871, 8.5, 10.5, 12.316], "texture": "#4"},
				"east": {"uv": [10.871, 8.5, 10.5, 12.316], "texture": "#4"},
				"south": {"uv": [10.871, 8.5, 10.5, 12.316], "texture": "#4"},
				"west": {"uv": [10.871, 8.5, 10.5, 12.316], "texture": "#4"},
				"up": {"uv": [10.871, 8.5, 10.5, 12.316], "texture": "#4"},
				"down": {"uv": [10.871, 8.5, 10.5, 12.316], "texture": "#4"}
			}
		},
		{
			"from": [11.98278, 6.71543, 7.42257],
			"to": [12.30078, 8.41143, 7.74057],
			"rotation": {"angle": 22.5, "axis": "x", "origin": [11.59853, 6.39743, 8.00557]},
			"faces": {
				"north": {"uv": [10.5, 8.5, 10.818, 10.196], "texture": "#4"},
				"east": {"uv": [10.5, 8.5, 10.818, 10.196], "texture": "#4"},
				"south": {"uv": [10.5, 8.5, 10.818, 10.196], "texture": "#4"},
				"west": {"uv": [10.5, 8.5, 10.818, 10.196], "texture": "#4"},
				"up": {"uv": [10.5, 8.5, 10.818, 10.196], "texture": "#4"},
				"down": {"uv": [10.5, 8.5, 10.818, 10.196], "texture": "#4"}
			}
		},
		{
			"from": [3.69922, 6.71543, 7.42257],
			"to": [4.01722, 8.41143, 7.74057],
			"rotation": {"angle": 22.5, "axis": "x", "origin": [4.40147, 6.39743, 8.00557]},
			"faces": {
				"north": {"uv": [10.818, 8.5, 10.5, 10.196], "texture": "#4"},
				"east": {"uv": [10.818, 8.5, 10.5, 10.196], "texture": "#4"},
				"south": {"uv": [10.818, 8.5, 10.5, 10.196], "texture": "#4"},
				"west": {"uv": [10.818, 8.5, 10.5, 10.196], "texture": "#4"},
				"up": {"uv": [10.818, 8.5, 10.5, 10.196], "texture": "#4"},
				"down": {"uv": [10.818, 8.5, 10.5, 10.196], "texture": "#4"}
			}
		},
		{
			"from": [10.90778, 6.71543, 7.42257],
			"to": [11.22578, 8.41143, 7.74057],
			"rotation": {"angle": 22.5, "axis": "x", "origin": [10.52353, 6.39743, 8.00557]},
			"faces": {
				"north": {"uv": [10.5, 8.5, 10.818, 10.196], "texture": "#4"},
				"east": {"uv": [10.5, 8.5, 10.818, 10.196], "texture": "#4"},
				"south": {"uv": [10.5, 8.5, 10.818, 10.196], "texture": "#4"},
				"west": {"uv": [10.5, 8.5, 10.818, 10.196], "texture": "#4"},
				"up": {"uv": [10.5, 8.5, 10.818, 10.196], "texture": "#4"},
				"down": {"uv": [10.5, 8.5, 10.818, 10.196], "texture": "#4"}
			}
		},
		{
			"from": [4.77422, 6.71543, 7.42257],
			"to": [5.09222, 8.41143, 7.74057],
			"rotation": {"angle": 22.5, "axis": "x", "origin": [5.47647, 6.39743, 8.00557]},
			"faces": {
				"north": {"uv": [10.818, 8.5, 10.5, 10.196], "texture": "#4"},
				"east": {"uv": [10.818, 8.5, 10.5, 10.196], "texture": "#4"},
				"south": {"uv": [10.818, 8.5, 10.5, 10.196], "texture": "#4"},
				"west": {"uv": [10.818, 8.5, 10.5, 10.196], "texture": "#4"},
				"up": {"uv": [10.818, 8.5, 10.5, 10.196], "texture": "#4"},
				"down": {"uv": [10.818, 8.5, 10.5, 10.196], "texture": "#4"}
			}
		},
		{
			"from": [6.94, 12.0571, 7.17143],
			"to": [9.06, 17.0621, 11.29043],
			"faces": {
				"north": {"uv": [2, 9.75, 6.119, 14.755], "texture": "#4"},
				"east": {"uv": [1.25, 10.25, 5.369, 15.255], "texture": "#4"},
				"south": {"uv": [2, 9.75, 6.119, 14.755], "texture": "#4"},
				"west": {"uv": [2.5, 10, 6.619, 15.005], "texture": "#4"},
				"up": {"uv": [2.75, 10, 4.87, 14.119], "texture": "#4"},
				"down": {"uv": [2, 9.75, 6.119, 14.755], "texture": "#4"}
			}
		},
		{
			"from": [6.94, 15.7053, 4.7993],
			"to": [9.06, 16.3103, 5.7183],
			"rotation": {"angle": -45, "axis": "x", "origin": [8, 15.7482, 5.02787]},
			"faces": {
				"north": {"uv": [3.5, 12.25, 5.62, 13.169], "texture": "#4"},
				"east": {"uv": [3.5, 12.25, 5.62, 13.169], "texture": "#4"},
				"south": {"uv": [3.5, 12.25, 5.62, 13.169], "texture": "#4"},
				"west": {"uv": [3.5, 12.25, 5.62, 13.169], "texture": "#4"},
				"up": {"uv": [3.5, 12.25, 5.62, 13.169], "texture": "#4"},
				"down": {"uv": [3.5, 12.25, 5.62, 13.169], "texture": "#4"}
			}
		},
		{
			"from": [6.94, 15.78567, 5.30109],
			"to": [9.06, 16.84067, 6.42009],
			"rotation": {"angle": -22.5, "axis": "x", "origin": [8, 16.27857, 5.72966]},
			"faces": {
				"north": {"uv": [2.75, 11.5, 4.87, 12.619], "texture": "#4"},
				"east": {"uv": [2.75, 11.5, 4.87, 12.619], "texture": "#4"},
				"south": {"uv": [2.75, 11.5, 4.87, 12.619], "texture": "#4"},
				"west": {"uv": [2.75, 11.5, 4.87, 12.619], "texture": "#4"},
				"up": {"uv": [2.75, 11.5, 4.87, 12.619], "texture": "#4"},
				"down": {"uv": [2.75, 11.5, 4.87, 12.619], "texture": "#4"}
			}
		},
		{
			"from": [6.94, 15.7571, 6.15243],
			"to": [9.06, 17.0621, 7.17143],
			"rotation": {"angle": 0, "axis": "y", "origin": [8, 8, 7.981]},
			"faces": {
				"north": {"uv": [2.75, 12, 4.87, 13.019], "texture": "#4"},
				"east": {"uv": [3, 11.75, 4.019, 13.055], "texture": "#4"},
				"south": {"uv": [2.75, 12, 4.87, 13.019], "texture": "#4"},
				"west": {"uv": [3.5, 11.5, 4.519, 12.805], "texture": "#4"},
				"up": {"uv": [2.5, 11.75, 4.62, 12.769], "texture": "#4"},
				"down": {"uv": [2.75, 12, 4.87, 13.019], "texture": "#4"}
			}
		},
		{
			"from": [5.456, 13.50309, 7.05112],
			"to": [10.544, 15.25209, 7.58112],
			"faces": {
				"north": {"uv": [1.25, 11, 6.338, 12.749], "texture": "#4"},
				"east": {"uv": [1.25, 11, 6.338, 12.749], "texture": "#4"},
				"south": {"uv": [1.25, 11, 6.338, 12.749], "texture": "#4"},
				"west": {"uv": [1.25, 11, 6.338, 12.749], "texture": "#4"},
				"up": {"uv": [1.25, 11, 6.338, 12.749], "texture": "#4"},
				"down": {"uv": [1.25, 11, 6.338, 12.749], "texture": "#4"}
			}
		},
		{
			"from": [5.456, 19.5424, 4.60008],
			"to": [10.544, 19.8224, 8.74908],
			"rotation": {"angle": 22.5, "axis": "x", "origin": [8, 10.3089, -4.06542]},
			"faces": {
				"north": {"uv": [0, 8, 8, 16], "rotation": 180, "texture": "#4"},
				"east": {"uv": [0, 8, 8, 16], "rotation": 180, "texture": "#4"},
				"south": {"uv": [0, 8, 8, 16], "rotation": 180, "texture": "#4"},
				"west": {"uv": [0, 8, 8, 16], "rotation": 180, "texture": "#4"},
				"up": {"uv": [0, 8, 8, 16], "rotation": 180, "texture": "#4"},
				"down": {"uv": [0, 8, 8, 16], "rotation": 180, "texture": "#4"}
			}
		},
		{
			"from": [5.509, 14.44074, 0.26833],
			"to": [10.5175, 14.44074, 2.65333],
			"rotation": {"angle": -22.5, "axis": "x", "origin": [8, 14.46724, -0.97717]},
			"faces": {
				"up": {"uv": [0, 8, 16, 16], "texture": "#2"}
			}
		},
		{
			"from": [5.456, 15.50209, 2.38712],
			"to": [10.544, 16.03209, 7.58112],
			"faces": {
				"north": {"uv": [0, 11.75, 8, 12.28], "rotation": 180, "texture": "#4"},
				"east": {"uv": [3, 11.75, 5.194, 12.28], "rotation": 180, "texture": "#4"},
				"south": {"uv": [0, 11.75, 8, 12.28], "rotation": 180, "texture": "#4"},
				"west": {"uv": [3, 11.75, 5.194, 12.28], "rotation": 180, "texture": "#4"},
				"up": {"uv": [0, 10.75, 8, 15.944], "rotation": 180, "texture": "#4"},
				"down": {"uv": [0, 8, 8, 13.194], "rotation": 180, "texture": "#4"}
			}
		},
		{
			"from": [1.375, 10.88635, 22.68539],
			"to": [1.905, 18.88635, 26.34239],
			"rotation": {"angle": 22.5, "axis": "z", "origin": [8, 16.21735, 24.51389]},
			"faces": {
				"north": {"uv": [0, 11.75, 8, 12.28], "rotation": 270, "texture": "#4"},
				"east": {"uv": [0, 10.25, 8, 13.907], "rotation": 270, "texture": "#4"},
				"south": {"uv": [0, 12.5, 8, 13.03], "rotation": 90, "texture": "#4"},
				"west": {"uv": [0, 10, 8, 13.657], "rotation": 270, "texture": "#4"},
				"up": {"uv": [2.25, 8, 5.907, 8.53], "rotation": 90, "texture": "#4"},
				"down": {"uv": [2.25, 8, 5.907, 8.53], "rotation": 270, "texture": "#4"}
			}
		},
		{
			"from": [14.095, 10.88635, 22.68539],
			"to": [14.625, 18.88635, 26.34239],
			"rotation": {"angle": -22.5, "axis": "z", "origin": [8, 16.21735, 24.51389]},
			"faces": {
				"north": {"uv": [0, 12.28, 8, 11.75], "rotation": 270, "texture": "#4"},
				"east": {"uv": [0, 13.657, 8, 10], "rotation": 270, "texture": "#4"},
				"south": {"uv": [0, 13.03, 8, 12.5], "rotation": 90, "texture": "#4"},
				"west": {"uv": [0, 13.907, 8, 10.25], "rotation": 270, "texture": "#4"},
				"up": {"uv": [2.25, 8.53, 5.907, 8], "rotation": 90, "texture": "#4"},
				"down": {"uv": [2.25, 8.53, 5.907, 8], "rotation": 270, "texture": "#4"}
			}
		},
		{
			"from": [1.64, 13.46135, 22.79139],
			"to": [6.94, 13.99135, 26.23639],
			"rotation": {"angle": 22.5, "axis": "z", "origin": [8, 16.21735, 24.51389]},
			"faces": {
				"north": {"uv": [0, 12, 5.3, 12.53], "rotation": 180, "texture": "#4"},
				"east": {"uv": [0, 10.5, 0.5, 15.8], "rotation": 90, "texture": "#4"},
				"south": {"uv": [0, 10.5, 5.3, 11.03], "texture": "#4"},
				"west": {"uv": [0, 10.5, 0.5, 15.8], "rotation": 90, "texture": "#4"},
				"up": {"uv": [0, 10.25, 5.3, 13.695], "texture": "#4"},
				"down": {"uv": [0, 10.5, 5.3, 13.945], "texture": "#4"}
			}
		},
		{
			"from": [9.06, 13.46135, 22.79139],
			"to": [14.36, 13.99135, 26.23639],
			"rotation": {"angle": -22.5, "axis": "z", "origin": [8, 16.21735, 24.51389]},
			"faces": {
				"north": {"uv": [5.3, 12, 0, 12.53], "rotation": 180, "texture": "#4"},
				"east": {"uv": [0, 15.8, 0.5, 10.5], "rotation": 90, "texture": "#4"},
				"south": {"uv": [5.3, 10.5, 0, 11.03], "texture": "#4"},
				"west": {"uv": [0, 15.8, 0.5, 10.5], "rotation": 90, "texture": "#4"},
				"up": {"uv": [5.3, 10.25, 0, 13.695], "texture": "#4"},
				"down": {"uv": [5.3, 10.5, 0, 13.945], "texture": "#4"}
			}
		},
		{
			"from": [-0.32234, 8.29572, 6.15786],
			"to": [3.91766, 8.82572, 9.07286],
			"faces": {
				"north": {"uv": [4.24, 11.25, 0, 11.78], "texture": "#4"},
				"east": {"uv": [5.415, 8, 2.5, 8.53], "texture": "#4"},
				"south": {"uv": [4.24, 11.5, 0, 12.03], "rotation": 180, "texture": "#4"},
				"west": {"uv": [5.415, 8, 2.5, 8.53], "texture": "#4"},
				"up": {"uv": [4.24, 10, 0, 12.915], "rotation": 180, "texture": "#4"},
				"down": {"uv": [4.24, 10.75, 0, 13.665], "rotation": 180, "texture": "#4"}
			}
		},
		{
			"from": [12.08234, 8.29572, 6.15786],
			"to": [16.32234, 8.82572, 9.07286],
			"faces": {
				"north": {"uv": [0, 11.25, 4.24, 11.78], "texture": "#4"},
				"east": {"uv": [2.5, 8, 5.415, 8.53], "texture": "#4"},
				"south": {"uv": [0, 11.5, 4.24, 12.03], "rotation": 180, "texture": "#4"},
				"west": {"uv": [2.5, 8, 5.415, 8.53], "texture": "#4"},
				"up": {"uv": [0, 10, 4.24, 12.915], "rotation": 180, "texture": "#4"},
				"down": {"uv": [0, 10.75, 4.24, 13.665], "rotation": 180, "texture": "#4"}
			}
		},
		{
			"from": [6.57502, 12.07241, 8.26927],
			"to": [7.42302, 12.92041, 19.66427],
			"rotation": {"angle": -22.5, "axis": "x", "origin": [7.99902, 13.29141, 17.41177]},
			"faces": {
				"north": {"uv": [2, 0, 2.848, 8], "texture": "#4"},
				"east": {"uv": [2, 0, 2.848, 8], "rotation": 90, "texture": "#4"},
				"south": {"uv": [14.5, 0.5, 15.5, 1.5], "texture": "#4"},
				"west": {"uv": [2, 0, 2.848, 8], "rotation": 90, "texture": "#4"},
				"up": {"uv": [2, 0, 2.848, 8], "texture": "#4"},
				"down": {"uv": [2, 0, 2.848, 8], "texture": "#4"}
			}
		},
		{
			"from": [8.57698, 12.07241, 8.26927],
			"to": [9.42498, 12.92041, 19.66427],
			"rotation": {"angle": -22.5, "axis": "x", "origin": [8.00098, 13.29141, 17.41177]},
			"faces": {
				"north": {"uv": [2.848, 0, 2, 8], "texture": "#4"},
				"east": {"uv": [2, 8, 2.848, 0], "rotation": 90, "texture": "#4"},
				"south": {"uv": [14.5, 0.5, 15.5, 1.5], "texture": "#4"},
				"west": {"uv": [2, 8, 2.848, 0], "rotation": 90, "texture": "#4"},
				"up": {"uv": [2.848, 0, 2, 8], "texture": "#4"},
				"down": {"uv": [2.848, 0, 2, 8], "texture": "#4"}
			}
		},
		{
			"from": [7.47, 12.77235, 10.37739],
			"to": [8.53, 13.83235, 18.37739],
			"faces": {
				"north": {"uv": [2, 0, 3.06, 8], "texture": "#4"},
				"east": {"uv": [2, 0, 3.06, 8], "rotation": 270, "texture": "#4"},
				"south": {"uv": [2, 0, 3.06, 8], "texture": "#4"},
				"west": {"uv": [2, 0, 3.06, 8], "rotation": 270, "texture": "#4"},
				"up": {"uv": [2.5, 0, 3.56, 8], "texture": "#4"},
				"down": {"uv": [2.25, 0, 3.31, 8], "texture": "#4"}
			}
		},
		{
			"from": [7.47, 12.77235, 18.37739],
			"to": [8.53, 13.83235, 26.37739],
			"rotation": {"angle": 0, "axis": "y", "origin": [8, 13.30235, 22.37739]},
			"faces": {
				"north": {"uv": [2, 0, 3.06, 8], "texture": "#4"},
				"east": {"uv": [2, 0, 3.06, 8], "rotation": 270, "texture": "#4"},
				"south": {"uv": [14.5, 0.5, 15.5, 1.5], "texture": "#4"},
				"west": {"uv": [2, 0, 3.06, 8], "rotation": 270, "texture": "#4"},
				"up": {"uv": [2.5, 0, 3.56, 8], "rotation": 180, "texture": "#4"},
				"down": {"uv": [2.5, 0, 3.56, 8], "texture": "#4"}
			}
		},
		{
			"from": [6.47, 12.67235, 18.47739],
			"to": [9.53, 13.93235, 20.07739],
			"rotation": {"angle": 0, "axis": "x", "origin": [8, 13.30235, 19.27739]},
			"faces": {
				"north": {"uv": [8.5, 0, 11.56, 1.26], "texture": "#4"},
				"east": {"uv": [9, 0, 10.6, 1.26], "texture": "#4"},
				"south": {"uv": [8.25, 0, 11.31, 1.26], "texture": "#4"},
				"west": {"uv": [9.25, 0, 10.85, 1.26], "rotation": 180, "texture": "#4"},
				"up": {"uv": [8.5, 0, 11.56, 1.6], "rotation": 180, "texture": "#4"},
				"down": {"uv": [8.25, 0, 11.31, 1.6], "texture": "#4"}
			}
		},
		{
			"from": [6.47, 8.51705, 9.32075],
			"to": [9.53, 10.11705, 10.58075],
			"rotation": {"angle": 0, "axis": "x", "origin": [8, 9.16705, 9.95075]},
			"faces": {
				"north": {"uv": [8.25, 0, 11.31, 1.6], "rotation": 180, "texture": "#4"},
				"east": {"uv": [9, 0, 10.6, 1.26], "rotation": 270, "texture": "#4"},
				"south": {"uv": [8.5, 0, 11.56, 1.6], "rotation": 180, "texture": "#4"},
				"west": {"uv": [9.25, 0, 10.85, 1.26], "rotation": 270, "texture": "#4"},
				"up": {"uv": [8.5, 0, 11.56, 1.26], "rotation": 180, "texture": "#4"},
				"down": {"uv": [8.25, 0, 11.31, 1.26], "texture": "#4"}
			}
		},
		{
			"from": [6.64838, 12.34835, 8.03839],
			"to": [9.3515, 13.92981, 11.73177],
			"faces": {
				"north": {"uv": [2.5, 11.25, 5.203, 12.831], "texture": "#4"},
				"east": {"uv": [2.5, 11.25, 5.203, 12.831], "texture": "#4"},
				"south": {"uv": [0, 11, 8, 12.581], "texture": "#4"},
				"west": {"uv": [2.5, 11.25, 5.203, 12.831], "texture": "#4"},
				"up": {"uv": [2.5, 11.25, 5.203, 12.831], "texture": "#4"},
				"down": {"uv": [2.5, 11.25, 5.203, 12.831], "texture": "#4"}
			}
		},
		{
			"from": [7.1, 15.1571, 11.02143],
			"to": [8.9, 16.9571, 12.52143],
			"faces": {
				"north": {"uv": [12, 0, 14, 2], "texture": "#4"},
				"east": {"uv": [10, 8, 12, 16], "texture": "#4"},
				"south": {"uv": [12, 0, 14, 2], "texture": "#4"},
				"west": {"uv": [10, 8, 12, 16], "texture": "#4"},
				"up": {"uv": [10, 8, 12, 16], "rotation": 90, "texture": "#4"},
				"down": {"uv": [10, 8, 12, 16], "rotation": 90, "texture": "#4"}
			}
		},
		{
			"from": [6.67502, 3.50114, 10.58212],
			"to": [9.32502, 5.30314, 11.92212],
			"rotation": {"angle": -45, "axis": "x", "origin": [8.00002, 3.50114, 5.29712]},
			"faces": {
				"north": {"uv": [2.75, 11.5, 5.4, 12.84], "texture": "#4"},
				"east": {"uv": [2.75, 11.5, 5.4, 12.84], "texture": "#4"},
				"south": {"uv": [2.75, 11.5, 5.4, 12.84], "texture": "#4"},
				"west": {"uv": [2.75, 11.5, 5.4, 12.84], "texture": "#4"},
				"up": {"uv": [2.75, 11.5, 5.4, 12.84], "texture": "#4"},
				"down": {"uv": [0, 11.5, 8, 12.84], "texture": "#4"}
			}
		},
		{
			"from": [6.675, 8.3471, 5.03643],
			"to": [9.325, 12.8521, 9.17043],
			"rotation": {"angle": 22.5, "axis": "x", "origin": [8, 6.2271, 9.17043]},
			"faces": {
				"north": {"uv": [2.5, 9.75, 5.15, 14.255], "texture": "#4"},
				"east": {"uv": [2.5, 9.75, 5.15, 14.255], "texture": "#4"},
				"south": {"uv": [0, 9.75, 8, 14.255], "texture": "#4"},
				"west": {"uv": [2.5, 9.75, 5.15, 14.255], "texture": "#4"},
				"up": {"uv": [2.5, 9.75, 5.15, 14.255], "texture": "#4"},
				"down": {"uv": [2.5, 9.75, 5.15, 14.255], "texture": "#4"}
			}
		},
		{
			"from": [9.95, 11.7, 8.1],
			"to": [10.75, 12.7, 9.1],
			"rotation": {"angle": 22.5, "axis": "x", "origin": [10.25, 11.75, 8.5]},
			"faces": {
				"north": {"uv": [12, 10.75, 10, 13.25], "texture": "#4"},
				"east": {"uv": [14, 0, 12, 2], "texture": "#4"},
				"south": {"uv": [12, 10.75, 10, 13.25], "texture": "#4"},
				"west": {"uv": [12, 10.75, 10, 13.25], "texture": "#4"},
				"up": {"uv": [12, 10.75, 10, 13.25], "texture": "#4"},
				"down": {"uv": [12, 10.75, 10, 13.25], "texture": "#4"}
			}
		},
		{
			"from": [5.25, 11.7, 8.1],
			"to": [6.05, 12.7, 9.1],
			"rotation": {"angle": 22.5, "axis": "x", "origin": [5.75, 11.75, 8.5]},
			"faces": {
				"north": {"uv": [10, 10.75, 12, 13.25], "texture": "#4"},
				"east": {"uv": [10, 10.75, 12, 13.25], "texture": "#4"},
				"south": {"uv": [10, 10.75, 12, 13.25], "texture": "#4"},
				"west": {"uv": [12, 0, 14, 2], "texture": "#4"},
				"up": {"uv": [10, 10.75, 12, 13.25], "texture": "#4"},
				"down": {"uv": [10, 10.75, 12, 13.25], "texture": "#4"}
			}
		},
		{
			"from": [10.575, 11.8, 8.2],
			"to": [10.825, 12.6, 9],
			"rotation": {"angle": 22.5, "axis": "x", "origin": [10.25, 11.75, 8.5]},
			"faces": {
				"north": {"uv": [16, 0, 15.5, 2], "texture": "#4"},
				"east": {"uv": [14, 2, 16, 0], "rotation": 90, "texture": "#4"},
				"south": {"uv": [14.5, 0, 14, 2], "texture": "#4"},
				"west": {"uv": [14, 2, 16, 0], "rotation": 90, "texture": "#4"},
				"up": {"uv": [14, 2, 16, 1.5], "rotation": 90, "texture": "#4"},
				"down": {"uv": [14, 2, 16, 1.5], "rotation": 90, "texture": "#4"}
			}
		},
		{
			"from": [5.175, 11.8, 8.2],
			"to": [5.425, 12.6, 9],
			"rotation": {"angle": 22.5, "axis": "x", "origin": [5.75, 11.75, 8.5]},
			"faces": {
				"north": {"uv": [15.5, 0, 16, 2], "texture": "#4"},
				"east": {"uv": [14, 0, 16, 2], "rotation": 90, "texture": "#4"},
				"south": {"uv": [14, 0, 14.5, 2], "texture": "#4"},
				"west": {"uv": [14, 0, 16, 2], "rotation": 90, "texture": "#4"},
				"up": {"uv": [14, 1.5, 16, 2], "rotation": 90, "texture": "#4"},
				"down": {"uv": [14, 1.5, 16, 2], "rotation": 90, "texture": "#4"}
			}
		},
		{
			"name": "hexadecagon",
			"from": [11.339, 4.55616, 7.576],
			"to": [11.869, 4.97784, 9.696],
			"rotation": {"angle": -45, "axis": "x", "origin": [11.869, 4.767, 8.636]},
			"faces": {
				"north": {"uv": [12.5, 0.5, 13.5, 1.5], "texture": "#4"},
				"east": {"uv": [12.5, 0.5, 13.5, 1.5], "texture": "#4"},
				"south": {"uv": [12.5, 0.5, 13.5, 1.5], "texture": "#4"},
				"west": {"uv": [12.5, 0.5, 13.5, 1.5], "texture": "#4"},
				"up": {"uv": [12.5, 0.5, 13.5, 1.5], "texture": "#4"},
				"down": {"uv": [12.5, 0.5, 13.5, 1.5], "texture": "#4"}
			}
		},
		{
			"name": "hexadecagon",
			"from": [11.339, 4.55616, 7.576],
			"to": [11.869, 4.97784, 9.696],
			"rotation": {"angle": -22.5, "axis": "x", "origin": [11.869, 4.767, 8.636]},
			"faces": {
				"north": {"uv": [12.5, 0.5, 13.5, 1.5], "texture": "#4"},
				"east": {"uv": [12.5, 0.5, 13.5, 1.5], "texture": "#4"},
				"south": {"uv": [12.5, 0.5, 13.5, 1.5], "texture": "#4"},
				"west": {"uv": [12.5, 0.5, 13.5, 1.5], "texture": "#4"},
				"up": {"uv": [12.5, 0.5, 13.5, 1.5], "texture": "#4"},
				"down": {"uv": [12.5, 0.5, 13.5, 1.5], "texture": "#4"}
			}
		},
		{
			"name": "hexadecagon",
			"from": [11.339, 4.55616, 7.576],
			"to": [11.869, 4.97784, 9.696],
			"faces": {
				"north": {"uv": [12.5, 0.5, 13.5, 1.5], "texture": "#4"},
				"east": {"uv": [12.5, 0.5, 13.5, 1.5], "texture": "#4"},
				"south": {"uv": [12.5, 0.5, 13.5, 1.5], "texture": "#4"},
				"west": {"uv": [12.5, 0.5, 13.5, 1.5], "texture": "#4"},
				"up": {"uv": [12.5, 0.5, 13.5, 1.5], "texture": "#4"},
				"down": {"uv": [12.5, 0.5, 13.5, 1.5], "texture": "#4"}
			}
		},
		{
			"name": "hexadecagon",
			"from": [11.339, 4.55616, 7.576],
			"to": [11.869, 4.97784, 9.696],
			"rotation": {"angle": 22.5, "axis": "x", "origin": [11.869, 4.767, 8.636]},
			"faces": {
				"north": {"uv": [12.5, 0.5, 13.5, 1.5], "texture": "#4"},
				"east": {"uv": [12.5, 0.5, 13.5, 1.5], "texture": "#4"},
				"south": {"uv": [12.5, 0.5, 13.5, 1.5], "texture": "#4"},
				"west": {"uv": [12.5, 0.5, 13.5, 1.5], "texture": "#4"},
				"up": {"uv": [12.5, 0.5, 13.5, 1.5], "texture": "#4"},
				"down": {"uv": [12.5, 0.5, 13.5, 1.5], "texture": "#4"}
			}
		},
		{
			"name": "hexadecagon",
			"from": [11.339, 4.55616, 7.576],
			"to": [11.869, 4.97784, 9.696],
			"rotation": {"angle": 45, "axis": "x", "origin": [11.869, 4.767, 8.636]},
			"faces": {
				"north": {"uv": [12.5, 0.5, 13.5, 1.5], "texture": "#4"},
				"east": {"uv": [12.5, 0.5, 13.5, 1.5], "texture": "#4"},
				"south": {"uv": [12.5, 0.5, 13.5, 1.5], "texture": "#4"},
				"west": {"uv": [12.5, 0.5, 13.5, 1.5], "texture": "#4"},
				"up": {"uv": [12.5, 0.5, 13.5, 1.5], "texture": "#4"},
				"down": {"uv": [12.5, 0.5, 13.5, 1.5], "texture": "#4"}
			}
		},
		{
			"name": "hexadecagon",
			"from": [11.339, 3.707, 8.42516],
			"to": [11.869, 5.827, 8.84684],
			"rotation": {"angle": -22.5, "axis": "x", "origin": [11.869, 4.767, 8.636]},
			"faces": {
				"north": {"uv": [12.5, 0.5, 13.5, 1.5], "texture": "#4"},
				"east": {"uv": [12.5, 0.5, 13.5, 1.5], "texture": "#4"},
				"south": {"uv": [12.5, 0.5, 13.5, 1.5], "texture": "#4"},
				"west": {"uv": [12.5, 0.5, 13.5, 1.5], "texture": "#4"},
				"up": {"uv": [12.5, 0.5, 13.5, 1.5], "texture": "#4"},
				"down": {"uv": [12.5, 0.5, 13.5, 1.5], "texture": "#4"}
			}
		},
		{
			"name": "hexadecagon",
			"from": [11.339, 3.707, 8.42516],
			"to": [11.869, 5.827, 8.84684],
			"faces": {
				"north": {"uv": [12.5, 0.5, 13.5, 1.5], "texture": "#4"},
				"east": {"uv": [12.5, 0.5, 13.5, 1.5], "texture": "#4"},
				"south": {"uv": [12.5, 0.5, 13.5, 1.5], "texture": "#4"},
				"west": {"uv": [12.5, 0.5, 13.5, 1.5], "texture": "#4"},
				"up": {"uv": [12.5, 0.5, 13.5, 1.5], "texture": "#4"},
				"down": {"uv": [12.5, 0.5, 13.5, 1.5], "texture": "#4"}
			}
		},
		{
			"name": "hexadecagon",
			"from": [11.339, 3.707, 8.42516],
			"to": [11.869, 5.827, 8.84684],
			"rotation": {"angle": 22.5, "axis": "x", "origin": [11.869, 4.767, 8.636]},
			"faces": {
				"north": {"uv": [12.5, 0.5, 13.5, 1.5], "texture": "#4"},
				"east": {"uv": [12.5, 0.5, 13.5, 1.5], "texture": "#4"},
				"south": {"uv": [12.5, 0.5, 13.5, 1.5], "texture": "#4"},
				"west": {"uv": [12.5, 0.5, 13.5, 1.5], "texture": "#4"},
				"up": {"uv": [12.5, 0.5, 13.5, 1.5], "texture": "#4"},
				"down": {"uv": [12.5, 0.5, 13.5, 1.5], "texture": "#4"}
			}
		},
		{
			"name": "hexadecagon",
			"from": [4.131, 4.55616, 7.576],
			"to": [4.661, 4.97784, 9.696],
			"rotation": {"angle": -45, "axis": "x", "origin": [4.131, 4.767, 8.636]},
			"faces": {
				"north": {"uv": [12.5, 0.5, 13.5, 1.5], "texture": "#4"},
				"east": {"uv": [12.5, 0.5, 13.5, 1.5], "texture": "#4"},
				"south": {"uv": [12.5, 0.5, 13.5, 1.5], "texture": "#4"},
				"west": {"uv": [12.5, 0.5, 13.5, 1.5], "texture": "#4"},
				"up": {"uv": [12.5, 0.5, 13.5, 1.5], "texture": "#4"},
				"down": {"uv": [12.5, 0.5, 13.5, 1.5], "texture": "#4"}
			}
		},
		{
			"name": "hexadecagon",
			"from": [4.131, 4.55616, 7.576],
			"to": [4.661, 4.97784, 9.696],
			"rotation": {"angle": -22.5, "axis": "x", "origin": [4.131, 4.767, 8.636]},
			"faces": {
				"north": {"uv": [12.5, 0.5, 13.5, 1.5], "texture": "#4"},
				"east": {"uv": [12.5, 0.5, 13.5, 1.5], "texture": "#4"},
				"south": {"uv": [12.5, 0.5, 13.5, 1.5], "texture": "#4"},
				"west": {"uv": [12.5, 0.5, 13.5, 1.5], "texture": "#4"},
				"up": {"uv": [12.5, 0.5, 13.5, 1.5], "texture": "#4"},
				"down": {"uv": [12.5, 0.5, 13.5, 1.5], "texture": "#4"}
			}
		},
		{
			"name": "hexadecagon",
			"from": [4.131, 4.55616, 7.576],
			"to": [4.661, 4.97784, 9.696],
			"faces": {
				"north": {"uv": [12.5, 0.5, 13.5, 1.5], "texture": "#4"},
				"east": {"uv": [12.5, 0.5, 13.5, 1.5], "texture": "#4"},
				"south": {"uv": [12.5, 0.5, 13.5, 1.5], "texture": "#4"},
				"west": {"uv": [12.5, 0.5, 13.5, 1.5], "texture": "#4"},
				"up": {"uv": [12.5, 0.5, 13.5, 1.5], "texture": "#4"},
				"down": {"uv": [12.5, 0.5, 13.5, 1.5], "texture": "#4"}
			}
		},
		{
			"name": "hexadecagon",
			"from": [4.131, 4.55616, 7.576],
			"to": [4.661, 4.97784, 9.696],
			"rotation": {"angle": 22.5, "axis": "x", "origin": [4.131, 4.767, 8.636]},
			"faces": {
				"north": {"uv": [12.5, 0.5, 13.5, 1.5], "texture": "#4"},
				"east": {"uv": [12.5, 0.5, 13.5, 1.5], "texture": "#4"},
				"south": {"uv": [12.5, 0.5, 13.5, 1.5], "texture": "#4"},
				"west": {"uv": [12.5, 0.5, 13.5, 1.5], "texture": "#4"},
				"up": {"uv": [12.5, 0.5, 13.5, 1.5], "texture": "#4"},
				"down": {"uv": [12.5, 0.5, 13.5, 1.5], "texture": "#4"}
			}
		},
		{
			"name": "hexadecagon",
			"from": [4.131, 4.55616, 7.576],
			"to": [4.661, 4.97784, 9.696],
			"rotation": {"angle": 45, "axis": "x", "origin": [4.131, 4.767, 8.636]},
			"faces": {
				"north": {"uv": [12.5, 0.5, 13.5, 1.5], "texture": "#4"},
				"east": {"uv": [12.5, 0.5, 13.5, 1.5], "texture": "#4"},
				"south": {"uv": [12.5, 0.5, 13.5, 1.5], "texture": "#4"},
				"west": {"uv": [12.5, 0.5, 13.5, 1.5], "texture": "#4"},
				"up": {"uv": [12.5, 0.5, 13.5, 1.5], "texture": "#4"},
				"down": {"uv": [12.5, 0.5, 13.5, 1.5], "texture": "#4"}
			}
		},
		{
			"name": "hexadecagon",
			"from": [4.131, 3.707, 8.42516],
			"to": [4.661, 5.827, 8.84684],
			"rotation": {"angle": -22.5, "axis": "x", "origin": [4.131, 4.767, 8.636]},
			"faces": {
				"north": {"uv": [12.5, 0.5, 13.5, 1.5], "texture": "#4"},
				"east": {"uv": [12.5, 0.5, 13.5, 1.5], "texture": "#4"},
				"south": {"uv": [12.5, 0.5, 13.5, 1.5], "texture": "#4"},
				"west": {"uv": [12.5, 0.5, 13.5, 1.5], "texture": "#4"},
				"up": {"uv": [12.5, 0.5, 13.5, 1.5], "texture": "#4"},
				"down": {"uv": [12.5, 0.5, 13.5, 1.5], "texture": "#4"}
			}
		},
		{
			"name": "hexadecagon",
			"from": [4.131, 3.707, 8.42516],
			"to": [4.661, 5.827, 8.84684],
			"faces": {
				"north": {"uv": [12.5, 0.5, 13.5, 1.5], "texture": "#4"},
				"east": {"uv": [12.5, 0.5, 13.5, 1.5], "texture": "#4"},
				"south": {"uv": [12.5, 0.5, 13.5, 1.5], "texture": "#4"},
				"west": {"uv": [12.5, 0.5, 13.5, 1.5], "texture": "#4"},
				"up": {"uv": [12.5, 0.5, 13.5, 1.5], "texture": "#4"},
				"down": {"uv": [12.5, 0.5, 13.5, 1.5], "texture": "#4"}
			}
		},
		{
			"name": "hexadecagon",
			"from": [4.131, 3.707, 8.42516],
			"to": [4.661, 5.827, 8.84684],
			"rotation": {"angle": 22.5, "axis": "x", "origin": [4.131, 4.767, 8.636]},
			"faces": {
				"north": {"uv": [12.5, 0.5, 13.5, 1.5], "texture": "#4"},
				"east": {"uv": [12.5, 0.5, 13.5, 1.5], "texture": "#4"},
				"south": {"uv": [12.5, 0.5, 13.5, 1.5], "texture": "#4"},
				"west": {"uv": [12.5, 0.5, 13.5, 1.5], "texture": "#4"},
				"up": {"uv": [12.5, 0.5, 13.5, 1.5], "texture": "#4"},
				"down": {"uv": [12.5, 0.5, 13.5, 1.5], "texture": "#4"}
			}
		},
		{
			"from": [10.53634, 8.03721, 5.88639],
			"to": [12.65634, 9.09721, 9.33139],
			"faces": {
				"north": {"uv": [8.75, 0, 10.87, 1.06], "texture": "#4"},
				"east": {"uv": [8.25, 0, 11.695, 1.06], "texture": "#4"},
				"south": {"uv": [8.75, 0, 10.87, 1.06], "texture": "#4"},
				"west": {"uv": [8.25, 0, 11.695, 1.06], "texture": "#4"},
				"up": {"uv": [8.25, 0, 11.695, 2.12], "rotation": 90, "texture": "#4"},
				"down": {"uv": [8.25, 0, 11.695, 2.12], "rotation": 90, "texture": "#4"}
			}
		},
		{
			"from": [5.948, 15.26401, 6.90345],
			"to": [10.052, 16.17701, 7.81645],
			"faces": {
				"north": {"uv": [2, 0, 2.889, 4.028], "rotation": 90, "texture": "#4"},
				"east": {"uv": [2, 0, 2.889, 4.028], "rotation": 90, "texture": "#4"},
				"south": {"uv": [2, 0, 2.889, 4.028], "rotation": 90, "texture": "#4"},
				"west": {"uv": [2, 0, 2.889, 4.028], "rotation": 90, "texture": "#4"},
				"up": {"uv": [2, 0, 2.889, 4.028], "rotation": 90, "texture": "#4"},
				"down": {"uv": [2, 0, 2.889, 4.028], "rotation": 90, "texture": "#4"}
			}
		},
		{
			"from": [10.173, 10.2286, 4.37393],
			"to": [10.385, 14.2416, 8.21643],
			"rotation": {"angle": 22.5, "axis": "x", "origin": [8, 6.5451, 9.06443]},
			"faces": {
				"north": {"uv": [8, 16, 0, 8], "texture": "#4"},
				"east": {"uv": [8, 16, 0, 8], "texture": "#4"},
				"south": {"uv": [8, 16, 0, 8], "texture": "#4"},
				"west": {"uv": [8, 16, 0, 8], "texture": "#4"},
				"up": {"uv": [8, 16, 0, 8], "texture": "#4"},
				"down": {"uv": [8, 16, 0, 8], "texture": "#4"}
			}
		},
		{
			"from": [5.615, 10.2286, 4.37393],
			"to": [5.827, 14.2416, 8.21643],
			"rotation": {"angle": 22.5, "axis": "x", "origin": [8, 6.5451, 9.06443]},
			"faces": {
				"north": {"uv": [0, 16, 8, 8], "texture": "#4"},
				"east": {"uv": [0, 16, 8, 8], "texture": "#4"},
				"south": {"uv": [0, 16, 8, 8], "texture": "#4"},
				"west": {"uv": [0, 16, 8, 8], "texture": "#4"},
				"up": {"uv": [0, 16, 8, 8], "texture": "#4"},
				"down": {"uv": [0, 16, 8, 8], "texture": "#4"}
			}
		},
		{
			"from": [5.403, 13.48057, 7.03191],
			"to": [6.039, 15.63857, 7.61491],
			"faces": {
				"north": {"uv": [2, 1.5, 2.583, 3.658], "rotation": 180, "texture": "#4"},
				"east": {"uv": [2, 1.5, 2.583, 3.658], "rotation": 180, "texture": "#4"},
				"south": {"uv": [2, 1.5, 2.583, 3.658], "rotation": 180, "texture": "#4"},
				"west": {"uv": [2, 1.5, 2.583, 3.658], "rotation": 180, "texture": "#4"},
				"up": {"uv": [2, 1.5, 2.583, 3.658], "rotation": 180, "texture": "#4"},
				"down": {"uv": [2, 1.5, 2.583, 3.658], "rotation": 180, "texture": "#4"}
			}
		},
		{
			"from": [9.961, 13.48057, 7.03191],
			"to": [10.597, 15.63857, 7.61491],
			"faces": {
				"north": {"uv": [2.583, 1.5, 2, 3.658], "rotation": 180, "texture": "#4"},
				"east": {"uv": [2.583, 1.5, 2, 3.658], "rotation": 180, "texture": "#4"},
				"south": {"uv": [2.583, 1.5, 2, 3.658], "rotation": 180, "texture": "#4"},
				"west": {"uv": [2.583, 1.5, 2, 3.658], "rotation": 180, "texture": "#4"},
				"up": {"uv": [2.583, 1.5, 2, 3.658], "rotation": 180, "texture": "#4"},
				"down": {"uv": [2.583, 1.5, 2, 3.658], "rotation": 180, "texture": "#4"}
			}
		},
		{
			"from": [5.244, 15.16401, 6.80345],
			"to": [6.198, 16.27701, 7.91645],
			"faces": {
				"north": {"uv": [0, 3, 2, 4.113], "texture": "#4"},
				"east": {"uv": [14, 0, 16, 2], "texture": "#4"},
				"south": {"uv": [0, 3, 2, 4.113], "texture": "#4"},
				"west": {"uv": [14, 0, 16, 2], "texture": "#4"},
				"up": {"uv": [0, 3, 2, 4.113], "texture": "#4"},
				"down": {"uv": [0, 3, 2, 4.113], "texture": "#4"}
			}
		},
		{
			"from": [9.802, 15.16401, 6.80345],
			"to": [10.756, 16.27701, 7.91645],
			"faces": {
				"north": {"uv": [2, 3, 0, 4.113], "texture": "#4"},
				"east": {"uv": [16, 0, 14, 2], "texture": "#4"},
				"south": {"uv": [2, 3, 0, 4.113], "texture": "#4"},
				"west": {"uv": [16, 0, 14, 2], "texture": "#4"},
				"up": {"uv": [2, 3, 0, 4.113], "texture": "#4"},
				"down": {"uv": [2, 3, 0, 4.113], "texture": "#4"}
			}
		},
		{
			"from": [5.403, 14.1886, 4.51493],
			"to": [6.039, 14.7716, 8.06593],
			"rotation": {"angle": 22.5, "axis": "x", "origin": [8, 6.7951, 9.06443]},
			"faces": {
				"north": {"uv": [2, 1.25, 2.583, 4.801], "rotation": 90, "texture": "#4"},
				"east": {"uv": [2, 1.25, 2.583, 4.801], "texture": "#4"},
				"south": {"uv": [2, 1.25, 2.583, 4.801], "rotation": 90, "texture": "#4"},
				"west": {"uv": [2, 1.25, 2.583, 4.801], "texture": "#4"},
				"up": {"uv": [2, 1.25, 2.583, 4.801], "rotation": 90, "texture": "#4"},
				"down": {"uv": [2, 1.25, 2.583, 4.801], "rotation": 90, "texture": "#4"}
			}
		},
		{
			"from": [9.961, 14.1886, 4.51493],
			"to": [10.597, 14.7716, 8.06593],
			"rotation": {"angle": 22.5, "axis": "x", "origin": [8, 6.7951, 9.06443]},
			"faces": {
				"north": {"uv": [2, 4.801, 2.583, 1.25], "rotation": 90, "texture": "#4"},
				"east": {"uv": [2.583, 1.25, 2, 4.801], "texture": "#4"},
				"south": {"uv": [2, 4.801, 2.583, 1.25], "rotation": 90, "texture": "#4"},
				"west": {"uv": [2.583, 1.25, 2, 4.801], "texture": "#4"},
				"up": {"uv": [2, 4.801, 2.583, 1.25], "rotation": 90, "texture": "#4"},
				"down": {"uv": [2, 4.801, 2.583, 1.25], "rotation": 90, "texture": "#4"}
			}
		},
		{
			"from": [5.986, 14.0356, 7.82493],
			"to": [10.014, 14.9246, 8.71393],
			"rotation": {"angle": 22.5, "axis": "x", "origin": [8, 6.7951, 9.06443]},
			"faces": {
				"north": {"uv": [2, 0, 2.889, 4.028], "rotation": 90, "texture": "#4"},
				"east": {"uv": [2, 0, 2.889, 4.028], "rotation": 90, "texture": "#4"},
				"south": {"uv": [2, 0, 2.889, 4.028], "rotation": 90, "texture": "#4"},
				"west": {"uv": [2, 0, 2.889, 4.028], "rotation": 90, "texture": "#4"},
				"up": {"uv": [2, 0, 2.889, 4.028], "rotation": 90, "texture": "#4"},
				"down": {"uv": [2, 0, 2.889, 4.028], "rotation": 90, "texture": "#4"}
			}
		},
		{
			"from": [5.986, 9.4856, 7.82493],
			"to": [10.014, 10.3746, 8.71393],
			"rotation": {"angle": 22.5, "axis": "x", "origin": [8, 6.7951, 9.06443]},
			"faces": {
				"north": {"uv": [2, 0, 2.889, 4.028], "rotation": 90, "texture": "#4"},
				"east": {"uv": [2, 0, 2.889, 4.028], "rotation": 90, "texture": "#4"},
				"south": {"uv": [2, 0, 2.889, 4.028], "rotation": 90, "texture": "#4"},
				"west": {"uv": [2, 0, 2.889, 4.028], "rotation": 90, "texture": "#4"},
				"up": {"uv": [2, 0, 2.889, 4.028], "rotation": 90, "texture": "#4"},
				"down": {"uv": [2, 0, 2.889, 4.028], "rotation": 90, "texture": "#4"}
			}
		},
		{
			"from": [5.403, 9.91033, 10.05623],
			"to": [6.039, 13.93833, 10.63923],
			"rotation": {"angle": 22.5, "axis": "x", "origin": [8, 11.79183, 10.18873]},
			"faces": {
				"north": {"uv": [2, 1, 2.636, 5.028], "texture": "#4"},
				"east": {"uv": [2, 1, 2.636, 5.028], "texture": "#4"},
				"south": {"uv": [2, 1, 2.636, 5.028], "texture": "#4"},
				"west": {"uv": [2, 1, 2.636, 5.028], "texture": "#4"},
				"up": {"uv": [2, 1, 2.636, 5.028], "texture": "#4"},
				"down": {"uv": [2, 1, 2.636, 5.028], "texture": "#4"}
			}
		},
		{
			"from": [9.961, 9.91033, 10.05623],
			"to": [10.597, 13.93833, 10.63923],
			"rotation": {"angle": 22.5, "axis": "x", "origin": [8, 11.79183, 10.18873]},
			"faces": {
				"north": {"uv": [2.636, 1, 2, 5.028], "texture": "#4"},
				"east": {"uv": [2.636, 1, 2, 5.028], "texture": "#4"},
				"south": {"uv": [2.636, 1, 2, 5.028], "texture": "#4"},
				"west": {"uv": [2.636, 1, 2, 5.028], "texture": "#4"},
				"up": {"uv": [2.636, 1, 2, 5.028], "texture": "#4"},
				"down": {"uv": [2.636, 1, 2, 5.028], "texture": "#4"}
			}
		},
		{
			"from": [5.244, 13.9236, 7.78793],
			"to": [6.198, 15.0366, 8.90093],
			"rotation": {"angle": 22.5, "axis": "x", "origin": [8, 6.7951, 9.06443]},
			"faces": {
				"north": {"uv": [0, 3, 2, 4.113], "texture": "#4"},
				"east": {"uv": [14, 0, 16, 2], "texture": "#4"},
				"south": {"uv": [0, 3, 2, 4.113], "texture": "#4"},
				"west": {"uv": [14, 0, 16, 2], "texture": "#4"},
				"up": {"uv": [0, 3, 2, 4.113], "texture": "#4"},
				"down": {"uv": [0, 3, 2, 4.113], "texture": "#4"}
			}
		},
		{
			"from": [9.802, 13.9236, 7.78793],
			"to": [10.756, 15.0366, 8.90093],
			"rotation": {"angle": 22.5, "axis": "x", "origin": [8, 6.7951, 9.06443]},
			"faces": {
				"north": {"uv": [2, 3, 0, 4.113], "texture": "#4"},
				"east": {"uv": [16, 0, 14, 2], "texture": "#4"},
				"south": {"uv": [2, 3, 0, 4.113], "texture": "#4"},
				"west": {"uv": [16, 0, 14, 2], "texture": "#4"},
				"up": {"uv": [2, 3, 0, 4.113], "texture": "#4"},
				"down": {"uv": [2, 3, 0, 4.113], "texture": "#4"}
			}
		},
		{
			"from": [5.244, 9.3836, 7.71293],
			"to": [6.198, 10.4966, 8.82593],
			"rotation": {"angle": 22.5, "axis": "x", "origin": [8, 6.5451, 9.06443]},
			"faces": {
				"north": {"uv": [0, 3, 2, 4.113], "texture": "#4"},
				"east": {"uv": [14, 0, 16, 2], "texture": "#4"},
				"south": {"uv": [0, 3, 2, 4.113], "texture": "#4"},
				"west": {"uv": [14, 0, 16, 2], "texture": "#4"},
				"up": {"uv": [0, 3, 2, 4.113], "texture": "#4"},
				"down": {"uv": [0, 3, 2, 4.113], "texture": "#4"}
			}
		},
		{
			"from": [9.802, 9.3836, 7.71293],
			"to": [10.756, 10.4966, 8.82593],
			"rotation": {"angle": 22.5, "axis": "x", "origin": [8, 6.5451, 9.06443]},
			"faces": {
				"north": {"uv": [2, 3, 0, 4.113], "texture": "#4"},
				"east": {"uv": [16, 0, 14, 2], "texture": "#4"},
				"south": {"uv": [2, 3, 0, 4.113], "texture": "#4"},
				"west": {"uv": [16, 0, 14, 2], "texture": "#4"},
				"up": {"uv": [2, 3, 0, 4.113], "texture": "#4"},
				"down": {"uv": [2, 3, 0, 4.113], "texture": "#4"}
			}
		},
		{
			"from": [5.403, 9.6486, 4.53293],
			"to": [6.039, 10.2316, 7.76593],
			"rotation": {"angle": 22.5, "axis": "x", "origin": [8, 6.5451, 9.06443]},
			"faces": {
				"north": {"uv": [2, 2.5, 2.583, 5.733], "rotation": 90, "texture": "#4"},
				"east": {"uv": [2, 2.5, 2.583, 5.733], "rotation": 90, "texture": "#4"},
				"south": {"uv": [2, 2.5, 2.583, 5.733], "rotation": 90, "texture": "#4"},
				"west": {"uv": [2, 2.5, 2.583, 5.733], "rotation": 90, "texture": "#4"},
				"up": {"uv": [2, 2.5, 2.583, 5.733], "texture": "#4"},
				"down": {"uv": [2, 2.5, 2.583, 5.733], "texture": "#4"}
			}
		},
		{
			"from": [9.961, 9.6486, 4.53293],
			"to": [10.597, 10.2316, 7.76593],
			"rotation": {"angle": 22.5, "axis": "x", "origin": [8, 6.5451, 9.06443]},
			"faces": {
				"north": {"uv": [2, 5.733, 2.583, 2.5], "rotation": 90, "texture": "#4"},
				"east": {"uv": [2, 5.733, 2.583, 2.5], "rotation": 90, "texture": "#4"},
				"south": {"uv": [2, 5.733, 2.583, 2.5], "rotation": 90, "texture": "#4"},
				"west": {"uv": [2, 5.733, 2.583, 2.5], "rotation": 90, "texture": "#4"},
				"up": {"uv": [2.583, 2.5, 2, 5.733], "texture": "#4"},
				"down": {"uv": [2.583, 2.5, 2, 5.733], "texture": "#4"}
			}
		},
		{
			"from": [4.77623, 9.35994, 5.32777],
			"to": [5.30623, 9.88994, 7.97777],
			"rotation": {"angle": 45, "axis": "x", "origin": [5.04123, 9.30694, 6.83827]},
			"faces": {
				"north": {"uv": [2, 0, 2.53, 2.65], "rotation": 90, "texture": "#4"},
				"east": {"uv": [2, 0, 2.53, 2.65], "rotation": 90, "texture": "#4"},
				"south": {"uv": [2, 0, 2.53, 2.65], "rotation": 90, "texture": "#4"},
				"west": {"uv": [2, 0, 2.53, 2.65], "rotation": 90, "texture": "#4"},
				"up": {"uv": [2, 0, 2.53, 2.65], "texture": "#4"},
				"down": {"uv": [2, 0, 2.53, 2.65], "texture": "#4"}
			}
		},
		{
			"from": [10.69377, 9.35994, 5.32777],
			"to": [11.22377, 9.88994, 7.97777],
			"rotation": {"angle": 45, "axis": "x", "origin": [10.95877, 9.30694, 6.83827]},
			"faces": {
				"north": {"uv": [2, 2.65, 2.53, 0], "rotation": 90, "texture": "#4"},
				"east": {"uv": [2, 2.65, 2.53, 0], "rotation": 90, "texture": "#4"},
				"south": {"uv": [2, 2.65, 2.53, 0], "rotation": 90, "texture": "#4"},
				"west": {"uv": [2, 2.65, 2.53, 0], "rotation": 90, "texture": "#4"},
				"up": {"uv": [2.53, 0, 2, 2.65], "texture": "#4"},
				"down": {"uv": [2.53, 0, 2, 2.65], "texture": "#4"}
			}
		},
		{
			"from": [4.74538, 10.16652, 7.7684],
			"to": [5.32838, 10.90852, 8.5104],
			"rotation": {"angle": 45, "axis": "x", "origin": [5.02363, 10.53752, 6.0194]},
			"faces": {
				"north": {"uv": [0, 3, 2, 5], "texture": "#4"},
				"east": {"uv": [14, 0, 16, 2], "texture": "#4"},
				"south": {"uv": [0, 6, 2, 8], "texture": "#4"},
				"west": {"uv": [14, 0, 16, 2], "texture": "#4"},
				"up": {"uv": [0, 3, 2, 5], "texture": "#4"},
				"down": {"uv": [0, 3, 2, 5], "texture": "#4"}
			}
		},
		{
			"from": [10.67162, 10.16652, 7.7684],
			"to": [11.25462, 10.90852, 8.5104],
			"rotation": {"angle": 45, "axis": "x", "origin": [10.97637, 10.53752, 6.0194]},
			"faces": {
				"north": {"uv": [2, 3, 0, 5], "texture": "#4"},
				"east": {"uv": [16, 0, 14, 2], "texture": "#4"},
				"south": {"uv": [2, 6, 0, 8], "texture": "#4"},
				"west": {"uv": [16, 0, 14, 2], "texture": "#4"},
				"up": {"uv": [2, 3, 0, 5], "texture": "#4"},
				"down": {"uv": [2, 3, 0, 5], "texture": "#4"}
			}
		},
		{
			"from": [4.74538, 10.11352, 5.6484],
			"to": [5.32838, 10.85552, 6.3904],
			"rotation": {"angle": 22.5, "axis": "x", "origin": [5.02363, 10.53752, 6.0194]},
			"faces": {
				"north": {"uv": [0, 3, 2, 5], "texture": "#4"},
				"east": {"uv": [14, 0, 16, 2], "texture": "#4"},
				"south": {"uv": [0, 6, 2, 8], "texture": "#4"},
				"west": {"uv": [14, 0, 16, 2], "texture": "#4"},
				"up": {"uv": [0, 3, 2, 5], "texture": "#4"},
				"down": {"uv": [0, 3, 2, 5], "texture": "#4"}
			}
		},
		{
			"from": [10.67162, 10.11352, 5.6484],
			"to": [11.25462, 10.85552, 6.3904],
			"rotation": {"angle": 22.5, "axis": "x", "origin": [10.97637, 10.53752, 6.0194]},
			"faces": {
				"north": {"uv": [2, 3, 0, 5], "texture": "#4"},
				"east": {"uv": [16, 0, 14, 2], "texture": "#4"},
				"south": {"uv": [2, 6, 0, 8], "texture": "#4"},
				"west": {"uv": [16, 0, 14, 2], "texture": "#4"},
				"up": {"uv": [2, 3, 0, 5], "texture": "#4"},
				"down": {"uv": [2, 3, 0, 5], "texture": "#4"}
			}
		},
		{
			"from": [4.77623, 10.25727, 1.67743],
			"to": [5.30623, 10.78727, 6.18243],
			"faces": {
				"north": {"uv": [2, 0, 2.53, 4.505], "rotation": 90, "texture": "#4"},
				"east": {"uv": [2, 0, 2.53, 4.505], "rotation": 90, "texture": "#4"},
				"south": {"uv": [2, 0, 2.53, 4.505], "rotation": 90, "texture": "#4"},
				"west": {"uv": [2, 0, 2.53, 4.505], "rotation": 90, "texture": "#4"},
				"up": {"uv": [2, 0, 2.53, 4.505], "texture": "#4"},
				"down": {"uv": [2, 0, 2.53, 4.505], "texture": "#4"}
			}
		},
		{
			"from": [10.69377, 10.25727, 1.67743],
			"to": [11.22377, 10.78727, 6.18243],
			"faces": {
				"north": {"uv": [2, 4.505, 2.53, 0], "rotation": 90, "texture": "#4"},
				"east": {"uv": [2, 4.505, 2.53, 0], "rotation": 90, "texture": "#4"},
				"south": {"uv": [2, 4.505, 2.53, 0], "rotation": 90, "texture": "#4"},
				"west": {"uv": [2, 4.505, 2.53, 0], "rotation": 90, "texture": "#4"},
				"up": {"uv": [2.53, 0, 2, 4.505], "texture": "#4"},
				"down": {"uv": [2.53, 0, 2, 4.505], "texture": "#4"}
			}
		},
		{
			"from": [4.75277, 10.17392, 1.40841],
			"to": [5.33577, 10.91592, 2.15041],
			"faces": {
				"north": {"uv": [0, 3, 2, 5], "texture": "#4"},
				"east": {"uv": [14, 0, 16, 2], "texture": "#4"},
				"south": {"uv": [0, 6, 2, 8], "texture": "#4"},
				"west": {"uv": [14, 0, 16, 2], "texture": "#4"},
				"up": {"uv": [0, 3, 2, 5], "texture": "#4"},
				"down": {"uv": [0, 3, 2, 5], "texture": "#4"}
			}
		},
		{
			"from": [10.66423, 10.17392, 1.40841],
			"to": [11.24723, 10.91592, 2.15041],
			"faces": {
				"north": {"uv": [2, 3, 0, 5], "texture": "#4"},
				"east": {"uv": [16, 0, 14, 2], "texture": "#4"},
				"south": {"uv": [2, 6, 0, 8], "texture": "#4"},
				"west": {"uv": [16, 0, 14, 2], "texture": "#4"},
				"up": {"uv": [2, 3, 0, 5], "texture": "#4"},
				"down": {"uv": [2, 3, 0, 5], "texture": "#4"}
			}
		},
		{
			"from": [4.77621, 9.15571, -2.37654],
			"to": [5.30621, 9.68571, 2.12846],
			"rotation": {"angle": -22.5, "axis": "x", "origin": [5.04121, 9.10271, -0.86604]},
			"faces": {
				"north": {"uv": [2, 0, 2.53, 4.505], "rotation": 90, "texture": "#4"},
				"east": {"uv": [2, 0, 2.53, 4.505], "rotation": 90, "texture": "#4"},
				"south": {"uv": [2, 0, 2.53, 4.505], "rotation": 90, "texture": "#4"},
				"west": {"uv": [2, 0, 2.53, 4.505], "rotation": 90, "texture": "#4"},
				"up": {"uv": [2, 0, 2.53, 4.505], "rotation": 90, "texture": "#4"},
				"down": {"uv": [2, 0, 2.53, 4.505], "texture": "#4"}
			}
		},
		{
			"from": [10.69379, 9.15571, -2.37654],
			"to": [11.22379, 9.68571, 2.12846],
			"rotation": {"angle": -22.5, "axis": "x", "origin": [10.95879, 9.10271, -0.86604]},
			"faces": {
				"north": {"uv": [2, 4.505, 2.53, 0], "rotation": 90, "texture": "#4"},
				"east": {"uv": [2, 4.505, 2.53, 0], "rotation": 90, "texture": "#4"},
				"south": {"uv": [2, 4.505, 2.53, 0], "rotation": 90, "texture": "#4"},
				"west": {"uv": [2, 4.505, 2.53, 0], "rotation": 90, "texture": "#4"},
				"up": {"uv": [2, 4.505, 2.53, 0], "rotation": 90, "texture": "#4"},
				"down": {"uv": [2.53, 0, 2, 4.505], "texture": "#4"}
			}
		},
		{
			"from": [4.75488, 9.05678, -2.48444],
			"to": [5.33788, 9.79878, -1.74244],
			"rotation": {"angle": -22.5, "axis": "x", "origin": [5.04638, 9.10978, -0.86794]},
			"faces": {
				"north": {"uv": [0, 3, 2, 5], "texture": "#4"},
				"east": {"uv": [14, 0, 16, 2], "texture": "#4"},
				"south": {"uv": [0, 6, 2, 8], "texture": "#4"},
				"west": {"uv": [14, 0, 16, 2], "texture": "#4"},
				"up": {"uv": [0, 3, 2, 5], "texture": "#4"},
				"down": {"uv": [0, 3, 2, 5], "texture": "#4"}
			}
		},
		{
			"from": [10.66212, 9.05678, -2.48444],
			"to": [11.24512, 9.79878, -1.74244],
			"rotation": {"angle": -22.5, "axis": "x", "origin": [10.95362, 9.10978, -0.86794]},
			"faces": {
				"north": {"uv": [2, 3, 0, 5], "texture": "#4"},
				"east": {"uv": [16, 0, 14, 2], "texture": "#4"},
				"south": {"uv": [2, 6, 0, 8], "texture": "#4"},
				"west": {"uv": [16, 0, 14, 2], "texture": "#4"},
				"up": {"uv": [2, 3, 0, 5], "texture": "#4"},
				"down": {"uv": [2, 3, 0, 5], "texture": "#4"}
			}
		},
		{
			"from": [3.34366, 8.03721, 5.88639],
			"to": [5.46366, 9.09721, 9.33139],
			"faces": {
				"north": {"uv": [10.87, 0, 8.75, 1.06], "texture": "#4"},
				"east": {"uv": [11.695, 0, 8.25, 1.06], "texture": "#4"},
				"south": {"uv": [10.87, 0, 8.75, 1.06], "texture": "#4"},
				"west": {"uv": [11.695, 0, 8.25, 1.06], "texture": "#4"},
				"up": {"uv": [8.25, 2.12, 11.695, 0], "rotation": 90, "texture": "#4"},
				"down": {"uv": [8.25, 2.12, 11.695, 0], "rotation": 90, "texture": "#4"}
			}
		},
		{
			"name": "zcube",
			"from": [7.47, 16.5471, 7.47],
			"to": [8.53, 21.0521, 8.53],
			"rotation": {"angle": 0, "axis": "y", "origin": [8, 8, 8.47]},
			"faces": {
				"north": {"uv": [10.5, 10.25, 11.5, 14.755], "texture": "#4"},
				"east": {"uv": [10.5, 10.25, 11.5, 14.755], "texture": "#4"},
				"south": {"uv": [10.5, 10.25, 11.5, 14.755], "texture": "#4"},
				"west": {"uv": [10.5, 10.25, 11.5, 14.755], "texture": "#4"},
				"up": {"uv": [14.5, 0.5, 15.5, 1.505], "texture": "#4"},
				"down": {"uv": [10.5, 10.25, 11.5, 14.755], "texture": "#4"}
			}
		},
		{
			"from": [-10, 18, -10],
			"to": [26, 20, 26],
			"rotation": {"angle": 0, "axis": "y", "origin": [16, 4, 16]},
			"faces": {
				"up": {"uv": [0, 0, 16, 16], "texture": "#5"},
				"down": {"uv": [0, 0, 16, 16], "texture": "#5"}
			}
		}
	],
	"display": {
		"thirdperson_righthand": {
			"rotation": [0, -2, 0]
		},
		"gui": {
			"rotation": [45, 145, 0],
			"translation": [-0.75, -1.75, 0],
			"scale": [0.5, 0.5, 0.5]
		},
		"head": {
			"translation": [0, -26.5, 1.75],
			"scale": [4, 4, 4]
		}
	},
	"groups": [
		{
			"name": "seat",
			"origin": [8, 8, 8],
			"children": [0, 1, 2, 3, 4]
		}, 5, 6, 7, 8, 9, 10, 11, 12, 13, 14, 15, 16, 17, 18, 19, 20, 21, 22,
		{
			"name": "hexadecagon",
			"origin": [8, 8, 8],
			"children": [23, 24, 25, 26, 27, 28, 29, 30]
		}, 31, 32, 33, 34, 35, 36, 37, 38, 39, 40, 41, 42, 43, 44, 45, 46, 47, 48, 49, 50, 51, 52, 53, 54, 55, 56, 57, 58, 59, 60, 61, 62, 63, 64, 65, 66, 67, 68, 69, 70, 71, 72, 73, 74, 75, 76, 77, 78, 79, 80,
		{
			"name": "wheel",
			"origin": [8, 8, 8],
			"children": [81, 82, 83, 84, 85, 86, 87, 88]
		},
		{
			"name": "wheel",
			"origin": [8, 8, 8],
			"children": [89, 90, 91, 92, 93, 94, 95, 96]
		}, 97, 98, 99, 100, 101, 102, 103, 104, 105, 106, 107, 108, 109, 110, 111, 112, 113, 114, 115, 116, 117, 118, 119, 120, 121, 122, 123, 124, 125, 126, 127, 128, 129, 130, 131, 132, 133]
}