{
	"credit": "Made with Blockbench",
	"texture_size": [32, 32],
	"textures": {
		"0": "#bfmk"
	},
	"elements": [
		{
			"from": [0, 0, 0],
			"to": [16, 16, 16],
			"faces": {
				"north": {"uv": [0, 0, 8, 8], "texture": "#0"},
				"east": {"uv": [8, 0, 16, 8], "texture": "#0"},
				"south": {"uv": [8, 0, 16, 8], "texture": "#0"},
				"west": {"uv": [8, 0, 16, 8], "texture": "#0"},
				"up": {"uv": [0, 8, 8, 16], "texture": "#0"},
				"down": {"uv": [0, 8, 8, 16], "texture": "#0"}
			}
		},
		{
			"from": [4, 16, 4],
			"to": [12, 24, 12],
			"rotation": {"angle": 0, "axis": "y", "origin": [8, 16.5, 8]},
			"faces": {
				"north": {"uv": [8, 8, 12, 12], "texture": "#0"},
				"east": {"uv": [8, 8, 12, 12], "texture": "#0"},
				"south": {"uv": [8, 8, 12, 12], "texture": "#0"},
				"west": {"uv": [8, 8, 12, 12], "texture": "#0"},
				"up": {"uv": [8, 12, 12, 16], "texture": "#0"},
				"down": {"uv": [8, 12, 12, 16], "texture": "#0"}
			}
		},
		{
			"from": [4.99468, 24.00184, 4.00348],
			"to": [10.99468, 25.00184, 5.00348],
			"rotation": {"angle": 0, "axis": "y", "origin": [8.47018, 24.50704, 4.47381]},
			"faces": {
				"north": {"uv": [2.5, 0, 5.5, 0.5], "rotation": 180, "texture": "#0"},
				"east": {"uv": [0, 3.5, 0.5, 4], "texture": "#0"},
				"south": {"uv": [2.5, 0, 5.5, 0.5], "texture": "#0"},
				"west": {"uv": [0, 0, 0.5, 0.5], "texture": "#0"},
				"up": {"uv": [0, 2.5, 0.5, 5.5], "rotation": 270, "texture": "#0"},
				"down": {"uv": [0, 2, 0.5, 5], "rotation": 270, "texture": "#0"}
			}
		},
		{
			"from": [5.00532, 24.00184, 10.99652],
			"to": [11.00532, 25.00184, 11.99652],
			"rotation": {"angle": 0, "axis": "y", "origin": [7.52982, 24.50704, 11.52619]},
			"faces": {
				"north": {"uv": [2.5, 0, 5.5, 0.5], "texture": "#0"},
				"east": {"uv": [0, 0, 0.5, 0.5], "texture": "#0"},
				"south": {"uv": [2.5, 0, 5.5, 0.5], "rotation": 180, "texture": "#0"},
				"west": {"uv": [0, 3.5, 0.5, 4], "texture": "#0"},
				"up": {"uv": [0.5, 5.5, 0, 2.5], "rotation": 270, "texture": "#0"},
				"down": {"uv": [0.5, 5, 0, 2], "rotation": 270, "texture": "#0"}
			}
		},
		{
			"from": [4, 24, 4],
			"to": [5, 25, 12],
			"rotation": {"angle": 0, "axis": "y", "origin": [-3, 32, 4]},
			"faces": {
				"north": {"uv": [0, 3.5, 0.5, 4], "texture": "#0"},
				"east": {"uv": [2, 0, 6, 0.5], "rotation": 180, "texture": "#0"},
				"south": {"uv": [0, 3.5, 0.5, 4], "texture": "#0"},
				"west": {"uv": [2, 0, 6, 0.5], "texture": "#0"},
				"up": {"uv": [0.5, 6, 0, 2], "rotation": 180, "texture": "#0"},
				"down": {"uv": [0.5, 6, 0, 2], "texture": "#0"}
			}
		},
		{
			"from": [11, 24, 4],
			"to": [12, 25, 12],
			"rotation": {"angle": 0, "axis": "y", "origin": [19, 32, 12]},
			"faces": {
				"north": {"uv": [0, 3.5, 0.5, 4], "texture": "#0"},
				"east": {"uv": [2, 0, 6, 0.5], "texture": "#0"},
				"south": {"uv": [0, 3.5, 0.5, 4], "texture": "#0"},
				"west": {"uv": [2, 0, 6, 0.5], "rotation": 180, "texture": "#0"},
				"up": {"uv": [0, 2, 0.5, 6], "rotation": 180, "texture": "#0"},
				"down": {"uv": [0, 2, 0.5, 6], "texture": "#0"}
			}
		},
		{
			"from": [5, 23.25, 5],
			"to": [11, 24.25, 11],
			"rotation": {"angle": 0, "axis": "y", "origin": [13, 31.25, 13]},
			"faces": {
				"north": {"uv": [0, 0, 3, 0.5], "texture": "#0"},
				"east": {"uv": [0, 0, 3, 0.5], "texture": "#0"},
				"south": {"uv": [0, 0, 3, 0.5], "texture": "#0"},
				"west": {"uv": [0, 0, 3, 0.5], "texture": "#0"},
				"up": {"uv": [8.5, 12.5, 11.5, 15.5], "texture": "#0"},
				"down": {"uv": [8.5, 12.5, 11.5, 15.5], "texture": "#0"}
			}
		}
	],
	"display": {
		"thirdperson_righthand": {
			"rotation": [41, 0, 0],
			"scale": [0.4, 0.4, 0.4]
		},
		"firstperson_righthand": {
			"scale": [0.4, 0.4, 0.4]
		},
		"ground": {
			"scale": [0.4, 0.4, 0.4]
		},
		"gui": {
			"rotation": [35, 141, 0],
			"translation": [0, -0.25, 0],
			"scale": [0.5, 0.5, 0.5]
		},
		"head": {
			"translation": [0, -30.43, 0],
			"scale": [1.605, 1.605, 1.605]
		},
		"fixed": {
			"scale": [0.4, 0.4, 0.4]
		}
	}
}