{
	"credit": "Made with Blockbench",
	"textures": {
		"1": "w3e:vehicle/hover/hover"
	},
	"elements": [
		{
			"from": [6, 6, 5.1],
			"to": [10, 10, 10.9],
			"rotation": {"angle": 0, "axis": "x", "origin": [7.23605, 8.01047, 8.4035]},
			"faces": {
				"north": {"uv": [12, 2, 16, 6], "texture": "#1"},
				"east": {"uv": [8, 0, 12, 8], "rotation": 90, "texture": "#1"},
				"south": {"uv": [12, 2, 16, 6], "texture": "#1"},
				"west": {"uv": [8, 0, 12, 8], "rotation": 90, "texture": "#1"},
				"up": {"uv": [8, 0, 12, 8], "texture": "#1"},
				"down": {"uv": [8, 0, 12, 8], "texture": "#1"}
			}
		}
	],
	"display": {
		"thirdperson_righthand": {
			"rotation": [33, 24, 0]
		},
		"firstperson_righthand": {
			"rotation": [41, 33, 0]
		},
		"gui": {
			"rotation": [45, -45, 0],
			"scale": [1.5, 1.5, 1.5]
		},
		"head": {
			"rotation": [0, 1, 0],
			"translation": [0, -36.5, 0],
			"scale": [2.6, 2.6, 2.6]
		},
		"fixed": {
			"rotation": [0, 90, 0],
			"scale": [2.6, 2.6, 2.6]
		}
	}
}