{
	"credit": "Made with Blockbench",
	"textures": {
		"0": "w3e:vehicle/item/plate_hardened_iron",
		"1": "w3e:vehicle/item/minimotor",
		"2": "w3e:vehicle/block/someparts",
		"particle": "w3e:vehicle/item/plate_hardened_iron"
	},
	"elements": [
		{
			"from": [4.5, 4.5, 4.5],
			"to": [11.5, 11.5, 11.5],
			"rotation": {"angle": 0, "axis": "y", "origin": [7, 10, 8]},
			"faces": {
				"north": {"uv": [3, 3, 13, 13], "texture": "#0"},
				"east": {"uv": [3, 3, 13, 13], "texture": "#0"},
				"south": {"uv": [3, 3, 13, 13], "texture": "#0"},
				"west": {"uv": [3, 3, 13, 13], "texture": "#0"},
				"up": {"uv": [3, 3, 13, 13], "texture": "#0"},
				"down": {"uv": [3, 3, 13, 13], "texture": "#0"}
			}
		},
		{
			"from": [5.75, 5.75, 10.5],
			"to": [10.25, 10.25, 15.5],
			"rotation": {"angle": 0, "axis": "y", "origin": [7, 10, 8]},
			"faces": {
				"north": {"uv": [6, 1, 10, 5], "texture": "#1"},
				"east": {"uv": [6, 1, 10, 5], "texture": "#1"},
				"south": {"uv": [12, 0, 14, 2], "texture": "#2"},
				"west": {"uv": [6, 1, 10, 5], "texture": "#1"},
				"up": {"uv": [6, 1, 10, 5], "texture": "#1"},
				"down": {"uv": [6, 1, 10, 5], "texture": "#1"}
			}
		},
		{
			"from": [3.56802, 9.93198, 6.75],
			"to": [6.06802, 12.43198, 9.25],
			"rotation": {"angle": 45, "axis": "z", "origin": [4.81802, 11.18198, 8]},
			"faces": {
				"north": {"uv": [6, 1, 10, 5], "rotation": 270, "texture": "#1"},
				"east": {"uv": [6, 1, 10, 5], "rotation": 180, "texture": "#1"},
				"south": {"uv": [6, 1, 10, 5], "rotation": 90, "texture": "#1"},
				"west": {"uv": [6, 1, 10, 5], "texture": "#1"},
				"up": {"uv": [12, 0, 14, 2], "rotation": 90, "texture": "#2"},
				"down": {"uv": [6, 1, 10, 5], "rotation": 90, "texture": "#1"}
			}
		},
		{
			"from": [3.56802, 3.56802, 6.75],
			"to": [6.06802, 6.06802, 9.25],
			"rotation": {"angle": -45, "axis": "z", "origin": [4.81802, 4.81802, 8]},
			"faces": {
				"north": {"uv": [10, 1, 6, 5], "rotation": 270, "texture": "#1"},
				"east": {"uv": [6, 5, 10, 1], "rotation": 180, "texture": "#1"},
				"south": {"uv": [10, 1, 6, 5], "rotation": 90, "texture": "#1"},
				"west": {"uv": [6, 5, 10, 1], "texture": "#1"},
				"up": {"uv": [10, 1, 6, 5], "rotation": 90, "texture": "#1"},
				"down": {"uv": [14, 0, 12, 2], "rotation": 90, "texture": "#2"}
			}
		},
		{
			"from": [9.93198, 9.93198, 6.75],
			"to": [12.43198, 12.43198, 9.25],
			"rotation": {"angle": -45, "axis": "z", "origin": [11.18198, 11.18198, 8]},
			"faces": {
				"north": {"uv": [6, 5, 10, 1], "rotation": 270, "texture": "#1"},
				"east": {"uv": [10, 1, 6, 5], "texture": "#1"},
				"south": {"uv": [6, 5, 10, 1], "rotation": 90, "texture": "#1"},
				"west": {"uv": [10, 1, 6, 5], "rotation": 180, "texture": "#1"},
				"up": {"uv": [12, 2, 14, 0], "rotation": 90, "texture": "#2"},
				"down": {"uv": [6, 5, 10, 1], "rotation": 90, "texture": "#1"}
			}
		},
		{
			"from": [9.93198, 3.56802, 6.75],
			"to": [12.43198, 6.06802, 9.25],
			"rotation": {"angle": 45, "axis": "z", "origin": [11.18198, 4.81802, 8]},
			"faces": {
				"north": {"uv": [10, 5, 6, 1], "rotation": 270, "texture": "#1"},
				"east": {"uv": [10, 5, 6, 1], "texture": "#1"},
				"south": {"uv": [10, 5, 6, 1], "rotation": 90, "texture": "#1"},
				"west": {"uv": [10, 5, 6, 1], "rotation": 180, "texture": "#1"},
				"up": {"uv": [10, 5, 6, 1], "rotation": 90, "texture": "#1"},
				"down": {"uv": [14, 2, 12, 0], "rotation": 90, "texture": "#2"}
			}
		}
	],
	"display": {
		"thirdperson_righthand": {
			"rotation": [15, 25, 0],
			"scale": [0.7, 0.7, 0.7]
		},
		"firstperson_righthand": {
			"rotation": [25, 15, 0]
		},
		"ground": {
			"scale": [0.75, 0.75, 0.75]
		},
		"gui": {
			"rotation": [45, 145, 0],
			"translation": [0, 0.5, 0]
		},
		"head": {
			"rotation": [-90, 0, 0],
			"translation": [0, -37.5, 0],
			"scale": [1.3, 1.3, 1.3]
		},
		"fixed": {
			"rotation": [0, 90, 0],
			"translation": [-2, 0, 0]
		}
	}
}