{
	"credit": "Made with Blockbench",
	"textures": {
		"0": "w3e:vehicle/item/advanced_hardened_iron_part",
		"particle": "w3e:vehicle/item/advanced_hardened_iron_part"
	},
	"elements": [
		{
			"from": [5.5, 5.5, 5.5],
			"to": [10.5, 10.5, 10.5],
			"rotation": {"angle": 0, "axis": "y", "origin": [8, 9, 9]},
			"faces": {
				"north": {"uv": [2, 2, 14, 14], "texture": "#0"},
				"east": {"uv": [2, 2, 14, 14], "texture": "#0"},
				"south": {"uv": [2, 2, 14, 14], "texture": "#0"},
				"west": {"uv": [2, 2, 14, 14], "texture": "#0"},
				"up": {"uv": [2, 2, 14, 14], "texture": "#0"},
				"down": {"uv": [2, 2, 14, 14], "texture": "#0"}
			}
		}
	],
	"display": {
		"gui": {
			"rotation": [45, 45, 0],
			"scale": [1.3, 1.3, 1.3]
		},
		"head": {
			"scale": [2, 2, 2]
		}
	}
}