{
	"credit": "Made with Blockbench",
	"textures": {
		"1": "w3e:vehicle/item/minimotor",
		"particle": "w3e:vehicle/item/plate_hardened_iron"
	},
	"elements": [
		{
			"from": [6, 3.91667, 6],
			"to": [10, 7.91667, 10],
			"rotation": {"angle": 0, "axis": "y", "origin": [8, 1.91667, 8]},
			"faces": {
				"north": {"uv": [4, 7, 12, 15], "rotation": 90, "texture": "#1"},
				"east": {"uv": [4, 7, 12, 15], "rotation": 180, "texture": "#1"},
				"south": {"uv": [4, 7, 12, 15], "rotation": 270, "texture": "#1"},
				"west": {"uv": [4, 7, 12, 15], "texture": "#1"},
				"up": {"uv": [4, 7, 12, 15], "rotation": 270, "texture": "#1"},
				"down": {"uv": [4, 7, 12, 15], "rotation": 270, "texture": "#1"}
			}
		},
		{
			"from": [6.5, 7.91667, 6.5],
			"to": [9.5, 8.91667, 9.5],
			"rotation": {"angle": 0, "axis": "y", "origin": [8, 1.91667, 8]},
			"faces": {
				"north": {"uv": [5, 5, 11, 7], "texture": "#1"},
				"east": {"uv": [5, 5, 11, 7], "texture": "#1"},
				"south": {"uv": [5, 5, 11, 7], "texture": "#1"},
				"west": {"uv": [5, 5, 11, 7], "texture": "#1"},
				"up": {"uv": [4, 7, 12, 15], "rotation": 270, "texture": "#1"},
				"down": {"uv": [4, 7, 12, 15], "rotation": 270, "texture": "#1"}
			}
		},
		{
			"from": [7.25, 8.91667, 7.25],
			"to": [8.75, 10.41667, 8.75],
			"rotation": {"angle": 0, "axis": "y", "origin": [8, 1.91667, 8]},
			"faces": {
				"north": {"uv": [6, 1, 10, 5], "rotation": 90, "texture": "#1"},
				"east": {"uv": [6, 1, 10, 5], "rotation": 180, "texture": "#1"},
				"south": {"uv": [6, 1, 10, 5], "rotation": 270, "texture": "#1"},
				"west": {"uv": [6, 1, 10, 5], "texture": "#1"},
				"up": {"uv": [6, 1, 10, 5], "rotation": 270, "texture": "#1"},
				"down": {"uv": [6, 1, 10, 5], "rotation": 270, "texture": "#1"}
			}
		}
	],
	"display": {
		"thirdperson_righthand": {
			"translation": [0, 1.5, 0.25],
			"scale": [0.7, 0.7, 0.7]
		},
		"firstperson_righthand": {
			"rotation": [25, 45, 0],
			"translation": [0, 0.75, -1.25]
		},
		"ground": {
			"scale": [0.85, 0.85, 0.85]
		},
		"gui": {
			"rotation": [45, 45, 0],
			"translation": [0, 0.5, 0]
		},
		"head": {
			"translation": [0, -35, 0],
			"scale": [1.5, 1.5, 1.5]
		}
	}
}