{
	"credit": "Made with Blockbench",
	"texture_size": [64, 64],
	"textures": {
		"0": "w3e:vehicle/item/remote1",
		"particle": "w3e:vehicle/item/remote1"
	},
	"elements": [
		{
			"from": [0.5, -1, 5.5],
			"to": [15.5, 19, 10.5],
			"rotation": {"angle": 0, "axis": "y", "origin": [15.5, 15, 13.5]},
			"faces": {
				"north": {"uv": [1.25, 8.75, 5, 13.75], "texture": "#0"},
				"east": {"uv": [0, 1.25, 1.25, 6.25], "texture": "#0"},
				"south": {"uv": [10, 1.25, 6.25, 6.25], "texture": "#0"},
				"west": {"uv": [5, 1.25, 6.25, 6.25], "texture": "#0"},
				"up": {"uv": [1.25, 0, 5, 1.25], "rotation": 180, "texture": "#0"},
				"down": {"uv": [1.25, 6.25, 5, 7.5], "texture": "#0"}
			}
		},
		{
			"from": [11.5, 18, 6.5],
			"to": [14.5, 26, 9.5],
			"rotation": {"angle": 0, "axis": "y", "origin": [4.5, 16.5, 7.5]},
			"faces": {
				"north": {"uv": [14.5, 6.25, 15.25, 8.25], "texture": "#0"},
				"east": {"uv": [13.75, 6.25, 14.5, 8.25], "texture": "#0"},
				"south": {"uv": [15.25, 6.25, 14.5, 8.25], "texture": "#0"},
				"west": {"uv": [15.25, 6.25, 16, 8.25], "texture": "#0"},
				"up": {"uv": [14.5, 5.5, 15.25, 6.25], "rotation": 180, "texture": "#0"},
				"down": {"uv": [0, 0, 0.75, 0.75], "texture": "#0"}
			}
		}
	],
	"display": {
		"thirdperson_righthand": {
			"rotation": [0, 122, 0],
			"translation": [-0.5, 1.5, 0],
			"scale": [0.3, 0.3, 0.3]
		},
		"firstperson_righthand": {
			"rotation": [-10, 125, 0],
			"translation": [1.5, 3, 0],
			"scale": [0.4, 0.4, 0.4]
		},
		"ground": {
			"translation": [0, 1.5, 0],
			"scale": [0.3, 0.3, 0.3]
		},
		"gui": {
			"rotation": [0, 145, 0],
			"translation": [0, -2.25, 0],
			"scale": [0.5, 0.5, 0.5]
		},
		"head": {
			"scale": [0.3, 0.3, 0.3]
		},
		"fixed": {
			"scale": [0.5, 0.5, 0.5]
		}
	}
}