{
	"credit": "Made with Blockbench",
	"textures": {
		"0": "w3e:vehicle/item/spraying_can",
		"particle": "w3e:vehicle/item/spraying_can"
	},
	"elements": [
		{
			"from": [5, 2.25, 5],
			"to": [11, 11.25, 11],
			"rotation": {"angle": 0, "axis": "y", "origin": [7, 9, 9]},
			"faces": {
				"north": {"uv": [0, 0, 6, 9], "texture": "#0"},
				"east": {"uv": [0, 0, 6, 9], "texture": "#0"},
				"south": {"uv": [0, 0, 6, 9], "texture": "#0"},
				"west": {"uv": [0, 0, 6, 9], "texture": "#0"},
				"up": {"uv": [6, 10, 12, 16], "texture": "#0"},
				"down": {"uv": [0, 10, 6, 16], "texture": "#0"}
			}
		},
		{
			"from": [6.48604, 10.25, 6.51399],
			"to": [9.48604, 14.25, 9.51399],
			"rotation": {"angle": 0, "axis": "y", "origin": [7.99302, 11.99999, 8.00699]},
			"faces": {
				"north": {"uv": [10, 0, 13, 4], "texture": "#0"},
				"east": {"uv": [13, 0, 16, 4], "texture": "#0"},
				"south": {"uv": [13, 0, 16, 4], "texture": "#0"},
				"west": {"uv": [13, 0, 16, 4], "texture": "#0"},
				"up": {"uv": [10, 4, 13, 7], "rotation": 180, "texture": "#0"},
				"down": {"uv": [13, 4, 16, 7], "rotation": 180, "texture": "#0"}
			}
		}
	],
	"display": {
		"thirdperson_righthand": {
			"rotation": [0, -15, 0],
			"translation": [0, 0, 0.25],
			"scale": [0.5, 0.5, 0.5]
		},
		"firstperson_righthand": {
			"rotation": [0, -8.5, 0],
			"translation": [8, 0, 2.25],
			"scale": [0.7, 0.7, 0.7]
		},
		"ground": {
			"scale": [0.5, 0.5, 0.5]
		},
		"gui": {
			"rotation": [35, 145, 0]
		}
	}
}